"site","mean_value","id","zip"
1,-1.94025536378225e-12,5161,96714
2,-1.94025536378225e-12,5161,96714
3,-1.94025536378225e-12,5161,96714
4,-1.94025536378225e-12,5161,96714
5,-1.94025536378225e-12,5161,96714
6,-25.4176179652733,5161,96714
7,-1.94025536378225e-12,5161,96714
8,-1.94025536378225e-12,5161,96714
9,-1.94025536378225e-12,5161,96714
10,-1.94025536378225e-12,5161,96714
11,-1.94025536378225e-12,5161,96714
12,-1.94025536378225e-12,5161,96714
13,-1.94025536378225e-12,5161,96714
14,-1.94025536378225e-12,5161,96714
15,-1.94025536378225e-12,5161,96714
16,-1.94025536378225e-12,5161,96714
17,-1.94025536378225e-12,5161,96714
18,-1.94025536378225e-12,5161,96714
19,-1.94025536378225e-12,5161,96714
20,-1.94025536378225e-12,5161,96714
21,-1.94025536378225e-12,5161,96714
22,-1.94025536378225e-12,5161,96714
23,-25.4176179652733,5161,96714
1,-1.01863406598568e-11,5162,96766
2,-1.01863406598568e-11,5162,96766
3,-1.01863406598568e-11,5162,96766
4,-1.01863406598568e-11,5162,96766
5,-1.01863406598568e-11,5162,96766
6,-1.01863406598568e-11,5162,96766
7,-1.01863406598568e-11,5162,96766
8,-1.01863406598568e-11,5162,96766
9,-1.01863406598568e-11,5162,96766
10,-1.01863406598568e-11,5162,96766
11,-1.01863406598568e-11,5162,96766
12,-1.01863406598568e-11,5162,96766
13,-1.01863406598568e-11,5162,96766
14,-33.9319532831966,5162,96766
15,-1.01863406598568e-11,5162,96766
16,-1.01863406598568e-11,5162,96766
17,-1.01863406598568e-11,5162,96766
18,-1.01863406598568e-11,5162,96766
19,-1.01863406598568e-11,5162,96766
20,-1.01863406598568e-11,5162,96766
21,-1.01863406598568e-11,5162,96766
22,-1.01863406598568e-11,5162,96766
23,-33.9319532831966,5162,96766
1,1.94025536378225e-12,16,96744
2,1.94025536378225e-12,16,96744
3,1.94025536378225e-12,16,96744
4,1.94025536378225e-12,16,96744
5,1.94025536378225e-12,16,96744
6,1.94025536378225e-12,16,96744
7,1.94025536378225e-12,16,96744
8,1.94025536378225e-12,16,96744
9,1.94025536378225e-12,16,96744
10,1.94025536378225e-12,16,96744
11,1.94025536378225e-12,16,96744
12,1.94025536378225e-12,16,96744
13,1.94025536378225e-12,16,96744
14,1.94025536378225e-12,16,96744
15,-30.6404252475928,16,96744
16,1.94025536378225e-12,16,96744
17,1.94025536378225e-12,16,96744
18,1.94025536378225e-12,16,96744
19,1.94025536378225e-12,16,96744
20,1.94025536378225e-12,16,96744
21,1.94025536378225e-12,16,96744
22,1.94025536378225e-12,16,96744
23,-30.6404252475928,16,96744
1,-9.21621297796568e-12,5163,96792
2,-9.21621297796568e-12,5163,96792
3,-9.21621297796568e-12,5163,96792
4,-9.21621297796568e-12,5163,96792
5,-9.21621297796568e-12,5163,96792
6,-9.21621297796568e-12,5163,96792
7,-9.21621297796568e-12,5163,96792
8,-28.5940780040663,5163,96792
9,-9.21621297796568e-12,5163,96792
10,-9.21621297796568e-12,5163,96792
11,-9.21621297796568e-12,5163,96792
12,-9.21621297796568e-12,5163,96792
13,-9.21621297796568e-12,5163,96792
14,-31.9997755295791,5163,96792
15,-9.21621297796568e-12,5163,96792
16,-9.21621297796568e-12,5163,96792
17,-9.21621297796568e-12,5163,96792
18,-9.21621297796568e-12,5163,96792
19,-9.21621297796568e-12,5163,96792
20,-9.21621297796568e-12,5163,96792
21,-9.21621297796568e-12,5163,96792
22,-9.21621297796568e-12,5163,96792
23,-60.6765688217313,5163,96792
1,-7.76102145512899e-12,19,96722
2,-7.76102145512899e-12,19,96722
3,-7.76102145512899e-12,19,96722
4,-7.76102145512899e-12,19,96722
5,-7.76102145512899e-12,19,96722
6,-34.490636154495,19,96722
7,-7.76102145512899e-12,19,96722
8,-7.76102145512899e-12,19,96722
9,-7.76102145512899e-12,19,96722
10,-7.76102145512899e-12,19,96722
11,-7.76102145512899e-12,19,96722
12,-7.76102145512899e-12,19,96722
13,-7.76102145512899e-12,19,96722
14,-7.76102145512899e-12,19,96722
15,-7.76102145512899e-12,19,96722
16,-7.76102145512899e-12,19,96722
17,-7.76102145512899e-12,19,96722
18,-7.76102145512899e-12,19,96722
19,-7.76102145512899e-12,19,96722
20,-7.76102145512899e-12,19,96722
21,-7.76102145512899e-12,19,96722
22,-7.76102145512899e-12,19,96722
23,-34.4906361882226,19,96722
1,-3.39544688661893e-12,55,96734
2,-3.39544688661893e-12,55,96734
3,-3.39544688661893e-12,55,96734
4,-3.39544688661893e-12,55,96734
5,-3.39544688661893e-12,55,96734
6,-3.39544688661893e-12,55,96734
7,-3.39544688661893e-12,55,96734
8,-3.39544688661893e-12,55,96734
9,-3.39544688661893e-12,55,96734
10,-3.39544688661893e-12,55,96734
11,-3.39544688661893e-12,55,96734
12,-3.39544688661893e-12,55,96734
13,-3.39544688661893e-12,55,96734
14,-3.39544688661893e-12,55,96734
15,-3.39544688661893e-12,55,96734
16,-3.39544688661893e-12,55,96734
17,-3.39544688661893e-12,55,96734
18,-3.39544688661893e-12,55,96734
19,-3.39544688661893e-12,55,96734
20,-154.598614422991,55,96734
21,-3.39544688661893e-12,55,96734
22,-3.39544688661893e-12,55,96734
23,-154.598614723323,55,96734
1,5.82076609134674e-12,56,96722
2,5.82076609134674e-12,56,96722
3,5.82076609134674e-12,56,96722
4,5.82076609134674e-12,56,96722
5,5.82076609134674e-12,56,96722
6,5.82076609134674e-12,56,96722
7,5.82076609134674e-12,56,96722
8,5.82076609134674e-12,56,96722
9,5.82076609134674e-12,56,96722
10,5.82076609134674e-12,56,96722
11,5.82076609134674e-12,56,96722
12,5.82076609134674e-12,56,96722
13,5.82076609134674e-12,56,96722
14,-34.30396751628,56,96722
15,5.82076609134674e-12,56,96722
16,5.82076609134674e-12,56,96722
17,5.82076609134674e-12,56,96722
18,5.82076609134674e-12,56,96722
19,5.82076609134674e-12,56,96722
20,5.82076609134674e-12,56,96722
21,5.82076609134674e-12,56,96722
22,5.82076609134674e-12,56,96722
23,-34.30396751628,56,96722
1,-9.21621297796568e-12,64,96734
2,-9.21621297796568e-12,64,96734
3,-9.21621297796568e-12,64,96734
4,-9.21621297796568e-12,64,96734
5,-9.21621297796568e-12,64,96734
6,-9.21621297796568e-12,64,96734
7,-9.21621297796568e-12,64,96734
8,-9.21621297796568e-12,64,96734
9,-9.21621297796568e-12,64,96734
10,-9.21621297796568e-12,64,96734
11,-9.21621297796568e-12,64,96734
12,-9.21621297796568e-12,64,96734
13,-9.21621297796568e-12,64,96734
14,-9.21621297796568e-12,64,96734
15,-9.21621297796568e-12,64,96734
16,-9.21621297796568e-12,64,96734
17,-29.6848262655597,64,96734
18,-9.21621297796568e-12,64,96734
19,-9.21621297796568e-12,64,96734
20,-9.21621297796568e-12,64,96734
21,-9.21621297796568e-12,64,96734
22,-9.21621297796568e-12,64,96734
23,-29.6848262655597,64,96734
1,-1.01863406598568e-11,77,96744
2,-1.01863406598568e-11,77,96744
3,-1.01863406598568e-11,77,96744
4,-1.01863406598568e-11,77,96744
5,-1.01863406598568e-11,77,96744
6,-1.01863406598568e-11,77,96744
7,-1.01863406598568e-11,77,96744
8,-1.01863406598568e-11,77,96744
9,-1.01863406598568e-11,77,96744
10,-1.01863406598568e-11,77,96744
11,-1.01863406598568e-11,77,96744
12,-1.01863406598568e-11,77,96744
13,-1.01863406598568e-11,77,96744
14,-27.0382314857367,77,96744
15,-1.01863406598568e-11,77,96744
16,-1.01863406598568e-11,77,96744
17,-1.01863406598568e-11,77,96744
18,-1.01863406598568e-11,77,96744
19,-1.01863406598568e-11,77,96744
20,-1.01863406598568e-11,77,96744
21,-1.01863406598568e-11,77,96744
22,-1.01863406598568e-11,77,96744
23,-27.0382314857367,77,96744
1,3.8805107275645e-12,83,96722
2,3.8805107275645e-12,83,96722
3,3.8805107275645e-12,83,96722
4,3.8805107275645e-12,83,96722
5,3.8805107275645e-12,83,96722
6,3.8805107275645e-12,83,96722
7,3.8805107275645e-12,83,96722
8,3.8805107275645e-12,83,96722
9,3.8805107275645e-12,83,96722
10,3.8805107275645e-12,83,96722
11,3.8805107275645e-12,83,96722
12,3.8805107275645e-12,83,96722
13,3.8805107275645e-12,83,96722
14,-44.6301876835913,83,96722
15,3.8805107275645e-12,83,96722
16,3.8805107275645e-12,83,96722
17,3.8805107275645e-12,83,96722
18,3.8805107275645e-12,83,96722
19,3.8805107275645e-12,83,96722
20,3.8805107275645e-12,83,96722
21,3.8805107275645e-12,83,96722
22,3.8805107275645e-12,83,96722
23,-44.6301876835913,83,96722
1,-2.4253192047278e-12,5,96766
2,-0.993739999352382,5,96766
3,-2.4253192047278e-12,5,96766
4,-2.4253192047278e-12,5,96766
5,-2.4253192047278e-12,5,96766
6,-2.4253192047278e-12,5,96766
7,-2.4253192047278e-12,5,96766
8,-2.4253192047278e-12,5,96766
9,-2.4253192047278e-12,5,96766
10,-2.4253192047278e-12,5,96766
11,-2.4253192047278e-12,5,96766
12,-2.4253192047278e-12,5,96766
13,-2.4253192047278e-12,5,96766
14,-2.4253192047278e-12,5,96766
15,-2.4253192047278e-12,5,96766
16,-2.4253192047278e-12,5,96766
17,-2.4253192047278e-12,5,96766
18,-2.4253192047278e-12,5,96766
19,-2.4253192047278e-12,5,96766
20,-2.4253192047278e-12,5,96766
21,-2.4253192047278e-12,5,96766
22,-2.4253192047278e-12,5,96766
23,-0.99373999935342,5,96766
1,-1.06714045008024e-11,101,96789
2,-1.06714045008024e-11,101,96789
3,-1.06714045008024e-11,101,96789
4,-1.06714045008024e-11,101,96789
5,-1.06714045008024e-11,101,96789
6,-1.06714045008024e-11,101,96789
7,-1.06714045008024e-11,101,96789
8,-23.2950799268505,101,96789
9,-1.06714045008024e-11,101,96789
10,-1.06714045008024e-11,101,96789
11,-1.06714045008024e-11,101,96789
12,-1.06714045008024e-11,101,96789
13,-1.06714045008024e-11,101,96789
14,-1.06714045008024e-11,101,96789
15,-1.06714045008024e-11,101,96789
16,-1.06714045008024e-11,101,96789
17,-1.06714045008024e-11,101,96789
18,-1.06714045008024e-11,101,96789
19,-1.06714045008024e-11,101,96789
20,-1.06714045008024e-11,101,96789
21,-1.06714045008024e-11,101,96789
22,-1.06714045008024e-11,101,96789
23,-23.2950799268505,101,96789
1,-7.27595761418343e-12,118,96821
2,-7.27595761418343e-12,118,96821
3,-7.27595761418343e-12,118,96821
4,-7.27595761418343e-12,118,96821
5,-7.27595761418343e-12,118,96821
6,-7.27595761418343e-12,118,96821
7,-7.27595761418343e-12,118,96821
8,-84.1166554885325,118,96821
9,-7.27595761418343e-12,118,96821
10,-7.27595761418343e-12,118,96821
11,-7.27595761418343e-12,118,96821
12,-7.27595761418343e-12,118,96821
13,-7.27595761418343e-12,118,96821
14,-26.2325620278478,118,96821
15,-7.27595761418343e-12,118,96821
16,-7.27595761418343e-12,118,96821
17,-7.27595761418343e-12,118,96821
18,-7.27595761418343e-12,118,96821
19,-7.27595761418343e-12,118,96821
20,-7.27595761418343e-12,118,96821
21,-7.27595761418343e-12,118,96821
22,-7.27595761418343e-12,118,96821
23,-110.501316824079,118,96821
1,8.24608529607455e-12,121,96716
2,8.24608529607455e-12,121,96716
3,8.24608529607455e-12,121,96716
4,8.24608529607455e-12,121,96716
5,8.24608529607455e-12,121,96716
6,8.24608529607455e-12,121,96716
7,8.24608529607455e-12,121,96716
8,8.24608529607455e-12,121,96716
9,8.24608529607455e-12,121,96716
10,-5.2417889503083,121,96716
11,8.24608529607455e-12,121,96716
12,8.24608529607455e-12,121,96716
13,8.24608529607455e-12,121,96716
14,8.24608529607455e-12,121,96716
15,8.24608529607455e-12,121,96716
16,8.24608529607455e-12,121,96716
17,8.24608529607455e-12,121,96716
18,8.24608529607455e-12,121,96716
19,8.24608529607455e-12,121,96716
20,8.24608529607455e-12,121,96716
21,8.24608529607455e-12,121,96716
22,8.24608529607455e-12,121,96716
23,-5.2417889503083,121,96716
1,-8.73114913702012e-12,123,96791
2,-8.73114913702012e-12,123,96791
3,-8.73114913702012e-12,123,96791
4,-8.73114913702012e-12,123,96791
5,-8.73114913702012e-12,123,96791
6,-8.73114913702012e-12,123,96791
7,-8.73114913702012e-12,123,96791
8,-8.73114913702012e-12,123,96791
9,-8.73114913702012e-12,123,96791
10,-8.73114913702012e-12,123,96791
11,-8.73114913702012e-12,123,96791
12,-8.73114913702012e-12,123,96791
13,-8.73114913702012e-12,123,96791
14,-24.6587086674127,123,96791
15,-8.73114913702012e-12,123,96791
16,-8.73114913702012e-12,123,96791
17,-8.73114913702012e-12,123,96791
18,-8.73114913702012e-12,123,96791
19,-8.73114913702012e-12,123,96791
20,-8.73114913702012e-12,123,96791
21,-8.73114913702012e-12,123,96791
22,-8.73114913702012e-12,123,96791
23,-24.6587086674127,123,96791
1,-1.30967237055302e-11,129,96791
2,-1.30967237055302e-11,129,96791
3,-1.30967237055302e-11,129,96791
4,-1.30967237055302e-11,129,96791
5,-1.30967237055302e-11,129,96791
6,-1.30967237055302e-11,129,96791
7,-1.30967237055302e-11,129,96791
8,-1.30967237055302e-11,129,96791
9,-1.30967237055302e-11,129,96791
10,-1.30967237055302e-11,129,96791
11,-1.30967237055302e-11,129,96791
12,-1.30967237055302e-11,129,96791
13,-1.30967237055302e-11,129,96791
14,-1.30967237055302e-11,129,96791
15,-1.30967237055302e-11,129,96791
16,-1.30967237055302e-11,129,96791
17,-1.30967237055302e-11,129,96791
18,-1.30967237055302e-11,129,96791
19,-1.30967237055302e-11,129,96791
20,-25.4662673001153,129,96791
21,-1.30967237055302e-11,129,96791
22,-1.30967237055302e-11,129,96791
23,-25.4662673001153,129,96791
1,-7.27595761418343e-12,136,96816
2,-7.27595761418343e-12,136,96816
3,-7.27595761418343e-12,136,96816
4,-7.27595761418343e-12,136,96816
5,-7.27595761418343e-12,136,96816
6,-7.27595761418343e-12,136,96816
7,-7.27595761418343e-12,136,96816
8,-25.5812555035591,136,96816
9,-7.27595761418343e-12,136,96816
10,-7.27595761418343e-12,136,96816
11,-7.27595761418343e-12,136,96816
12,-7.27595761418343e-12,136,96816
13,-7.27595761418343e-12,136,96816
14,-7.27595761418343e-12,136,96816
15,-7.27595761418343e-12,136,96816
16,-7.27595761418343e-12,136,96816
17,-7.27595761418343e-12,136,96816
18,-7.27595761418343e-12,136,96816
19,-7.27595761418343e-12,136,96816
20,-7.27595761418343e-12,136,96816
21,-7.27595761418343e-12,136,96816
22,-7.27595761418343e-12,136,96816
23,-25.5812555035591,136,96816
1,2.91038304567337e-12,137,96822
2,2.91038304567337e-12,137,96822
3,2.91038304567337e-12,137,96822
4,2.91038304567337e-12,137,96822
5,2.91038304567337e-12,137,96822
6,2.91038304567337e-12,137,96822
7,2.91038304567337e-12,137,96822
8,2.91038304567337e-12,137,96822
9,2.91038304567337e-12,137,96822
10,2.91038304567337e-12,137,96822
11,2.91038304567337e-12,137,96822
12,2.91038304567337e-12,137,96822
13,2.91038304567337e-12,137,96822
14,2.91038304567337e-12,137,96822
15,-30.0458466902215,137,96822
16,2.91038304567337e-12,137,96822
17,2.91038304567337e-12,137,96822
18,2.91038304567337e-12,137,96822
19,2.91038304567337e-12,137,96822
20,2.91038304567337e-12,137,96822
21,2.91038304567337e-12,137,96822
22,2.91038304567337e-12,137,96822
23,-30.0458466902215,137,96822
1,-1.45519152283669e-12,139,96740
2,-1.45519152283669e-12,139,96740
3,-1.45519152283669e-12,139,96740
4,-1.45519152283669e-12,139,96740
5,-1.45519152283669e-12,139,96740
6,-1.45519152283669e-12,139,96740
7,-1.45519152283669e-12,139,96740
8,-1.45519152283669e-12,139,96740
9,-1.45519152283669e-12,139,96740
10,-1.45519152283669e-12,139,96740
11,-1.45519152283669e-12,139,96740
12,-1.45519152283669e-12,139,96740
13,-1.45519152283669e-12,139,96740
14,-26.6663741138002,139,96740
15,-1.45519152283669e-12,139,96740
16,-1.45519152283669e-12,139,96740
17,-1.45519152283669e-12,139,96740
18,-1.45519152283669e-12,139,96740
19,-1.45519152283669e-12,139,96740
20,-1.45519152283669e-12,139,96740
21,-1.45519152283669e-12,139,96740
22,-1.45519152283669e-12,139,96740
23,-26.6663741138002,139,96740
1,-7.27595761418343e-12,144,96816
2,-7.27595761418343e-12,144,96816
3,-7.27595761418343e-12,144,96816
4,-7.27595761418343e-12,144,96816
5,-7.27595761418343e-12,144,96816
6,-7.27595761418343e-12,144,96816
7,-7.27595761418343e-12,144,96816
8,-29.9632624070107,144,96816
9,-7.27595761418343e-12,144,96816
10,-7.27595761418343e-12,144,96816
11,-7.27595761418343e-12,144,96816
12,-7.27595761418343e-12,144,96816
13,-7.27595761418343e-12,144,96816
14,-7.27595761418343e-12,144,96816
15,-7.27595761418343e-12,144,96816
16,-7.27595761418343e-12,144,96816
17,-7.27595761418343e-12,144,96816
18,-7.27595761418343e-12,144,96816
19,-7.27595761418343e-12,144,96816
20,-7.27595761418343e-12,144,96816
21,-7.27595761418343e-12,144,96816
22,-7.27595761418343e-12,144,96816
23,-29.9632624070107,144,96816
1,-1.40668513874213e-11,165,96746
2,-1.40668513874213e-11,165,96746
3,-1.40668513874213e-11,165,96746
4,-1.40668513874213e-11,165,96746
5,-1.40668513874213e-11,165,96746
6,-1.40668513874213e-11,165,96746
7,-1.40668513874213e-11,165,96746
8,-1.40668513874213e-11,165,96746
9,-1.40668513874213e-11,165,96746
10,-1.40668513874213e-11,165,96746
11,-1.40668513874213e-11,165,96746
12,-1.40668513874213e-11,165,96746
13,-1.40668513874213e-11,165,96746
14,-1.40668513874213e-11,165,96746
15,-1.40668513874213e-11,165,96746
16,-1.40668513874213e-11,165,96746
17,-20.8709565591296,165,96746
18,-1.40668513874213e-11,165,96746
19,-1.40668513874213e-11,165,96746
20,-1.40668513874213e-11,165,96746
21,-1.40668513874213e-11,165,96746
22,-1.40668513874213e-11,165,96746
23,-20.8709565593284,165,96746
1,2.18278728425503e-12,183,96789
2,2.18278728425503e-12,183,96789
3,2.18278728425503e-12,183,96789
4,2.18278728425503e-12,183,96789
5,2.18278728425503e-12,183,96789
6,2.18278728425503e-12,183,96789
7,2.18278728425503e-12,183,96789
8,2.18278728425503e-12,183,96789
9,2.18278728425503e-12,183,96789
10,2.18278728425503e-12,183,96789
11,2.18278728425503e-12,183,96789
12,2.18278728425503e-12,183,96789
13,2.18278728425503e-12,183,96789
14,-18.3076385053879,183,96789
15,2.18278728425503e-12,183,96789
16,2.18278728425503e-12,183,96789
17,2.18278728425503e-12,183,96789
18,2.18278728425503e-12,183,96789
19,2.18278728425503e-12,183,96789
20,2.18278728425503e-12,183,96789
21,2.18278728425503e-12,183,96789
22,2.18278728425503e-12,183,96789
23,-18.3076385053879,183,96789
1,-1.01863406598568e-11,189,96863
2,-1.01863406598568e-11,189,96863
3,-1.01863406598568e-11,189,96863
4,-1.01863406598568e-11,189,96863
5,-1.01863406598568e-11,189,96863
6,-1.01863406598568e-11,189,96863
7,-1.01863406598568e-11,189,96863
8,-1.01863406598568e-11,189,96863
9,-1.01863406598568e-11,189,96863
10,-1.01863406598568e-11,189,96863
11,-1.01863406598568e-11,189,96863
12,-1.01863406598568e-11,189,96863
13,-1.01863406598568e-11,189,96863
14,-33.9319532831966,189,96863
15,-1.01863406598568e-11,189,96863
16,-1.01863406598568e-11,189,96863
17,-1.01863406598568e-11,189,96863
18,-1.01863406598568e-11,189,96863
19,-1.01863406598568e-11,189,96863
20,-1.01863406598568e-11,189,96863
21,-1.01863406598568e-11,189,96863
22,-1.01863406598568e-11,189,96863
23,-33.9319532831966,189,96863
1,0,195,96766
2,0,195,96766
3,0,195,96766
4,0,195,96766
5,0,195,96766
6,0,195,96766
7,0,195,96766
8,-28.5940649932493,195,96766
9,0,195,96766
10,0,195,96766
11,0,195,96766
12,0,195,96766
13,0,195,96766
14,0,195,96766
15,0,195,96766
16,0,195,96766
17,0,195,96766
18,0,195,96766
19,0,195,96766
20,0,195,96766
21,0,195,96766
22,0,195,96766
23,-28.5940649932493,195,96766
1,6.79089377323786e-12,201,96826
2,6.79089377323786e-12,201,96826
3,6.79089377323786e-12,201,96826
4,6.79089377323786e-12,201,96826
5,6.79089377323786e-12,201,96826
6,6.79089377323786e-12,201,96826
7,6.79089377323786e-12,201,96826
8,-29.7800180684135,201,96826
9,6.79089377323786e-12,201,96826
10,6.79089377323786e-12,201,96826
11,6.79089377323786e-12,201,96826
12,6.79089377323786e-12,201,96826
13,6.79089377323786e-12,201,96826
14,6.79089377323786e-12,201,96826
15,6.79089377323786e-12,201,96826
16,6.79089377323786e-12,201,96826
17,6.79089377323786e-12,201,96826
18,-102.767600853218,201,96826
19,6.79089377323786e-12,201,96826
20,6.79089377323786e-12,201,96826
21,6.79089377323786e-12,201,96826
22,6.79089377323786e-12,201,96826
23,-132.804206371944,201,96826
1,-5.33570225040118e-12,5207,96822
2,-5.33570225040118e-12,5207,96822
3,-5.33570225040118e-12,5207,96822
4,-5.33570225040118e-12,5207,96822
5,-5.33570225040118e-12,5207,96822
6,-5.33570225040118e-12,5207,96822
7,-5.33570225040118e-12,5207,96822
8,-5.33570225040118e-12,5207,96822
9,-5.33570225040118e-12,5207,96822
10,-5.33570225040118e-12,5207,96822
11,-5.33570225040118e-12,5207,96822
12,-5.33570225040118e-12,5207,96822
13,-5.33570225040118e-12,5207,96822
14,-5.33570225040118e-12,5207,96822
15,-5.33570225040118e-12,5207,96822
16,-5.33570225040118e-12,5207,96822
17,-5.33570225040118e-12,5207,96822
18,-5.33570225040118e-12,5207,96822
19,-5.33570225040118e-12,5207,96822
20,-5.33570225040118e-12,5207,96822
21,-5.33570225040118e-12,5207,96822
22,-13.9541322499575,5207,96822
23,-13.9541322500469,5207,96822
1,-1.69772344330946e-12,215,96744
2,-1.69772344330946e-12,215,96744
3,-1.69772344330946e-12,215,96744
4,-1.69772344330946e-12,215,96744
5,-1.69772344330946e-12,215,96744
6,-1.69772344330946e-12,215,96744
7,-1.69772344330946e-12,215,96744
8,-1.69772344330946e-12,215,96744
9,-1.69772344330946e-12,215,96744
10,-4.59384801878453,215,96744
11,-1.69772344330946e-12,215,96744
12,-1.69772344330946e-12,215,96744
13,-1.69772344330946e-12,215,96744
14,-1.69772344330946e-12,215,96744
15,-1.69772344330946e-12,215,96744
16,-1.69772344330946e-12,215,96744
17,-1.69772344330946e-12,215,96744
18,-1.69772344330946e-12,215,96744
19,-1.69772344330946e-12,215,96744
20,-1.69772344330946e-12,215,96744
21,-1.69772344330946e-12,215,96744
22,-4.13929801006937,215,96744
23,-8.73518983779165,215,96744
1,-1.50369790693124e-11,217,96734
2,-1.50369790693124e-11,217,96734
3,-1.50369790693124e-11,217,96734
4,-1.50369790693124e-11,217,96734
5,-1.50369790693124e-11,217,96734
6,-1.50369790693124e-11,217,96734
7,-1.50369790693124e-11,217,96734
8,-6.06892347012957,217,96734
9,-1.50369790693124e-11,217,96734
10,-1.50369790693124e-11,217,96734
11,-1.50369790693124e-11,217,96734
12,-1.50369790693124e-11,217,96734
13,-1.50369790693124e-11,217,96734
14,-1.50369790693124e-11,217,96734
15,-1.50369790693124e-11,217,96734
16,-1.50369790693124e-11,217,96734
17,-1.50369790693124e-11,217,96734
18,-1.50369790693124e-11,217,96734
19,-1.50369790693124e-11,217,96734
20,-1.50369790693124e-11,217,96734
21,-1.50369790693124e-11,217,96734
22,-1.50369790693124e-11,217,96734
23,-6.06892347012957,217,96734
1,-1.94025536378225e-11,230,96795
2,-1.94025536378225e-11,230,96795
3,-135.63553909843,230,96795
4,-1.94025536378225e-11,230,96795
5,-1.94025536378225e-11,230,96795
6,-1.94025536378225e-11,230,96795
7,-1.94025536378225e-11,230,96795
8,-1.94025536378225e-11,230,96795
9,-1.94025536378225e-11,230,96795
10,-1.94025536378225e-11,230,96795
11,-1.94025536378225e-11,230,96795
12,-1.94025536378225e-11,230,96795
13,-1.94025536378225e-11,230,96795
14,-1.94025536378225e-11,230,96795
15,-1.94025536378225e-11,230,96795
16,-1.94025536378225e-11,230,96795
17,-1.94025536378225e-11,230,96795
18,-1.94025536378225e-11,230,96795
19,-1.94025536378225e-11,230,96795
20,-1.94025536378225e-11,230,96795
21,-1.94025536378225e-11,230,96795
22,-1.94025536378225e-11,230,96795
23,-135.63553909843,230,96795
1,2.42531920472781e-12,5216,96756
2,2.42531920472781e-12,5216,96756
3,2.42531920472781e-12,5216,96756
4,2.42531920472781e-12,5216,96756
5,2.42531920472781e-12,5216,96756
6,2.42531920472781e-12,5216,96756
7,2.42531920472781e-12,5216,96756
8,-18.1976587015694,5216,96756
9,2.42531920472781e-12,5216,96756
10,2.42531920472781e-12,5216,96756
11,2.42531920472781e-12,5216,96756
12,2.42531920472781e-12,5216,96756
13,2.42531920472781e-12,5216,96756
14,2.42531920472781e-12,5216,96756
15,2.42531920472781e-12,5216,96756
16,2.42531920472781e-12,5216,96756
17,2.42531920472781e-12,5216,96756
18,2.42531920472781e-12,5216,96756
19,2.42531920472781e-12,5216,96756
20,2.42531920472781e-12,5216,96756
21,2.42531920472781e-12,5216,96756
22,2.42531920472781e-12,5216,96756
23,-18.1976587015694,5216,96756
1,-4.60810648898284e-12,5217,96746
2,-4.60810648898284e-12,5217,96746
3,-4.60810648898284e-12,5217,96746
4,-4.60810648898284e-12,5217,96746
5,-4.60810648898284e-12,5217,96746
6,-4.60810648898284e-12,5217,96746
7,-4.60810648898284e-12,5217,96746
8,-4.60810648898284e-12,5217,96746
9,-4.60810648898284e-12,5217,96746
10,-4.60810648898284e-12,5217,96746
11,-4.60810648898284e-12,5217,96746
12,-4.60810648898284e-12,5217,96746
13,-4.60810648898284e-12,5217,96746
14,-4.60810648898284e-12,5217,96746
15,-4.60810648898284e-12,5217,96746
16,-4.60810648898284e-12,5217,96746
17,-4.60810648898284e-12,5217,96746
18,-68.9714029891458,5217,96746
19,-4.60810648898284e-12,5217,96746
20,-4.60810648898284e-12,5217,96746
21,-4.60810648898284e-12,5217,96746
22,-4.60810648898284e-12,5217,96746
23,-68.9714029891458,5217,96746
1,5.82076609134674e-12,241,96734
2,5.82076609134674e-12,241,96734
3,5.82076609134674e-12,241,96734
4,5.82076609134674e-12,241,96734
5,5.82076609134674e-12,241,96734
6,5.82076609134674e-12,241,96734
7,5.82076609134674e-12,241,96734
8,5.82076609134674e-12,241,96734
9,5.82076609134674e-12,241,96734
10,5.82076609134674e-12,241,96734
11,5.82076609134674e-12,241,96734
12,5.82076609134674e-12,241,96734
13,5.82076609134674e-12,241,96734
14,-22.5764426269628,241,96734
15,5.82076609134674e-12,241,96734
16,5.82076609134674e-12,241,96734
17,5.82076609134674e-12,241,96734
18,5.82076609134674e-12,241,96734
19,5.82076609134674e-12,241,96734
20,5.82076609134674e-12,241,96734
21,5.82076609134674e-12,241,96734
22,5.82076609134674e-12,241,96734
23,-22.5764426389762,241,96734
1,-8.24608529607455e-12,244,96815
2,-8.24608529607455e-12,244,96815
3,-8.24608529607455e-12,244,96815
4,-8.24608529607455e-12,244,96815
5,-8.24608529607455e-12,244,96815
6,-8.24608529607455e-12,244,96815
7,-8.24608529607455e-12,244,96815
8,-8.24608529607455e-12,244,96815
9,-8.24608529607455e-12,244,96815
10,-8.24608529607455e-12,244,96815
11,-8.24608529607455e-12,244,96815
12,-8.24608529607455e-12,244,96815
13,-8.24608529607455e-12,244,96815
14,-42.6100254867847,244,96815
15,-8.24608529607455e-12,244,96815
16,-8.24608529607455e-12,244,96815
17,-8.24608529607455e-12,244,96815
18,-8.24608529607455e-12,244,96815
19,-8.24608529607455e-12,244,96815
20,-8.24608529607455e-12,244,96815
21,-8.24608529607455e-12,244,96815
22,-8.24608529607455e-12,244,96815
23,-42.6100254867847,244,96815
1,-3.39544688661893e-12,258,96792
2,-3.39544688661893e-12,258,96792
3,-3.39544688661893e-12,258,96792
4,-3.39544688661893e-12,258,96792
5,-3.39544688661893e-12,258,96792
6,-3.39544688661893e-12,258,96792
7,-3.39544688661893e-12,258,96792
8,-3.39544688661893e-12,258,96792
9,-3.39544688661893e-12,258,96792
10,-3.39544688661893e-12,258,96792
11,-3.39544688661893e-12,258,96792
12,-3.39544688661893e-12,258,96792
13,-3.39544688661893e-12,258,96792
14,-3.39544688661893e-12,258,96792
15,-3.39544688661893e-12,258,96792
16,-3.39544688661893e-12,258,96792
17,-3.39544688661893e-12,258,96792
18,-3.39544688661893e-12,258,96792
19,-3.39544688661893e-12,258,96792
20,-23.2237194321026,258,96792
21,-3.39544688661893e-12,258,96792
22,-3.39544688661893e-12,258,96792
23,-23.2237194321026,258,96792
1,-6.79089377323786e-12,264,96744
2,-6.79089377323786e-12,264,96744
3,-6.79089377323786e-12,264,96744
4,-6.79089377323786e-12,264,96744
5,-6.79089377323786e-12,264,96744
6,-20.356276381564,264,96744
7,-6.79089377323786e-12,264,96744
8,-6.79089377323786e-12,264,96744
9,-6.79089377323786e-12,264,96744
10,-6.79089377323786e-12,264,96744
11,-6.79089377323786e-12,264,96744
12,-6.79089377323786e-12,264,96744
13,-6.79089377323786e-12,264,96744
14,-6.79089377323786e-12,264,96744
15,-6.79089377323786e-12,264,96744
16,-6.79089377323786e-12,264,96744
17,-6.79089377323786e-12,264,96744
18,-6.79089377323786e-12,264,96744
19,-6.79089377323786e-12,264,96744
20,-6.79089377323786e-12,264,96744
21,-6.79089377323786e-12,264,96744
22,-6.79089377323786e-12,264,96744
23,-20.3562763821198,264,96744
1,4.85063840945563e-13,278,96818
2,4.85063840945563e-13,278,96818
3,4.85063840945563e-13,278,96818
4,4.85063840945563e-13,278,96818
5,4.85063840945563e-13,278,96818
6,4.85063840945563e-13,278,96818
7,4.85063840945563e-13,278,96818
8,4.85063840945563e-13,278,96818
9,4.85063840945563e-13,278,96818
10,4.85063840945563e-13,278,96818
11,4.85063840945563e-13,278,96818
12,4.85063840945563e-13,278,96818
13,4.85063840945563e-13,278,96818
14,-19.0520455290588,278,96818
15,4.85063840945563e-13,278,96818
16,4.85063840945563e-13,278,96818
17,4.85063840945563e-13,278,96818
18,4.85063840945563e-13,278,96818
19,4.85063840945563e-13,278,96818
20,4.85063840945563e-13,278,96818
21,4.85063840945563e-13,278,96818
22,4.85063840945563e-13,278,96818
23,-19.0520455290588,278,96818
1,-7.03342569371065e-12,281,96817
2,-7.03342569371065e-12,281,96817
3,-7.03342569371065e-12,281,96817
4,-7.03342569371065e-12,281,96817
5,-7.03342569371065e-12,281,96817
6,-7.03342569371065e-12,281,96817
7,-7.03342569371065e-12,281,96817
8,-7.03342569371065e-12,281,96817
9,-7.03342569371065e-12,281,96817
10,-7.03342569371065e-12,281,96817
11,-7.03342569371065e-12,281,96817
12,-7.03342569371065e-12,281,96817
13,-7.03342569371065e-12,281,96817
14,-7.03342569371065e-12,281,96817
15,-7.03342569371065e-12,281,96817
16,-7.03342569371065e-12,281,96817
17,-7.03342569371065e-12,281,96817
18,-7.03342569371065e-12,281,96817
19,-7.03342569371065e-12,281,96817
20,-22.0919620989419,281,96817
21,-7.03342569371065e-12,281,96817
22,-7.03342569371065e-12,281,96817
23,-22.0919620989419,281,96817
1,-3.8805107275645e-12,294,96813
2,-3.8805107275645e-12,294,96813
3,-3.8805107275645e-12,294,96813
4,-3.8805107275645e-12,294,96813
5,-3.8805107275645e-12,294,96813
6,-3.8805107275645e-12,294,96813
7,-3.8805107275645e-12,294,96813
8,-3.8805107275645e-12,294,96813
9,-3.8805107275645e-12,294,96813
10,-3.8805107275645e-12,294,96813
11,-3.8805107275645e-12,294,96813
12,-3.8805107275645e-12,294,96813
13,-3.8805107275645e-12,294,96813
14,-3.8805107275645e-12,294,96813
15,-3.8805107275645e-12,294,96813
16,-3.8805107275645e-12,294,96813
17,-3.8805107275645e-12,294,96813
18,-99.8255450277376,294,96813
19,-3.8805107275645e-12,294,96813
20,-3.8805107275645e-12,294,96813
21,-3.8805107275645e-12,294,96813
22,-3.8805107275645e-12,294,96813
23,-99.8255450277376,294,96813
1,-1.16415321826935e-11,298,96825
2,-1.16415321826935e-11,298,96825
3,-1.16415321826935e-11,298,96825
4,-1.16415321826935e-11,298,96825
5,-1.16415321826935e-11,298,96825
6,-1.16415321826935e-11,298,96825
7,-1.16415321826935e-11,298,96825
8,-1.16415321826935e-11,298,96825
9,-1.16415321826935e-11,298,96825
10,-1.16415321826935e-11,298,96825
11,-1.16415321826935e-11,298,96825
12,-1.16415321826935e-11,298,96825
13,-1.16415321826935e-11,298,96825
14,-1.16415321826935e-11,298,96825
15,-110.974045603014,298,96825
16,-1.16415321826935e-11,298,96825
17,-1.16415321826935e-11,298,96825
18,-1.16415321826935e-11,298,96825
19,-1.16415321826935e-11,298,96825
20,-1.16415321826935e-11,298,96825
21,-1.16415321826935e-11,298,96825
22,-1.16415321826935e-11,298,96825
23,-110.974045603014,298,96825
1,-1.94025536378225e-12,5236,96717
2,-1.94025536378225e-12,5236,96717
3,-1.94025536378225e-12,5236,96717
4,-1.94025536378225e-12,5236,96717
5,-1.94025536378225e-12,5236,96717
6,-35.6266891859384,5236,96717
7,-1.94025536378225e-12,5236,96717
8,-1.94025536378225e-12,5236,96717
9,-1.94025536378225e-12,5236,96717
10,-1.94025536378225e-12,5236,96717
11,-1.94025536378225e-12,5236,96717
12,-1.94025536378225e-12,5236,96717
13,-1.94025536378225e-12,5236,96717
14,-1.94025536378225e-12,5236,96717
15,-1.94025536378225e-12,5236,96717
16,-1.94025536378225e-12,5236,96717
17,-1.94025536378225e-12,5236,96717
18,-1.94025536378225e-12,5236,96717
19,-1.94025536378225e-12,5236,96717
20,-1.94025536378225e-12,5236,96717
21,-1.94025536378225e-12,5236,96717
22,-1.94025536378225e-12,5236,96717
23,-35.6266891859384,5236,96717
1,-4.85063840945562e-12,303,96738
2,-113.39371024423,303,96738
3,-4.85063840945562e-12,303,96738
4,-4.85063840945562e-12,303,96738
5,-4.85063840945562e-12,303,96738
6,-4.85063840945562e-12,303,96738
7,-4.85063840945562e-12,303,96738
8,-4.85063840945562e-12,303,96738
9,-4.85063840945562e-12,303,96738
10,-4.85063840945562e-12,303,96738
11,-4.85063840945562e-12,303,96738
12,-4.85063840945562e-12,303,96738
13,-4.85063840945562e-12,303,96738
14,-4.85063840945562e-12,303,96738
15,-4.85063840945562e-12,303,96738
16,-4.85063840945562e-12,303,96738
17,-4.85063840945562e-12,303,96738
18,-4.85063840945562e-12,303,96738
19,-4.85063840945562e-12,303,96738
20,-4.85063840945562e-12,303,96738
21,-4.85063840945562e-12,303,96738
22,-4.85063840945562e-12,303,96738
23,-113.393710445167,303,96738
1,-5.33570225040118e-12,306,96741
2,-5.33570225040118e-12,306,96741
3,-5.33570225040118e-12,306,96741
4,-5.33570225040118e-12,306,96741
5,-5.33570225040118e-12,306,96741
6,-5.33570225040118e-12,306,96741
7,-5.33570225040118e-12,306,96741
8,-5.33570225040118e-12,306,96741
9,-5.33570225040118e-12,306,96741
10,-5.33570225040118e-12,306,96741
11,-5.33570225040118e-12,306,96741
12,-5.33570225040118e-12,306,96741
13,-5.33570225040118e-12,306,96741
14,-24.3862026807498,306,96741
15,-5.33570225040118e-12,306,96741
16,-5.33570225040118e-12,306,96741
17,-5.33570225040118e-12,306,96741
18,-5.33570225040118e-12,306,96741
19,-5.33570225040118e-12,306,96741
20,-5.33570225040118e-12,306,96741
21,-5.33570225040118e-12,306,96741
22,-5.33570225040118e-12,306,96741
23,-24.3862026807498,306,96741
1,-3.63797880709171e-12,308,96826
2,-3.63797880709171e-12,308,96826
3,-3.63797880709171e-12,308,96826
4,-3.63797880709171e-12,308,96826
5,-3.63797880709171e-12,308,96826
6,-3.63797880709171e-12,308,96826
7,-3.63797880709171e-12,308,96826
8,-69.652977993732,308,96826
9,-3.63797880709171e-12,308,96826
10,-3.63797880709171e-12,308,96826
11,-3.63797880709171e-12,308,96826
12,-3.63797880709171e-12,308,96826
13,-3.63797880709171e-12,308,96826
14,-3.63797880709171e-12,308,96826
15,-3.63797880709171e-12,308,96826
16,-3.63797880709171e-12,308,96826
17,-3.63797880709171e-12,308,96826
18,-3.63797880709171e-12,308,96826
19,-3.63797880709171e-12,308,96826
20,-3.63797880709171e-12,308,96826
21,-3.63797880709171e-12,308,96826
22,-3.63797880709171e-12,308,96826
23,-69.652977993732,308,96826
1,-9.21621297796568e-12,311,96727
2,-9.21621297796568e-12,311,96727
3,-9.21621297796568e-12,311,96727
4,-9.21621297796568e-12,311,96727
5,-9.21621297796568e-12,311,96727
6,-9.21621297796568e-12,311,96727
7,-9.21621297796568e-12,311,96727
8,-9.21621297796568e-12,311,96727
9,-9.21621297796568e-12,311,96727
10,-9.21621297796568e-12,311,96727
11,-9.21621297796568e-12,311,96727
12,-9.21621297796568e-12,311,96727
13,-9.21621297796568e-12,311,96727
14,-9.21621297796568e-12,311,96727
15,-9.21621297796568e-12,311,96727
16,-9.21621297796568e-12,311,96727
17,-15.943430798754,311,96727
18,-9.21621297796568e-12,311,96727
19,-9.21621297796568e-12,311,96727
20,-9.21621297796568e-12,311,96727
21,-9.21621297796568e-12,311,96727
22,-9.21621297796568e-12,311,96727
23,-15.9434308007554,311,96727
1,0,319,96712
2,0,319,96712
3,0,319,96712
4,0,319,96712
5,0,319,96712
6,0,319,96712
7,0,319,96712
8,-28.5940649910499,319,96712
9,0,319,96712
10,0,319,96712
11,0,319,96712
12,0,319,96712
13,0,319,96712
14,0,319,96712
15,0,319,96712
16,0,319,96712
17,0,319,96712
18,0,319,96712
19,0,319,96712
20,0,319,96712
21,0,319,96712
22,0,319,96712
23,-28.5940649932493,319,96712
1,-1.30967237055302e-11,320,96746
2,-1.30967237055302e-11,320,96746
3,-1.30967237055302e-11,320,96746
4,-1.30967237055302e-11,320,96746
5,-1.30967237055302e-11,320,96746
6,-1.30967237055302e-11,320,96746
7,-1.30967237055302e-11,320,96746
8,-1.30967237055302e-11,320,96746
9,-1.30967237055302e-11,320,96746
10,-1.30967237055302e-11,320,96746
11,-1.30967237055302e-11,320,96746
12,-1.30967237055302e-11,320,96746
13,-1.30967237055302e-11,320,96746
14,-1.30967237055302e-11,320,96746
15,-1.30967237055302e-11,320,96746
16,-1.30967237055302e-11,320,96746
17,-1.30967237055302e-11,320,96746
18,-1.30967237055302e-11,320,96746
19,-1.30967237055302e-11,320,96746
20,-25.4662673001153,320,96746
21,-1.30967237055302e-11,320,96746
22,-1.30967237055302e-11,320,96746
23,-25.4662673001153,320,96746
1,-5.82076609134674e-12,321,96746
2,-5.82076609134674e-12,321,96746
3,-5.82076609134674e-12,321,96746
4,-5.82076609134674e-12,321,96746
5,-5.82076609134674e-12,321,96746
6,-5.82076609134674e-12,321,96746
7,-5.82076609134674e-12,321,96746
8,-5.82076609134674e-12,321,96746
9,-5.82076609134674e-12,321,96746
10,-5.82076609134674e-12,321,96746
11,-5.82076609134674e-12,321,96746
12,-5.82076609134674e-12,321,96746
13,-5.82076609134674e-12,321,96746
14,-5.82076609134674e-12,321,96746
15,-17.5988992557816,321,96746
16,-5.82076609134674e-12,321,96746
17,-5.82076609134674e-12,321,96746
18,-5.82076609134674e-12,321,96746
19,-5.82076609134674e-12,321,96746
20,-5.82076609134674e-12,321,96746
21,-5.82076609134674e-12,321,96746
22,-5.82076609134674e-12,321,96746
23,-17.5988992570938,321,96746
1,-1.06714045008024e-11,328,96813
2,-1.06714045008024e-11,328,96813
3,-1.06714045008024e-11,328,96813
4,-1.06714045008024e-11,328,96813
5,-1.06714045008024e-11,328,96813
6,-34.2894257591552,328,96813
7,-1.06714045008024e-11,328,96813
8,-1.06714045008024e-11,328,96813
9,-1.06714045008024e-11,328,96813
10,-1.06714045008024e-11,328,96813
11,-1.06714045008024e-11,328,96813
12,-1.06714045008024e-11,328,96813
13,-1.06714045008024e-11,328,96813
14,-1.06714045008024e-11,328,96813
15,-1.06714045008024e-11,328,96813
16,-1.06714045008024e-11,328,96813
17,-1.06714045008024e-11,328,96813
18,-1.06714045008024e-11,328,96813
19,-1.06714045008024e-11,328,96813
20,-1.06714045008024e-11,328,96813
21,-1.06714045008024e-11,328,96813
22,-1.06714045008024e-11,328,96813
23,-34.2894257591552,328,96813
1,-4.85063840945561e-13,5241,96766
2,-4.85063840945561e-13,5241,96766
3,-4.85063840945561e-13,5241,96766
4,-4.85063840945561e-13,5241,96766
5,-4.85063840945561e-13,5241,96766
6,-4.85063840945561e-13,5241,96766
7,-4.85063840945561e-13,5241,96766
8,-18.5696515372692,5241,96766
9,-4.85063840945561e-13,5241,96766
10,-4.85063840945561e-13,5241,96766
11,-4.85063840945561e-13,5241,96766
12,-4.85063840945561e-13,5241,96766
13,-4.85063840945561e-13,5241,96766
14,-4.85063840945561e-13,5241,96766
15,-4.85063840945561e-13,5241,96766
16,-4.85063840945561e-13,5241,96766
17,-4.85063840945561e-13,5241,96766
18,-4.85063840945561e-13,5241,96766
19,-4.85063840945561e-13,5241,96766
20,-4.85063840945561e-13,5241,96766
21,-4.85063840945561e-13,5241,96766
22,-4.85063840945561e-13,5241,96766
23,-18.5696515372692,5241,96766
1,-6.3058299322923e-12,341,96701
2,-6.3058299322923e-12,341,96701
3,-6.3058299322923e-12,341,96701
4,-6.3058299322923e-12,341,96701
5,-6.3058299322923e-12,341,96701
6,-6.3058299322923e-12,341,96701
7,-6.3058299322923e-12,341,96701
8,-6.3058299322923e-12,341,96701
9,-6.3058299322923e-12,341,96701
10,-6.3058299322923e-12,341,96701
11,-6.3058299322923e-12,341,96701
12,-6.3058299322923e-12,341,96701
13,-6.3058299322923e-12,341,96701
14,-6.3058299322923e-12,341,96701
15,-6.3058299322923e-12,341,96701
16,-6.3058299322923e-12,341,96701
17,-6.3058299322923e-12,341,96701
18,-6.3058299322923e-12,341,96701
19,-6.3058299322923e-12,341,96701
20,-88.8758318953986,341,96701
21,-6.3058299322923e-12,341,96701
22,-6.3058299322923e-12,341,96701
23,-88.8758319011666,341,96701
1,-6.79089377323786e-12,344,96815
2,-6.79089377323786e-12,344,96815
3,-6.79089377323786e-12,344,96815
4,-6.79089377323786e-12,344,96815
5,-6.79089377323786e-12,344,96815
6,-6.79089377323786e-12,344,96815
7,-6.79089377323786e-12,344,96815
8,-37.8957783384918,344,96815
9,-6.79089377323786e-12,344,96815
10,-6.79089377323786e-12,344,96815
11,-6.79089377323786e-12,344,96815
12,-6.79089377323786e-12,344,96815
13,-6.79089377323786e-12,344,96815
14,-6.79089377323786e-12,344,96815
15,-6.79089377323786e-12,344,96815
16,-6.79089377323786e-12,344,96815
17,-6.79089377323786e-12,344,96815
18,-6.79089377323786e-12,344,96815
19,-6.79089377323786e-12,344,96815
20,-6.79089377323786e-12,344,96815
21,-6.79089377323786e-12,344,96815
22,-6.79089377323786e-12,344,96815
23,-37.8957783384918,344,96815
1,-6.79089377323786e-12,352,96756
2,-6.79089377323786e-12,352,96756
3,-6.79089377323786e-12,352,96756
4,-6.79089377323786e-12,352,96756
5,-6.79089377323786e-12,352,96756
6,-6.79089377323786e-12,352,96756
7,-6.79089377323786e-12,352,96756
8,-6.79089377323786e-12,352,96756
9,-6.79089377323786e-12,352,96756
10,-6.79089377323786e-12,352,96756
11,-6.79089377323786e-12,352,96756
12,-6.79089377323786e-12,352,96756
13,-6.79089377323786e-12,352,96756
14,-23.1574467319418,352,96756
15,-6.79089377323786e-12,352,96756
16,-6.79089377323786e-12,352,96756
17,-6.79089377323786e-12,352,96756
18,-6.79089377323786e-12,352,96756
19,-6.79089377323786e-12,352,96756
20,-6.79089377323786e-12,352,96756
21,-6.79089377323786e-12,352,96756
22,-6.79089377323786e-12,352,96756
23,-23.1574467319418,352,96756
1,6.3058299322923e-12,357,96734
2,6.3058299322923e-12,357,96734
3,6.3058299322923e-12,357,96734
4,6.3058299322923e-12,357,96734
5,6.3058299322923e-12,357,96734
6,6.3058299322923e-12,357,96734
7,6.3058299322923e-12,357,96734
8,6.3058299322923e-12,357,96734
9,6.3058299322923e-12,357,96734
10,6.3058299322923e-12,357,96734
11,6.3058299322923e-12,357,96734
12,6.3058299322923e-12,357,96734
13,6.3058299322923e-12,357,96734
14,-95.1448890807495,357,96734
15,6.3058299322923e-12,357,96734
16,6.3058299322923e-12,357,96734
17,6.3058299322923e-12,357,96734
18,6.3058299322923e-12,357,96734
19,6.3058299322923e-12,357,96734
20,6.3058299322923e-12,357,96734
21,6.3058299322923e-12,357,96734
22,6.3058299322923e-12,357,96734
23,-95.1448890807495,357,96734
1,3.63797880709171e-12,363,96740
2,3.63797880709171e-12,363,96740
3,3.63797880709171e-12,363,96740
4,3.63797880709171e-12,363,96740
5,3.63797880709171e-12,363,96740
6,3.63797880709171e-12,363,96740
7,3.63797880709171e-12,363,96740
8,3.63797880709171e-12,363,96740
9,3.63797880709171e-12,363,96740
10,3.63797880709171e-12,363,96740
11,3.63797880709171e-12,363,96740
12,3.63797880709171e-12,363,96740
13,3.63797880709171e-12,363,96740
14,-20.616970335406,363,96740
15,3.63797880709171e-12,363,96740
16,3.63797880709171e-12,363,96740
17,3.63797880709171e-12,363,96740
18,3.63797880709171e-12,363,96740
19,3.63797880709171e-12,363,96740
20,3.63797880709171e-12,363,96740
21,3.63797880709171e-12,363,96740
22,3.63797880709171e-12,363,96740
23,-20.616970335406,363,96740
1,-2.23129366834958e-11,383,96741
2,-2.23129366834958e-11,383,96741
3,-2.23129366834958e-11,383,96741
4,-2.23129366834958e-11,383,96741
5,-2.23129366834958e-11,383,96741
6,-2.23129366834958e-11,383,96741
7,-2.23129366834958e-11,383,96741
8,-2.23129366834958e-11,383,96741
9,-2.23129366834958e-11,383,96741
10,-2.23129366834958e-11,383,96741
11,-2.23129366834958e-11,383,96741
12,-2.23129366834958e-11,383,96741
13,-2.23129366834958e-11,383,96741
14,-43.8861459983173,383,96741
15,-2.23129366834958e-11,383,96741
16,-2.23129366834958e-11,383,96741
17,-2.23129366834958e-11,383,96741
18,-2.23129366834958e-11,383,96741
19,-2.23129366834958e-11,383,96741
20,-2.23129366834958e-11,383,96741
21,-2.23129366834958e-11,383,96741
22,-2.23129366834958e-11,383,96741
23,-43.8861459983173,383,96741
1,-8.24608529607455e-12,388,96746
2,-8.24608529607455e-12,388,96746
3,-8.24608529607455e-12,388,96746
4,-8.24608529607455e-12,388,96746
5,-8.24608529607455e-12,388,96746
6,-8.24608529607455e-12,388,96746
7,-8.24608529607455e-12,388,96746
8,-8.24608529607455e-12,388,96746
9,-8.24608529607455e-12,388,96746
10,-8.24608529607455e-12,388,96746
11,-8.24608529607455e-12,388,96746
12,-8.24608529607455e-12,388,96746
13,-8.24608529607455e-12,388,96746
14,-8.24608529607455e-12,388,96746
15,-8.24608529607455e-12,388,96746
16,-19.4863608541562,388,96746
17,-8.24608529607455e-12,388,96746
18,-8.24608529607455e-12,388,96746
19,-8.24608529607455e-12,388,96746
20,-8.24608529607455e-12,388,96746
21,-8.24608529607455e-12,388,96746
22,-8.24608529607455e-12,388,96746
23,-19.4863608559691,388,96746
1,-3.8805107275645e-12,392,96797
2,-3.8805107275645e-12,392,96797
3,-3.8805107275645e-12,392,96797
4,-3.8805107275645e-12,392,96797
5,-3.8805107275645e-12,392,96797
6,-3.8805107275645e-12,392,96797
7,-3.8805107275645e-12,392,96797
8,-3.8805107275645e-12,392,96797
9,-3.8805107275645e-12,392,96797
10,-3.8805107275645e-12,392,96797
11,-3.8805107275645e-12,392,96797
12,-3.8805107275645e-12,392,96797
13,-3.8805107275645e-12,392,96797
14,-3.8805107275645e-12,392,96797
15,-3.8805107275645e-12,392,96797
16,-3.8805107275645e-12,392,96797
17,-3.8805107275645e-12,392,96797
18,-3.8805107275645e-12,392,96797
19,-13.1288766200746,392,96797
20,-3.8805107275645e-12,392,96797
21,-3.8805107275645e-12,392,96797
22,-3.8805107275645e-12,392,96797
23,-13.1288766200746,392,96797
1,-8.7311491370201e-12,395,96740
2,-8.7311491370201e-12,395,96740
3,-8.7311491370201e-12,395,96740
4,-8.7311491370201e-12,395,96740
5,-8.7311491370201e-12,395,96740
6,-8.7311491370201e-12,395,96740
7,-8.7311491370201e-12,395,96740
8,-8.7311491370201e-12,395,96740
9,-8.7311491370201e-12,395,96740
10,-8.7311491370201e-12,395,96740
11,-8.7311491370201e-12,395,96740
12,-8.7311491370201e-12,395,96740
13,-8.7311491370201e-12,395,96740
14,-8.7311491370201e-12,395,96740
15,-130.043162773211,395,96740
16,-8.7311491370201e-12,395,96740
17,-8.7311491370201e-12,395,96740
18,-8.7311491370201e-12,395,96740
19,-8.7311491370201e-12,395,96740
20,-8.7311491370201e-12,395,96740
21,-8.7311491370201e-12,395,96740
22,-8.7311491370201e-12,395,96740
23,-130.043162773242,395,96740
1,-6.3058299322923e-12,404,96825
2,-6.3058299322923e-12,404,96825
3,-467.21970608973,404,96825
4,-6.3058299322923e-12,404,96825
5,-6.3058299322923e-12,404,96825
6,-6.3058299322923e-12,404,96825
7,-6.3058299322923e-12,404,96825
8,-6.3058299322923e-12,404,96825
9,-6.3058299322923e-12,404,96825
10,-6.3058299322923e-12,404,96825
11,-6.3058299322923e-12,404,96825
12,-6.3058299322923e-12,404,96825
13,-6.3058299322923e-12,404,96825
14,-6.3058299322923e-12,404,96825
15,-6.3058299322923e-12,404,96825
16,-6.3058299322923e-12,404,96825
17,-6.3058299322923e-12,404,96825
18,-6.3058299322923e-12,404,96825
19,-6.3058299322923e-12,404,96825
20,-6.3058299322923e-12,404,96825
21,-128.941536888129,404,96825
22,-6.3058299322923e-12,404,96825
23,-599.098589038942,404,96825
1,-4.85063840945563e-13,409,96782
2,-4.85063840945563e-13,409,96782
3,-4.85063840945563e-13,409,96782
4,-4.85063840945563e-13,409,96782
5,-4.85063840945563e-13,409,96782
6,-4.85063840945563e-13,409,96782
7,-4.85063840945563e-13,409,96782
8,-4.85063840945563e-13,409,96782
9,-4.85063840945563e-13,409,96782
10,-4.85063840945563e-13,409,96782
11,-107.002335423412,409,96782
12,-4.85063840945563e-13,409,96782
13,-4.85063840945563e-13,409,96782
14,-4.85063840945563e-13,409,96782
15,-4.85063840945563e-13,409,96782
16,-4.85063840945563e-13,409,96782
17,-4.85063840945563e-13,409,96782
18,-4.85063840945563e-13,409,96782
19,-4.85063840945563e-13,409,96782
20,-4.85063840945563e-13,409,96782
21,-4.85063840945563e-13,409,96782
22,-4.85063840945563e-13,409,96782
23,-107.002335455595,409,96782
1,-3.63797880709171e-12,5251,96746
2,-3.63797880709171e-12,5251,96746
3,-3.63797880709171e-12,5251,96746
4,-3.63797880709171e-12,5251,96746
5,-3.63797880709171e-12,5251,96746
6,-3.63797880709171e-12,5251,96746
7,-27.9075022282291,5251,96746
8,-3.63797880709171e-12,5251,96746
9,-3.63797880709171e-12,5251,96746
10,-3.63797880709171e-12,5251,96746
11,-3.63797880709171e-12,5251,96746
12,-3.63797880709171e-12,5251,96746
13,-3.63797880709171e-12,5251,96746
14,-3.63797880709171e-12,5251,96746
15,-3.63797880709171e-12,5251,96746
16,-3.63797880709171e-12,5251,96746
17,-3.63797880709171e-12,5251,96746
18,-3.63797880709171e-12,5251,96746
19,-3.63797880709171e-12,5251,96746
20,-3.63797880709171e-12,5251,96746
21,-3.63797880709171e-12,5251,96746
22,-3.63797880709171e-12,5251,96746
23,-27.9075022407252,5251,96746
1,-7.03342569371065e-12,413,96789
2,-7.03342569371065e-12,413,96789
3,-7.03342569371065e-12,413,96789
4,-7.03342569371065e-12,413,96789
5,-7.03342569371065e-12,413,96789
6,-7.03342569371065e-12,413,96789
7,-7.03342569371065e-12,413,96789
8,-7.03342569371065e-12,413,96789
9,-7.03342569371065e-12,413,96789
10,-7.03342569371065e-12,413,96789
11,-7.03342569371065e-12,413,96789
12,-13.0964641646412,413,96789
13,-7.03342569371065e-12,413,96789
14,-7.03342569371065e-12,413,96789
15,-7.03342569371065e-12,413,96789
16,-7.03342569371065e-12,413,96789
17,-7.03342569371065e-12,413,96789
18,-7.03342569371065e-12,413,96789
19,-7.03342569371065e-12,413,96789
20,-7.03342569371065e-12,413,96789
21,-7.03342569371065e-12,413,96789
22,-7.03342569371065e-12,413,96789
23,-13.0964641646412,413,96789
1,-7.03342569371065e-12,417,96814
2,-7.03342569371065e-12,417,96814
3,-7.03342569371065e-12,417,96814
4,-7.03342569371065e-12,417,96814
5,-7.03342569371065e-12,417,96814
6,-7.03342569371065e-12,417,96814
7,-7.03342569371065e-12,417,96814
8,-7.03342569371065e-12,417,96814
9,-7.03342569371065e-12,417,96814
10,-7.03342569371065e-12,417,96814
11,-7.03342569371065e-12,417,96814
12,-13.0964641646412,417,96814
13,-7.03342569371065e-12,417,96814
14,-7.03342569371065e-12,417,96814
15,-7.03342569371065e-12,417,96814
16,-7.03342569371065e-12,417,96814
17,-7.03342569371065e-12,417,96814
18,-7.03342569371065e-12,417,96814
19,-7.03342569371065e-12,417,96814
20,-7.03342569371065e-12,417,96814
21,-7.03342569371065e-12,417,96814
22,-7.03342569371065e-12,417,96814
23,-13.0964641646412,417,96814
1,-1.01863406598568e-11,422,96821
2,-1.01863406598568e-11,422,96821
3,-1.01863406598568e-11,422,96821
4,-1.01863406598568e-11,422,96821
5,-1.01863406598568e-11,422,96821
6,-1.01863406598568e-11,422,96821
7,-1.01863406598568e-11,422,96821
8,-1.01863406598568e-11,422,96821
9,-1.01863406598568e-11,422,96821
10,-1.01863406598568e-11,422,96821
11,-1.01863406598568e-11,422,96821
12,-1.01863406598568e-11,422,96821
13,-1.01863406598568e-11,422,96821
14,-33.9319532831966,422,96821
15,-1.01863406598568e-11,422,96821
16,-1.01863406598568e-11,422,96821
17,-1.01863406598568e-11,422,96821
18,-1.01863406598568e-11,422,96821
19,-1.01863406598568e-11,422,96821
20,-1.01863406598568e-11,422,96821
21,-1.01863406598568e-11,422,96821
22,-1.01863406598568e-11,422,96821
23,-33.9319532831966,422,96821
1,-1.45519152283669e-12,427,96703
2,-1.45519152283669e-12,427,96703
3,-1.45519152283669e-12,427,96703
4,-1.45519152283669e-12,427,96703
5,-1.45519152283669e-12,427,96703
6,-1.45519152283669e-12,427,96703
7,-1.45519152283669e-12,427,96703
8,-1.45519152283669e-12,427,96703
9,-1.45519152283669e-12,427,96703
10,-1.45519152283669e-12,427,96703
11,-1.45519152283669e-12,427,96703
12,-1.45519152283669e-12,427,96703
13,-1.45519152283669e-12,427,96703
14,-1.45519152283669e-12,427,96703
15,-1.45519152283669e-12,427,96703
16,-1.45519152283669e-12,427,96703
17,-1.45519152283669e-12,427,96703
18,-1.45519152283669e-12,427,96703
19,-1.45519152283669e-12,427,96703
20,-497.741136538247,427,96703
21,-1.45519152283669e-12,427,96703
22,-1.45519152283669e-12,427,96703
23,-497.741136773135,427,96703
1,-1.35817875464757e-11,430,96816
2,-1.35817875464757e-11,430,96816
3,-1.35817875464757e-11,430,96816
4,-1.35817875464757e-11,430,96816
5,-1.35817875464757e-11,430,96816
6,-1.35817875464757e-11,430,96816
7,-1.35817875464757e-11,430,96816
8,-1.35817875464757e-11,430,96816
9,-1.35817875464757e-11,430,96816
10,-1.35817875464757e-11,430,96816
11,-1.35817875464757e-11,430,96816
12,-1.35817875464757e-11,430,96816
13,-1.35817875464757e-11,430,96816
14,-184.270128958997,430,96816
15,-1.35817875464757e-11,430,96816
16,-1.35817875464757e-11,430,96816
17,-1.35817875464757e-11,430,96816
18,-1.35817875464757e-11,430,96816
19,-1.35817875464757e-11,430,96816
20,-1.35817875464757e-11,430,96816
21,-1.35817875464757e-11,430,96816
22,-1.35817875464757e-11,430,96816
23,-184.270128958997,430,96816
1,-7.76102145512899e-12,432,96707
2,-7.76102145512899e-12,432,96707
3,-7.76102145512899e-12,432,96707
4,-7.76102145512899e-12,432,96707
5,-7.76102145512899e-12,432,96707
6,-7.76102145512899e-12,432,96707
7,-7.76102145512899e-12,432,96707
8,-7.76102145512899e-12,432,96707
9,-7.76102145512899e-12,432,96707
10,-7.76102145512899e-12,432,96707
11,-7.76102145512899e-12,432,96707
12,-7.76102145512899e-12,432,96707
13,-7.76102145512899e-12,432,96707
14,-7.76102145512899e-12,432,96707
15,-7.76102145512899e-12,432,96707
16,-7.76102145512899e-12,432,96707
17,-7.76102145512899e-12,432,96707
18,-91.6346159689094,432,96707
19,-7.76102145512899e-12,432,96707
20,-7.76102145512899e-12,432,96707
21,-7.76102145512899e-12,432,96707
22,-7.76102145512899e-12,432,96707
23,-91.6346159689094,432,96707
1,-5.82076609134674e-12,5257,96791
2,-5.82076609134674e-12,5257,96791
3,-5.82076609134674e-12,5257,96791
4,-5.82076609134674e-12,5257,96791
5,-5.82076609134674e-12,5257,96791
6,-5.82076609134674e-12,5257,96791
7,-5.82076609134674e-12,5257,96791
8,-5.82076609134674e-12,5257,96791
9,-5.82076609134674e-12,5257,96791
10,-5.82076609134674e-12,5257,96791
11,-5.82076609134674e-12,5257,96791
12,-5.82076609134674e-12,5257,96791
13,-5.82076609134674e-12,5257,96791
14,-9.57729295511381,5257,96791
15,-5.82076609134674e-12,5257,96791
16,-5.82076609134674e-12,5257,96791
17,-5.82076609134674e-12,5257,96791
18,-5.82076609134674e-12,5257,96791
19,-5.82076609134674e-12,5257,96791
20,-5.82076609134674e-12,5257,96791
21,-5.82076609134674e-12,5257,96791
22,-5.82076609134674e-12,5257,96791
23,-9.57729295511381,5257,96791
1,-1.30967237055302e-11,461,96734
2,-1.30967237055302e-11,461,96734
3,-1.30967237055302e-11,461,96734
4,-1.30967237055302e-11,461,96734
5,-1.30967237055302e-11,461,96734
6,-1.30967237055302e-11,461,96734
7,-39.4965281728655,461,96734
8,-1.30967237055302e-11,461,96734
9,-1.30967237055302e-11,461,96734
10,-1.30967237055302e-11,461,96734
11,-1.30967237055302e-11,461,96734
12,-1.30967237055302e-11,461,96734
13,-1.30967237055302e-11,461,96734
14,-1.30967237055302e-11,461,96734
15,-1.30967237055302e-11,461,96734
16,-1.30967237055302e-11,461,96734
17,-1.30967237055302e-11,461,96734
18,-1.30967237055302e-11,461,96734
19,-1.30967237055302e-11,461,96734
20,-1.30967237055302e-11,461,96734
21,-1.30967237055302e-11,461,96734
22,-1.30967237055302e-11,461,96734
23,-39.4965281728655,461,96734
1,-4.85063840945566e-13,5265,96712
2,-4.85063840945566e-13,5265,96712
3,-4.85063840945566e-13,5265,96712
4,-4.85063840945566e-13,5265,96712
5,-4.85063840945566e-13,5265,96712
6,-4.85063840945566e-13,5265,96712
7,-4.85063840945566e-13,5265,96712
8,-4.85063840945566e-13,5265,96712
9,-4.85063840945566e-13,5265,96712
10,-4.85063840945566e-13,5265,96712
11,-4.85063840945566e-13,5265,96712
12,-4.85063840945566e-13,5265,96712
13,-4.85063840945566e-13,5265,96712
14,-22.4138706718494,5265,96712
15,-4.85063840945566e-13,5265,96712
16,-4.85063840945566e-13,5265,96712
17,-4.85063840945566e-13,5265,96712
18,-4.85063840945566e-13,5265,96712
19,-4.85063840945566e-13,5265,96712
20,-4.85063840945566e-13,5265,96712
21,-4.85063840945566e-13,5265,96712
22,-4.85063840945566e-13,5265,96712
23,-22.4138706718494,5265,96712
1,-8.24608529607455e-12,467,96782
2,-8.24608529607455e-12,467,96782
3,-8.24608529607455e-12,467,96782
4,-8.24608529607455e-12,467,96782
5,-8.24608529607455e-12,467,96782
6,-8.24608529607455e-12,467,96782
7,-8.24608529607455e-12,467,96782
8,-8.24608529607455e-12,467,96782
9,-8.24608529607455e-12,467,96782
10,-8.24608529607455e-12,467,96782
11,-8.24608529607455e-12,467,96782
12,-8.24608529607455e-12,467,96782
13,-8.24608529607455e-12,467,96782
14,-8.24608529607455e-12,467,96782
15,-8.24608529607455e-12,467,96782
16,-8.24608529607455e-12,467,96782
17,-8.24608529607455e-12,467,96782
18,-8.24608529607455e-12,467,96782
19,-8.24608529607455e-12,467,96782
20,-30.9399657048938,467,96782
21,-8.24608529607455e-12,467,96782
22,-8.24608529607455e-12,467,96782
23,-30.9399657106626,467,96782
1,-7.76102145512899e-12,472,96826
2,-7.76102145512899e-12,472,96826
3,-7.76102145512899e-12,472,96826
4,-7.76102145512899e-12,472,96826
5,-7.76102145512899e-12,472,96826
6,-7.76102145512899e-12,472,96826
7,-7.76102145512899e-12,472,96826
8,-7.76102145512899e-12,472,96826
9,-7.76102145512899e-12,472,96826
10,-7.76102145512899e-12,472,96826
11,-7.76102145512899e-12,472,96826
12,-7.76102145512899e-12,472,96826
13,-7.76102145512899e-12,472,96826
14,-7.76102145512899e-12,472,96826
15,-7.76102145512899e-12,472,96826
16,-7.76102145512899e-12,472,96826
17,-18.8136100520225,472,96826
18,-7.76102145512899e-12,472,96826
19,-7.76102145512899e-12,472,96826
20,-7.76102145512899e-12,472,96826
21,-7.76102145512899e-12,472,96826
22,-7.76102145512899e-12,472,96826
23,-18.8136100520225,472,96826
1,-6.3058299322923e-12,473,96826
2,-6.3058299322923e-12,473,96826
3,-6.3058299322923e-12,473,96826
4,-6.3058299322923e-12,473,96826
5,-6.3058299322923e-12,473,96826
6,-6.3058299322923e-12,473,96826
7,-6.3058299322923e-12,473,96826
8,-6.3058299322923e-12,473,96826
9,-6.3058299322923e-12,473,96826
10,-6.3058299322923e-12,473,96826
11,-6.3058299322923e-12,473,96826
12,-6.3058299322923e-12,473,96826
13,-6.3058299322923e-12,473,96826
14,-21.6589578506139,473,96826
15,-6.3058299322923e-12,473,96826
16,-6.3058299322923e-12,473,96826
17,-6.3058299322923e-12,473,96826
18,-6.3058299322923e-12,473,96826
19,-6.3058299322923e-12,473,96826
20,-6.3058299322923e-12,473,96826
21,-6.3058299322923e-12,473,96826
22,-6.3058299322923e-12,473,96826
23,-21.6589578506139,473,96826
1,4.36557456851005e-12,5268,96765
2,4.36557456851005e-12,5268,96765
3,4.36557456851005e-12,5268,96765
4,4.36557456851005e-12,5268,96765
5,4.36557456851005e-12,5268,96765
6,4.36557456851005e-12,5268,96765
7,4.36557456851005e-12,5268,96765
8,4.36557456851005e-12,5268,96765
9,4.36557456851005e-12,5268,96765
10,4.36557456851005e-12,5268,96765
11,4.36557456851005e-12,5268,96765
12,4.36557456851005e-12,5268,96765
13,4.36557456851005e-12,5268,96765
14,-20.7208124952362,5268,96765
15,4.36557456851005e-12,5268,96765
16,4.36557456851005e-12,5268,96765
17,4.36557456851005e-12,5268,96765
18,4.36557456851005e-12,5268,96765
19,4.36557456851005e-12,5268,96765
20,4.36557456851005e-12,5268,96765
21,4.36557456851005e-12,5268,96765
22,4.36557456851005e-12,5268,96765
23,-20.7208124952362,5268,96765
1,-6.79089377323786e-12,474,96744
2,-6.79089377323786e-12,474,96744
3,-6.79089377323786e-12,474,96744
4,-6.79089377323786e-12,474,96744
5,-6.79089377323786e-12,474,96744
6,-6.79089377323786e-12,474,96744
7,-6.79089377323786e-12,474,96744
8,-18.2242604088007,474,96744
9,-6.79089377323786e-12,474,96744
10,-6.79089377323786e-12,474,96744
11,-6.79089377323786e-12,474,96744
12,-6.79089377323786e-12,474,96744
13,-6.79089377323786e-12,474,96744
14,-6.79089377323786e-12,474,96744
15,-6.79089377323786e-12,474,96744
16,-6.79089377323786e-12,474,96744
17,-6.79089377323786e-12,474,96744
18,-6.79089377323786e-12,474,96744
19,-6.79089377323786e-12,474,96744
20,-6.79089377323786e-12,474,96744
21,-6.79089377323786e-12,474,96744
22,-6.79089377323786e-12,474,96744
23,-18.2242604128679,474,96744
1,-1.06714045008024e-11,476,96815
2,-1.06714045008024e-11,476,96815
3,-1.06714045008024e-11,476,96815
4,-1.06714045008024e-11,476,96815
5,-1.06714045008024e-11,476,96815
6,-34.2894257519524,476,96815
7,-1.06714045008024e-11,476,96815
8,-1.06714045008024e-11,476,96815
9,-1.06714045008024e-11,476,96815
10,-1.06714045008024e-11,476,96815
11,-1.06714045008024e-11,476,96815
12,-1.06714045008024e-11,476,96815
13,-1.06714045008024e-11,476,96815
14,-1.06714045008024e-11,476,96815
15,-1.06714045008024e-11,476,96815
16,-1.06714045008024e-11,476,96815
17,-1.06714045008024e-11,476,96815
18,-1.06714045008024e-11,476,96815
19,-1.06714045008024e-11,476,96815
20,-1.06714045008024e-11,476,96815
21,-1.06714045008024e-11,476,96815
22,-1.06714045008024e-11,476,96815
23,-34.2894257591552,476,96815
1,-2.42531920472781e-12,477,96701
2,-2.42531920472781e-12,477,96701
3,-2.42531920472781e-12,477,96701
4,-2.42531920472781e-12,477,96701
5,-2.42531920472781e-12,477,96701
6,-2.42531920472781e-12,477,96701
7,-2.42531920472781e-12,477,96701
8,-2.42531920472781e-12,477,96701
9,-2.42531920472781e-12,477,96701
10,-2.42531920472781e-12,477,96701
11,-14.998137239385,477,96701
12,-2.42531920472781e-12,477,96701
13,-2.42531920472781e-12,477,96701
14,-2.42531920472781e-12,477,96701
15,-2.42531920472781e-12,477,96701
16,-2.42531920472781e-12,477,96701
17,-2.42531920472781e-12,477,96701
18,-2.42531920472781e-12,477,96701
19,-2.42531920472781e-12,477,96701
20,-2.42531920472781e-12,477,96701
21,-2.42531920472781e-12,477,96701
22,-2.42531920472781e-12,477,96701
23,-14.9981372404359,477,96701
1,2.91038304567337e-12,483,96789
2,2.91038304567337e-12,483,96789
3,2.91038304567337e-12,483,96789
4,2.91038304567337e-12,483,96789
5,2.91038304567337e-12,483,96789
6,2.91038304567337e-12,483,96789
7,2.91038304567337e-12,483,96789
8,2.91038304567337e-12,483,96789
9,2.91038304567337e-12,483,96789
10,2.91038304567337e-12,483,96789
11,2.91038304567337e-12,483,96789
12,2.91038304567337e-12,483,96789
13,2.91038304567337e-12,483,96789
14,-33.0972224850625,483,96789
15,2.91038304567337e-12,483,96789
16,2.91038304567337e-12,483,96789
17,2.91038304567337e-12,483,96789
18,2.91038304567337e-12,483,96789
19,2.91038304567337e-12,483,96789
20,2.91038304567337e-12,483,96789
21,2.91038304567337e-12,483,96789
22,2.91038304567337e-12,483,96789
23,-33.0972224850625,483,96789
1,-7.27595761418343e-12,484,96792
2,-7.27595761418343e-12,484,96792
3,-7.27595761418343e-12,484,96792
4,-7.27595761418343e-12,484,96792
5,-7.27595761418343e-12,484,96792
6,-7.27595761418343e-12,484,96792
7,-7.27595761418343e-12,484,96792
8,-7.27595761418343e-12,484,96792
9,-7.27595761418343e-12,484,96792
10,-7.27595761418343e-12,484,96792
11,-7.27595761418343e-12,484,96792
12,-7.27595761418343e-12,484,96792
13,-7.27595761418343e-12,484,96792
14,-68.1687256141415,484,96792
15,-7.27595761418343e-12,484,96792
16,-7.27595761418343e-12,484,96792
17,-7.27595761418343e-12,484,96792
18,-7.27595761418343e-12,484,96792
19,-7.27595761418343e-12,484,96792
20,-7.27595761418343e-12,484,96792
21,-7.27595761418343e-12,484,96792
22,-7.27595761418343e-12,484,96792
23,-68.1687256141415,484,96792
1,-1.45519152283669e-12,511,96740
2,-1.45519152283669e-12,511,96740
3,-1.45519152283669e-12,511,96740
4,-1.45519152283669e-12,511,96740
5,-1.45519152283669e-12,511,96740
6,-1.45519152283669e-12,511,96740
7,-1.45519152283669e-12,511,96740
8,-1.45519152283669e-12,511,96740
9,-1.45519152283669e-12,511,96740
10,-1.45519152283669e-12,511,96740
11,-1.45519152283669e-12,511,96740
12,-1.45519152283669e-12,511,96740
13,-1.45519152283669e-12,511,96740
14,-1.45519152283669e-12,511,96740
15,-1.45519152283669e-12,511,96740
16,-1.45519152283669e-12,511,96740
17,-1.45519152283669e-12,511,96740
18,-1.45519152283669e-12,511,96740
19,-1.45519152283669e-12,511,96740
20,-20.5384777808615,511,96740
21,-1.45519152283669e-12,511,96740
22,-1.45519152283669e-12,511,96740
23,-20.5384777808615,511,96740
1,0,5272,96734
2,0,5272,96734
3,0,5272,96734
4,0,5272,96734
5,0,5272,96734
6,0,5272,96734
7,0,5272,96734
8,-28.5940649932493,5272,96734
9,0,5272,96734
10,0,5272,96734
11,0,5272,96734
12,0,5272,96734
13,0,5272,96734
14,0,5272,96734
15,0,5272,96734
16,0,5272,96734
17,0,5272,96734
18,0,5272,96734
19,0,5272,96734
20,0,5272,96734
21,0,5272,96734
22,0,5272,96734
23,-28.5940649932493,5272,96734
1,-4.36557456851005e-12,535,96782
2,-4.36557456851005e-12,535,96782
3,-111.5180587746,535,96782
4,-4.36557456851005e-12,535,96782
5,-4.36557456851005e-12,535,96782
6,-4.36557456851005e-12,535,96782
7,-4.36557456851005e-12,535,96782
8,-4.36557456851005e-12,535,96782
9,-4.36557456851005e-12,535,96782
10,-4.36557456851005e-12,535,96782
11,-4.36557456851005e-12,535,96782
12,-4.36557456851005e-12,535,96782
13,-4.36557456851005e-12,535,96782
14,-4.36557456851005e-12,535,96782
15,-4.36557456851005e-12,535,96782
16,-4.36557456851005e-12,535,96782
17,-4.36557456851005e-12,535,96782
18,-4.36557456851005e-12,535,96782
19,-4.36557456851005e-12,535,96782
20,-4.36557456851005e-12,535,96782
21,-4.36557456851005e-12,535,96782
22,-4.36557456851005e-12,535,96782
23,-111.5180587746,535,96782
1,-8.73114913702011e-12,5275,96743
2,-8.73114913702011e-12,5275,96743
3,-8.73114913702011e-12,5275,96743
4,-8.73114913702011e-12,5275,96743
5,-8.73114913702011e-12,5275,96743
6,-8.73114913702011e-12,5275,96743
7,-8.73114913702011e-12,5275,96743
8,-8.73114913702011e-12,5275,96743
9,-8.73114913702011e-12,5275,96743
10,-8.73114913702011e-12,5275,96743
11,-8.73114913702011e-12,5275,96743
12,-8.73114913702011e-12,5275,96743
13,-8.73114913702011e-12,5275,96743
14,-28.6883483075236,5275,96743
15,-8.73114913702011e-12,5275,96743
16,-8.73114913702011e-12,5275,96743
17,-8.73114913702011e-12,5275,96743
18,-8.73114913702011e-12,5275,96743
19,-8.73114913702011e-12,5275,96743
20,-8.73114913702011e-12,5275,96743
21,-8.73114913702011e-12,5275,96743
22,-8.73114913702011e-12,5275,96743
23,-28.6883483075236,5275,96743
1,-5.82076609134674e-12,536,96750
2,-5.82076609134674e-12,536,96750
3,-5.82076609134674e-12,536,96750
4,-5.82076609134674e-12,536,96750
5,-5.82076609134674e-12,536,96750
6,-5.82076609134674e-12,536,96750
7,-5.82076609134674e-12,536,96750
8,-5.82076609134674e-12,536,96750
9,-5.82076609134674e-12,536,96750
10,-5.82076609134674e-12,536,96750
11,-5.82076609134674e-12,536,96750
12,-5.82076609134674e-12,536,96750
13,-5.82076609134674e-12,536,96750
14,-5.82076609134674e-12,536,96750
15,-5.82076609134674e-12,536,96750
16,-131.553861736391,536,96750
17,-5.82076609134674e-12,536,96750
18,-5.82076609134674e-12,536,96750
19,-5.82076609134674e-12,536,96750
20,-5.82076609134674e-12,536,96750
21,-5.82076609134674e-12,536,96750
22,-5.82076609134674e-12,536,96750
23,-131.553861736391,536,96750
1,-1.45519152283669e-12,541,96741
2,-1.45519152283669e-12,541,96741
3,-1.45519152283669e-12,541,96741
4,-1.45519152283669e-12,541,96741
5,-1.45519152283669e-12,541,96741
6,-1.45519152283669e-12,541,96741
7,-1.45519152283669e-12,541,96741
8,-1.45519152283669e-12,541,96741
9,-1.45519152283669e-12,541,96741
10,-1.45519152283669e-12,541,96741
11,-1.45519152283669e-12,541,96741
12,-1.45519152283669e-12,541,96741
13,-1.45519152283669e-12,541,96741
14,-8.8344505121262,541,96741
15,-1.45519152283669e-12,541,96741
16,-1.45519152283669e-12,541,96741
17,-1.45519152283669e-12,541,96741
18,-1.45519152283669e-12,541,96741
19,-1.45519152283669e-12,541,96741
20,-1.45519152283669e-12,541,96741
21,-1.45519152283669e-12,541,96741
22,-1.45519152283669e-12,541,96741
23,-8.8344505121262,541,96741
1,3.8805107275645e-12,543,96817
2,3.8805107275645e-12,543,96817
3,3.8805107275645e-12,543,96817
4,3.8805107275645e-12,543,96817
5,3.8805107275645e-12,543,96817
6,3.8805107275645e-12,543,96817
7,3.8805107275645e-12,543,96817
8,3.8805107275645e-12,543,96817
9,3.8805107275645e-12,543,96817
10,3.8805107275645e-12,543,96817
11,3.8805107275645e-12,543,96817
12,3.8805107275645e-12,543,96817
13,3.8805107275645e-12,543,96817
14,-44.6301876835913,543,96817
15,3.8805107275645e-12,543,96817
16,3.8805107275645e-12,543,96817
17,3.8805107275645e-12,543,96817
18,3.8805107275645e-12,543,96817
19,3.8805107275645e-12,543,96817
20,3.8805107275645e-12,543,96817
21,3.8805107275645e-12,543,96817
22,3.8805107275645e-12,543,96817
23,-44.6301876835913,543,96817
1,0,555,96706
2,0,555,96706
3,0,555,96706
4,0,555,96706
5,0,555,96706
6,-21.0240381874712,555,96706
7,0,555,96706
8,0,555,96706
9,0,555,96706
10,0,555,96706
11,0,555,96706
12,0,555,96706
13,0,555,96706
14,0,555,96706
15,0,555,96706
16,0,555,96706
17,-17.6760617506477,555,96706
18,0,555,96706
19,0,555,96706
20,0,555,96706
21,0,555,96706
22,0,555,96706
23,-38.736637017955,555,96706
1,-8.73114913702011e-12,5281,96778
2,-8.73114913702011e-12,5281,96778
3,-8.73114913702011e-12,5281,96778
4,-8.73114913702011e-12,5281,96778
5,-8.73114913702011e-12,5281,96778
6,-8.73114913702011e-12,5281,96778
7,-8.73114913702011e-12,5281,96778
8,-8.73114913702011e-12,5281,96778
9,-8.73114913702011e-12,5281,96778
10,-8.73114913702011e-12,5281,96778
11,-8.73114913702011e-12,5281,96778
12,-8.73114913702011e-12,5281,96778
13,-8.73114913702011e-12,5281,96778
14,-110.698042364456,5281,96778
15,-8.73114913702011e-12,5281,96778
16,-8.73114913702011e-12,5281,96778
17,-8.73114913702011e-12,5281,96778
18,-8.73114913702011e-12,5281,96778
19,-8.73114913702011e-12,5281,96778
20,-8.73114913702011e-12,5281,96778
21,-8.73114913702011e-12,5281,96778
22,-8.73114913702011e-12,5281,96778
23,-110.698042364456,5281,96778
1,-1.01863406598568e-11,564,96814
2,-1.01863406598568e-11,564,96814
3,-1.01863406598568e-11,564,96814
4,-1.01863406598568e-11,564,96814
5,-1.01863406598568e-11,564,96814
6,-1.01863406598568e-11,564,96814
7,-1.01863406598568e-11,564,96814
8,-1.01863406598568e-11,564,96814
9,-1.01863406598568e-11,564,96814
10,-17.3215405506649,564,96814
11,-1.01863406598568e-11,564,96814
12,-1.01863406598568e-11,564,96814
13,-1.01863406598568e-11,564,96814
14,-1.01863406598568e-11,564,96814
15,-1.01863406598568e-11,564,96814
16,-1.01863406598568e-11,564,96814
17,-1.01863406598568e-11,564,96814
18,-1.01863406598568e-11,564,96814
19,-1.01863406598568e-11,564,96814
20,-1.01863406598568e-11,564,96814
21,-1.01863406598568e-11,564,96814
22,-1.01863406598568e-11,564,96814
23,-17.3215405506649,564,96814
1,-1.01863406598568e-11,5283,96822
2,-1.01863406598568e-11,5283,96822
3,-1.01863406598568e-11,5283,96822
4,-1.01863406598568e-11,5283,96822
5,-1.01863406598568e-11,5283,96822
6,-1.01863406598568e-11,5283,96822
7,-1.01863406598568e-11,5283,96822
8,-1.01863406598568e-11,5283,96822
9,-1.01863406598568e-11,5283,96822
10,-1.01863406598568e-11,5283,96822
11,-1.01863406598568e-11,5283,96822
12,-1.01863406598568e-11,5283,96822
13,-1.01863406598568e-11,5283,96822
14,-25.4028516685362,5283,96822
15,-1.01863406598568e-11,5283,96822
16,-1.01863406598568e-11,5283,96822
17,-1.01863406598568e-11,5283,96822
18,-1.01863406598568e-11,5283,96822
19,-1.01863406598568e-11,5283,96822
20,-1.01863406598568e-11,5283,96822
21,-1.01863406598568e-11,5283,96822
22,-1.01863406598568e-11,5283,96822
23,-25.4028516789229,5283,96822
1,-1.35817875464757e-11,5285,96707
2,-1.35817875464757e-11,5285,96707
3,-1.35817875464757e-11,5285,96707
4,-1.35817875464757e-11,5285,96707
5,-1.35817875464757e-11,5285,96707
6,-1.35817875464757e-11,5285,96707
7,-1.35817875464757e-11,5285,96707
8,-1.35817875464757e-11,5285,96707
9,-1.35817875464757e-11,5285,96707
10,-1.35817875464757e-11,5285,96707
11,-1.35817875464757e-11,5285,96707
12,-1.35817875464757e-11,5285,96707
13,-1.35817875464757e-11,5285,96707
14,-1.35817875464757e-11,5285,96707
15,-1.35817875464757e-11,5285,96707
16,-1.35817875464757e-11,5285,96707
17,-1.35817875464757e-11,5285,96707
18,-1.35817875464757e-11,5285,96707
19,-1.35817875464757e-11,5285,96707
20,-19.7522779421178,5285,96707
21,-1.35817875464757e-11,5285,96707
22,-1.35817875464757e-11,5285,96707
23,-19.7522779421178,5285,96707
1,-6.79089377323786e-12,577,96746
2,-6.79089377323786e-12,577,96746
3,-6.79089377323786e-12,577,96746
4,-6.79089377323786e-12,577,96746
5,-6.79089377323786e-12,577,96746
6,-6.79089377323786e-12,577,96746
7,-6.79089377323786e-12,577,96746
8,-6.79089377323786e-12,577,96746
9,-6.79089377323786e-12,577,96746
10,-6.79089377323786e-12,577,96746
11,-6.79089377323786e-12,577,96746
12,-6.79089377323786e-12,577,96746
13,-6.79089377323786e-12,577,96746
14,-6.79089377323786e-12,577,96746
15,-6.79089377323786e-12,577,96746
16,-6.79089377323786e-12,577,96746
17,-6.79089377323786e-12,577,96746
18,-6.79089377323786e-12,577,96746
19,-6.79089377323786e-12,577,96746
20,-130.566402027953,577,96746
21,-6.79089377323786e-12,577,96746
22,-6.79089377323786e-12,577,96746
23,-130.566402076585,577,96746
1,-1.2126596023639e-11,578,96741
2,-125.022522339202,578,96741
3,-1.2126596023639e-11,578,96741
4,-1.2126596023639e-11,578,96741
5,-1.2126596023639e-11,578,96741
6,-1.2126596023639e-11,578,96741
7,-1.2126596023639e-11,578,96741
8,-1.2126596023639e-11,578,96741
9,-1.2126596023639e-11,578,96741
10,-1.2126596023639e-11,578,96741
11,-1.2126596023639e-11,578,96741
12,-1.2126596023639e-11,578,96741
13,-1.2126596023639e-11,578,96741
14,-1.2126596023639e-11,578,96741
15,-1.2126596023639e-11,578,96741
16,-1.2126596023639e-11,578,96741
17,-1.2126596023639e-11,578,96741
18,-1.2126596023639e-11,578,96741
19,-1.2126596023639e-11,578,96741
20,-1.2126596023639e-11,578,96741
21,-1.2126596023639e-11,578,96741
22,-1.2126596023639e-11,578,96741
23,-125.022522391054,578,96741
1,-8.73114913702011e-12,580,96712
2,-8.73114913702011e-12,580,96712
3,-8.73114913702011e-12,580,96712
4,-8.73114913702011e-12,580,96712
5,-8.73114913702011e-12,580,96712
6,-27.540879024104,580,96712
7,-8.73114913702011e-12,580,96712
8,-8.73114913702011e-12,580,96712
9,-8.73114913702011e-12,580,96712
10,-8.73114913702011e-12,580,96712
11,-8.73114913702011e-12,580,96712
12,-8.73114913702011e-12,580,96712
13,-8.73114913702011e-12,580,96712
14,-8.73114913702011e-12,580,96712
15,-8.73114913702011e-12,580,96712
16,-8.73114913702011e-12,580,96712
17,-8.73114913702011e-12,580,96712
18,-8.73114913702011e-12,580,96712
19,-8.73114913702011e-12,580,96712
20,-8.73114913702011e-12,580,96712
21,-8.73114913702011e-12,580,96712
22,-8.73114913702011e-12,580,96712
23,-27.5408790367321,580,96712
1,-3.8805107275645e-12,602,96707
2,-3.8805107275645e-12,602,96707
3,-3.8805107275645e-12,602,96707
4,-3.8805107275645e-12,602,96707
5,-3.8805107275645e-12,602,96707
6,-24.0814574291892,602,96707
7,-3.8805107275645e-12,602,96707
8,-3.8805107275645e-12,602,96707
9,-3.8805107275645e-12,602,96707
10,-3.8805107275645e-12,602,96707
11,-3.8805107275645e-12,602,96707
12,-3.8805107275645e-12,602,96707
13,-3.8805107275645e-12,602,96707
14,-3.8805107275645e-12,602,96707
15,-3.8805107275645e-12,602,96707
16,-3.8805107275645e-12,602,96707
17,-3.8805107275645e-12,602,96707
18,-3.8805107275645e-12,602,96707
19,-3.8805107275645e-12,602,96707
20,-3.8805107275645e-12,602,96707
21,-3.8805107275645e-12,602,96707
22,-3.8805107275645e-12,602,96707
23,-24.081457430262,602,96707
1,-7.76102145512899e-12,613,96743
2,-7.76102145512899e-12,613,96743
3,-7.76102145512899e-12,613,96743
4,-7.76102145512899e-12,613,96743
5,-7.76102145512899e-12,613,96743
6,-7.76102145512899e-12,613,96743
7,-7.76102145512899e-12,613,96743
8,-7.76102145512899e-12,613,96743
9,-7.76102145512899e-12,613,96743
10,-7.76102145512899e-12,613,96743
11,-7.76102145512899e-12,613,96743
12,-7.76102145512899e-12,613,96743
13,-7.76102145512899e-12,613,96743
14,-7.76102145512899e-12,613,96743
15,-1703.95609390432,613,96743
16,-7.76102145512899e-12,613,96743
17,-7.76102145512899e-12,613,96743
18,-7.76102145512899e-12,613,96743
19,-7.76102145512899e-12,613,96743
20,-7.76102145512899e-12,613,96743
21,-7.76102145512899e-12,613,96743
22,-7.76102145512899e-12,613,96743
23,-1703.95611030992,613,96743
1,-2.42531920472781e-12,626,96734
2,-2.42531920472781e-12,626,96734
3,-2.42531920472781e-12,626,96734
4,-2.42531920472781e-12,626,96734
5,-2.42531920472781e-12,626,96734
6,-2.42531920472781e-12,626,96734
7,-2.42531920472781e-12,626,96734
8,-2.42531920472781e-12,626,96734
9,-2.42531920472781e-12,626,96734
10,-2.42531920472781e-12,626,96734
11,-2.42531920472781e-12,626,96734
12,-2.42531920472781e-12,626,96734
13,-2.42531920472781e-12,626,96734
14,-21.854463916838,626,96734
15,-2.42531920472781e-12,626,96734
16,-2.42531920472781e-12,626,96734
17,-2.42531920472781e-12,626,96734
18,-2.42531920472781e-12,626,96734
19,-2.42531920472781e-12,626,96734
20,-2.42531920472781e-12,626,96734
21,-2.42531920472781e-12,626,96734
22,-2.42531920472781e-12,626,96734
23,-21.854463916838,626,96734
1,-2.91038304567337e-12,631,96822
2,-2.91038304567337e-12,631,96822
3,-2.91038304567337e-12,631,96822
4,-2.91038304567337e-12,631,96822
5,-2.91038304567337e-12,631,96822
6,-2.91038304567337e-12,631,96822
7,-2.91038304567337e-12,631,96822
8,-20.6130381498112,631,96822
9,-2.91038304567337e-12,631,96822
10,-2.91038304567337e-12,631,96822
11,-2.91038304567337e-12,631,96822
12,-2.91038304567337e-12,631,96822
13,-2.91038304567337e-12,631,96822
14,-2.91038304567337e-12,631,96822
15,-2.91038304567337e-12,631,96822
16,-2.91038304567337e-12,631,96822
17,-2.91038304567337e-12,631,96822
18,-2.91038304567337e-12,631,96822
19,-2.91038304567337e-12,631,96822
20,-2.91038304567337e-12,631,96822
21,-2.91038304567337e-12,631,96822
22,-2.91038304567337e-12,631,96822
23,-20.6130381498112,631,96822
1,-4.85063840945562e-12,633,96816
2,-4.85063840945562e-12,633,96816
3,-4.85063840945562e-12,633,96816
4,-4.85063840945562e-12,633,96816
5,-4.85063840945562e-12,633,96816
6,-4.85063840945562e-12,633,96816
7,-4.85063840945562e-12,633,96816
8,-4.85063840945562e-12,633,96816
9,-4.7017347148348,633,96816
10,-4.85063840945562e-12,633,96816
11,-4.85063840945562e-12,633,96816
12,-4.85063840945562e-12,633,96816
13,-4.85063840945562e-12,633,96816
14,-4.85063840945562e-12,633,96816
15,-4.85063840945562e-12,633,96816
16,-4.85063840945562e-12,633,96816
17,-4.85063840945562e-12,633,96816
18,-4.85063840945562e-12,633,96816
19,-4.85063840945562e-12,633,96816
20,-4.85063840945562e-12,633,96816
21,-4.85063840945562e-12,633,96816
22,-4.85063840945562e-12,633,96816
23,-4.7017347148348,633,96816
1,-1.06714045008024e-11,635,96731
2,-1.06714045008024e-11,635,96731
3,-1.06714045008024e-11,635,96731
4,-1.06714045008024e-11,635,96731
5,-1.06714045008024e-11,635,96731
6,-1.06714045008024e-11,635,96731
7,-1.06714045008024e-11,635,96731
8,-21.9011744110986,635,96731
9,-1.06714045008024e-11,635,96731
10,-1.06714045008024e-11,635,96731
11,-1.06714045008024e-11,635,96731
12,-1.06714045008024e-11,635,96731
13,-1.06714045008024e-11,635,96731
14,-1.06714045008024e-11,635,96731
15,-1.06714045008024e-11,635,96731
16,-1.06714045008024e-11,635,96731
17,-1.06714045008024e-11,635,96731
18,-1.06714045008024e-11,635,96731
19,-1.06714045008024e-11,635,96731
20,-1.06714045008024e-11,635,96731
21,-1.06714045008024e-11,635,96731
22,-1.06714045008024e-11,635,96731
23,-21.9011744110986,635,96731
1,-9.21621297796568e-12,642,96792
2,-9.21621297796568e-12,642,96792
3,-9.21621297796568e-12,642,96792
4,-9.21621297796568e-12,642,96792
5,-9.21621297796568e-12,642,96792
6,-18.013115737511,642,96792
7,-9.21621297796568e-12,642,96792
8,-9.21621297796568e-12,642,96792
9,-9.21621297796568e-12,642,96792
10,-9.21621297796568e-12,642,96792
11,-9.21621297796568e-12,642,96792
12,-9.21621297796568e-12,642,96792
13,-9.21621297796568e-12,642,96792
14,-9.21621297796568e-12,642,96792
15,-15.10363344858,642,96792
16,-9.21621297796568e-12,642,96792
17,-9.21621297796568e-12,642,96792
18,-9.21621297796568e-12,642,96792
19,-9.21621297796568e-12,642,96792
20,-9.21621297796568e-12,642,96792
21,-9.21621297796568e-12,642,96792
22,-9.21621297796568e-12,642,96792
23,-33.1440310281187,642,96792
1,0,650,96821
2,0,650,96821
3,-27.7233297408864,650,96821
4,0,650,96821
5,0,650,96821
6,0,650,96821
7,0,650,96821
8,0,650,96821
9,0,650,96821
10,0,650,96821
11,0,650,96821
12,0,650,96821
13,0,650,96821
14,0,650,96821
15,0,650,96821
16,0,650,96821
17,0,650,96821
18,0,650,96821
19,0,650,96821
20,0,650,96821
21,0,650,96821
22,0,650,96821
23,-27.7233297450875,650,96821
1,-8.73114913702011e-12,653,96741
2,-8.73114913702011e-12,653,96741
3,-8.73114913702011e-12,653,96741
4,-8.73114913702011e-12,653,96741
5,-8.73114913702011e-12,653,96741
6,-8.73114913702011e-12,653,96741
7,-8.73114913702011e-12,653,96741
8,-8.73114913702011e-12,653,96741
9,-8.73114913702011e-12,653,96741
10,-8.73114913702011e-12,653,96741
11,-8.73114913702011e-12,653,96741
12,-8.73114913702011e-12,653,96741
13,-8.73114913702011e-12,653,96741
14,-28.6883483075236,653,96741
15,-8.73114913702011e-12,653,96741
16,-8.73114913702011e-12,653,96741
17,-8.73114913702011e-12,653,96741
18,-8.73114913702011e-12,653,96741
19,-8.73114913702011e-12,653,96741
20,-8.73114913702011e-12,653,96741
21,-8.73114913702011e-12,653,96741
22,-8.73114913702011e-12,653,96741
23,-28.6883483075236,653,96741
1,-2.42531920472781e-12,658,96761
2,-2.42531920472781e-12,658,96761
3,-2.42531920472781e-12,658,96761
4,-2.42531920472781e-12,658,96761
5,-2.42531920472781e-12,658,96761
6,-2.42531920472781e-12,658,96761
7,-2.42531920472781e-12,658,96761
8,-2.42531920472781e-12,658,96761
9,-2.42531920472781e-12,658,96761
10,-2.42531920472781e-12,658,96761
11,-2.42531920472781e-12,658,96761
12,-2.42531920472781e-12,658,96761
13,-2.42531920472781e-12,658,96761
14,-29.4324645539135,658,96761
15,-2.42531920472781e-12,658,96761
16,-2.42531920472781e-12,658,96761
17,-2.42531920472781e-12,658,96761
18,-2.42531920472781e-12,658,96761
19,-2.42531920472781e-12,658,96761
20,-2.42531920472781e-12,658,96761
21,-2.42531920472781e-12,658,96761
22,-2.42531920472781e-12,658,96761
23,-29.4324645539135,658,96761
1,1.40668513874213e-11,677,96744
2,1.40668513874213e-11,677,96744
3,-141.460424973599,677,96744
4,1.40668513874213e-11,677,96744
5,1.40668513874213e-11,677,96744
6,1.40668513874213e-11,677,96744
7,1.40668513874213e-11,677,96744
8,1.40668513874213e-11,677,96744
9,1.40668513874213e-11,677,96744
10,1.40668513874213e-11,677,96744
11,1.40668513874213e-11,677,96744
12,1.40668513874213e-11,677,96744
13,1.40668513874213e-11,677,96744
14,1.40668513874213e-11,677,96744
15,1.40668513874213e-11,677,96744
16,1.40668513874213e-11,677,96744
17,1.40668513874213e-11,677,96744
18,1.40668513874213e-11,677,96744
19,1.40668513874213e-11,677,96744
20,1.40668513874213e-11,677,96744
21,1.40668513874213e-11,677,96744
22,1.40668513874213e-11,677,96744
23,-141.460424973599,677,96744
1,-2.91038304567338e-12,5297,96746
2,-2.91038304567338e-12,5297,96746
3,-2.91038304567338e-12,5297,96746
4,-2.91038304567338e-12,5297,96746
5,-2.91038304567338e-12,5297,96746
6,-2.91038304567338e-12,5297,96746
7,-2.91038304567338e-12,5297,96746
8,-2.91038304567338e-12,5297,96746
9,-2.91038304567338e-12,5297,96746
10,-2.91038304567338e-12,5297,96746
11,-2.91038304567338e-12,5297,96746
12,-2.91038304567338e-12,5297,96746
13,-2.91038304567338e-12,5297,96746
14,-2.91038304567338e-12,5297,96746
15,-2.91038304567338e-12,5297,96746
16,-2.91038304567338e-12,5297,96746
17,-2.91038304567338e-12,5297,96746
18,-91.6364233245428,5297,96746
19,-2.91038304567338e-12,5297,96746
20,-2.91038304567338e-12,5297,96746
21,-2.91038304567338e-12,5297,96746
22,-2.91038304567338e-12,5297,96746
23,-91.6364233245428,5297,96746
1,-3.8805107275645e-12,686,96822
2,-3.8805107275645e-12,686,96822
3,-3.8805107275645e-12,686,96822
4,-3.8805107275645e-12,686,96822
5,-3.8805107275645e-12,686,96822
6,-3.8805107275645e-12,686,96822
7,-3.8805107275645e-12,686,96822
8,-22.7632020686743,686,96822
9,-3.8805107275645e-12,686,96822
10,-3.8805107275645e-12,686,96822
11,-3.8805107275645e-12,686,96822
12,-3.8805107275645e-12,686,96822
13,-3.8805107275645e-12,686,96822
14,-3.8805107275645e-12,686,96822
15,-3.8805107275645e-12,686,96822
16,-3.8805107275645e-12,686,96822
17,-3.8805107275645e-12,686,96822
18,-3.8805107275645e-12,686,96822
19,-3.8805107275645e-12,686,96822
20,-3.8805107275645e-12,686,96822
21,-3.8805107275645e-12,686,96822
22,-3.8805107275645e-12,686,96822
23,-22.7632020686743,686,96822
1,1.94025536378225e-12,689,96743
2,1.94025536378225e-12,689,96743
3,1.94025536378225e-12,689,96743
4,1.94025536378225e-12,689,96743
5,1.94025536378225e-12,689,96743
6,1.94025536378225e-12,689,96743
7,1.94025536378225e-12,689,96743
8,1.94025536378225e-12,689,96743
9,1.94025536378225e-12,689,96743
10,1.94025536378225e-12,689,96743
11,1.94025536378225e-12,689,96743
12,-21.8274126849942,689,96743
13,1.94025536378225e-12,689,96743
14,1.94025536378225e-12,689,96743
15,1.94025536378225e-12,689,96743
16,1.94025536378225e-12,689,96743
17,1.94025536378225e-12,689,96743
18,1.94025536378225e-12,689,96743
19,1.94025536378225e-12,689,96743
20,1.94025536378225e-12,689,96743
21,1.94025536378225e-12,689,96743
22,1.94025536378225e-12,689,96743
23,-21.8274126849942,689,96743
1,4.36557456851005e-12,696,96817
2,4.36557456851005e-12,696,96817
3,4.36557456851005e-12,696,96817
4,4.36557456851005e-12,696,96817
5,4.36557456851005e-12,696,96817
6,4.36557456851005e-12,696,96817
7,4.36557456851005e-12,696,96817
8,-17.7307402185188,696,96817
9,4.36557456851005e-12,696,96817
10,4.36557456851005e-12,696,96817
11,4.36557456851005e-12,696,96817
12,4.36557456851005e-12,696,96817
13,4.36557456851005e-12,696,96817
14,4.36557456851005e-12,696,96817
15,4.36557456851005e-12,696,96817
16,4.36557456851005e-12,696,96817
17,4.36557456851005e-12,696,96817
18,4.36557456851005e-12,696,96817
19,4.36557456851005e-12,696,96817
20,4.36557456851005e-12,696,96817
21,4.36557456851005e-12,696,96817
22,4.36557456851005e-12,696,96817
23,-17.7307402185189,696,96817
1,-1.30967237055302e-11,702,96701
2,-1.30967237055302e-11,702,96701
3,-1.30967237055302e-11,702,96701
4,-1.30967237055302e-11,702,96701
5,-1.30967237055302e-11,702,96701
6,-1.30967237055302e-11,702,96701
7,-1.30967237055302e-11,702,96701
8,-1.30967237055302e-11,702,96701
9,-1.30967237055302e-11,702,96701
10,-1.30967237055302e-11,702,96701
11,-1.30967237055302e-11,702,96701
12,-1.30967237055302e-11,702,96701
13,-1.30967237055302e-11,702,96701
14,-1.30967237055302e-11,702,96701
15,-1.30967237055302e-11,702,96701
16,-1.30967237055302e-11,702,96701
17,-1.30967237055302e-11,702,96701
18,-1.30967237055302e-11,702,96701
19,-1.30967237055302e-11,702,96701
20,-25.4662673001153,702,96701
21,-1.30967237055302e-11,702,96701
22,-1.30967237055302e-11,702,96701
23,-25.4662673001153,702,96701
1,-9.21621297796568e-12,703,96703
2,-9.21621297796568e-12,703,96703
3,-9.21621297796568e-12,703,96703
4,-9.21621297796568e-12,703,96703
5,-9.21621297796568e-12,703,96703
6,-9.21621297796568e-12,703,96703
7,-9.21621297796568e-12,703,96703
8,-9.21621297796568e-12,703,96703
9,-9.21621297796568e-12,703,96703
10,-9.21621297796568e-12,703,96703
11,-9.21621297796568e-12,703,96703
12,-9.21621297796568e-12,703,96703
13,-9.21621297796568e-12,703,96703
14,-9.21621297796568e-12,703,96703
15,-9.21621297796568e-12,703,96703
16,-9.21621297796568e-12,703,96703
17,-9.21621297796568e-12,703,96703
18,-9.21621297796568e-12,703,96703
19,-9.21621297796568e-12,703,96703
20,-9.21621297796568e-12,703,96703
21,-15.1115968524304,703,96703
22,-9.21621297796568e-12,703,96703
23,-15.1115968524304,703,96703
1,-1.45519152283667e-12,471,96720
2,-1.45519152283667e-12,471,96720
3,-1.45519152283667e-12,471,96720
4,-1.45519152283667e-12,471,96720
5,-1.45519152283667e-12,471,96720
6,-1.45519152283667e-12,471,96720
7,-1.45519152283667e-12,471,96720
8,-1.45519152283667e-12,471,96720
9,-1.45519152283667e-12,471,96720
10,-1.45519152283667e-12,471,96720
11,-1.45519152283667e-12,471,96720
12,-1.45519152283667e-12,471,96720
13,-1.45519152283667e-12,471,96720
14,-18.8421258760262,471,96720
15,-1.45519152283667e-12,471,96720
16,-1.45519152283667e-12,471,96720
17,-1.45519152283667e-12,471,96720
18,-1.45519152283667e-12,471,96720
19,-1.45519152283667e-12,471,96720
20,-1.45519152283667e-12,471,96720
21,-1.45519152283667e-12,471,96720
22,-1.45519152283667e-12,471,96720
23,-18.8421258760262,471,96720
1,-6.79089377323786e-12,719,96766
2,-6.79089377323786e-12,719,96766
3,-6.79089377323786e-12,719,96766
4,-6.79089377323786e-12,719,96766
5,-6.79089377323786e-12,719,96766
6,-6.79089377323786e-12,719,96766
7,-6.79089377323786e-12,719,96766
8,-6.79089377323786e-12,719,96766
9,-6.79089377323786e-12,719,96766
10,-6.79089377323786e-12,719,96766
11,-6.79089377323786e-12,719,96766
12,-6.79089377323786e-12,719,96766
13,-6.79089377323786e-12,719,96766
14,-25.129911870782,719,96766
15,-6.79089377323786e-12,719,96766
16,-6.79089377323786e-12,719,96766
17,-6.79089377323786e-12,719,96766
18,-6.79089377323786e-12,719,96766
19,-6.79089377323786e-12,719,96766
20,-6.79089377323786e-12,719,96766
21,-6.79089377323786e-12,719,96766
22,-6.79089377323786e-12,719,96766
23,-25.129911870782,719,96766
1,-5.33570225040118e-12,729,96818
2,-5.33570225040118e-12,729,96818
3,-5.33570225040118e-12,729,96818
4,-5.33570225040118e-12,729,96818
5,-5.33570225040118e-12,729,96818
6,-5.33570225040118e-12,729,96818
7,-5.33570225040118e-12,729,96818
8,-5.33570225040118e-12,729,96818
9,-5.33570225040118e-12,729,96818
10,-5.33570225040118e-12,729,96818
11,-5.33570225040118e-12,729,96818
12,-5.33570225040118e-12,729,96818
13,-5.33570225040118e-12,729,96818
14,-24.3862026807498,729,96818
15,-5.33570225040118e-12,729,96818
16,-5.33570225040118e-12,729,96818
17,-5.33570225040118e-12,729,96818
18,-5.33570225040118e-12,729,96818
19,-5.33570225040118e-12,729,96818
20,-5.33570225040118e-12,729,96818
21,-5.33570225040118e-12,729,96818
22,-5.33570225040118e-12,729,96818
23,-24.3862026807498,729,96818
1,-4.36557456851005e-12,742,96786
2,-4.36557456851005e-12,742,96786
3,-4.36557456851005e-12,742,96786
4,-4.36557456851005e-12,742,96786
5,-4.36557456851005e-12,742,96786
6,-4.36557456851005e-12,742,96786
7,-35.4752969841798,742,96786
8,-4.36557456851005e-12,742,96786
9,-4.36557456851005e-12,742,96786
10,-4.36557456851005e-12,742,96786
11,-4.36557456851005e-12,742,96786
12,-4.36557456851005e-12,742,96786
13,-4.36557456851005e-12,742,96786
14,-4.36557456851005e-12,742,96786
15,-4.36557456851005e-12,742,96786
16,-4.36557456851005e-12,742,96786
17,-4.36557456851005e-12,742,96786
18,-4.36557456851005e-12,742,96786
19,-4.36557456851005e-12,742,96786
20,-4.36557456851005e-12,742,96786
21,-4.36557456851005e-12,742,96786
22,-4.36557456851005e-12,742,96786
23,-35.4752969841798,742,96786
1,-1.94025536378225e-12,749,96817
2,-1.94025536378225e-12,749,96817
3,-20.2489167937416,749,96817
4,-1.94025536378225e-12,749,96817
5,-1.94025536378225e-12,749,96817
6,-1.94025536378225e-12,749,96817
7,-1.94025536378225e-12,749,96817
8,-1.94025536378225e-12,749,96817
9,-1.94025536378225e-12,749,96817
10,-1.94025536378225e-12,749,96817
11,-1.94025536378225e-12,749,96817
12,-1.94025536378225e-12,749,96817
13,-1.94025536378225e-12,749,96817
14,-1.94025536378225e-12,749,96817
15,-1.94025536378225e-12,749,96817
16,-1.94025536378225e-12,749,96817
17,-1.94025536378225e-12,749,96817
18,-1.94025536378225e-12,749,96817
19,-1.94025536378225e-12,749,96817
20,-1.94025536378225e-12,749,96817
21,-1.94025536378225e-12,749,96817
22,-1.94025536378225e-12,749,96817
23,-20.2489168163496,749,96817
1,-5.82076609134674e-12,757,96822
2,-5.82076609134674e-12,757,96822
3,-138.591657266873,757,96822
4,-5.82076609134674e-12,757,96822
5,-5.82076609134674e-12,757,96822
6,-5.82076609134674e-12,757,96822
7,-5.82076609134674e-12,757,96822
8,-5.82076609134674e-12,757,96822
9,-5.82076609134674e-12,757,96822
10,-5.82076609134674e-12,757,96822
11,-5.82076609134674e-12,757,96822
12,-5.82076609134674e-12,757,96822
13,-5.82076609134674e-12,757,96822
14,-5.82076609134674e-12,757,96822
15,-5.82076609134674e-12,757,96822
16,-5.82076609134674e-12,757,96822
17,-5.82076609134674e-12,757,96822
18,-5.82076609134674e-12,757,96822
19,-5.82076609134674e-12,757,96822
20,-5.82076609134674e-12,757,96822
21,-5.82076609134674e-12,757,96822
22,-5.82076609134674e-12,757,96822
23,-138.591657419017,757,96822
1,-1.52795109897852e-11,760,96796
2,-1.52795109897852e-11,760,96796
3,-1.52795109897852e-11,760,96796
4,-17.9147067480927,760,96796
5,-1.52795109897852e-11,760,96796
6,-1.52795109897852e-11,760,96796
7,-1.52795109897852e-11,760,96796
8,-1.52795109897852e-11,760,96796
9,-1.52795109897852e-11,760,96796
10,-5.23390574989317,760,96796
11,-1.52795109897852e-11,760,96796
12,-1.52795109897852e-11,760,96796
13,-9.61316134828982,760,96796
14,-1.52795109897852e-11,760,96796
15,-1.52795109897852e-11,760,96796
16,-1.52795109897852e-11,760,96796
17,-1.52795109897852e-11,760,96796
18,-1.52795109897852e-11,760,96796
19,-1.52795109897852e-11,760,96796
20,-1.52795109897852e-11,760,96796
21,-1.52795109897852e-11,760,96796
22,-1.52795109897852e-11,760,96796
23,-32.7909782040275,760,96796
1,-1.45519152283669e-12,776,96746
2,-1.45519152283669e-12,776,96746
3,-1.45519152283669e-12,776,96746
4,-1.45519152283669e-12,776,96746
5,-1.45519152283669e-12,776,96746
6,-1.45519152283669e-12,776,96746
7,-1.45519152283669e-12,776,96746
8,-1.45519152283669e-12,776,96746
9,-1.45519152283669e-12,776,96746
10,-1.45519152283669e-12,776,96746
11,-1.45519152283669e-12,776,96746
12,-1.45519152283669e-12,776,96746
13,-1.45519152283669e-12,776,96746
14,-23.3204841501589,776,96746
15,-1.45519152283669e-12,776,96746
16,-1.45519152283669e-12,776,96746
17,-1.45519152283669e-12,776,96746
18,-1.45519152283669e-12,776,96746
19,-1.45519152283669e-12,776,96746
20,-1.45519152283669e-12,776,96746
21,-1.45519152283669e-12,776,96746
22,-1.45519152283669e-12,776,96746
23,-23.3204841501589,776,96746
1,-2.23129366834958e-11,783,96816
2,-2.23129366834958e-11,783,96816
3,-2.23129366834958e-11,783,96816
4,-2.23129366834958e-11,783,96816
5,-2.23129366834958e-11,783,96816
6,-2.23129366834958e-11,783,96816
7,-2.23129366834958e-11,783,96816
8,-2.23129366834958e-11,783,96816
9,-2.23129366834958e-11,783,96816
10,-2.23129366834958e-11,783,96816
11,-2.23129366834958e-11,783,96816
12,-2.23129366834958e-11,783,96816
13,-2.23129366834958e-11,783,96816
14,-43.8861459983173,783,96816
15,-2.23129366834958e-11,783,96816
16,-2.23129366834958e-11,783,96816
17,-2.23129366834958e-11,783,96816
18,-2.23129366834958e-11,783,96816
19,-2.23129366834958e-11,783,96816
20,-2.23129366834958e-11,783,96816
21,-2.23129366834958e-11,783,96816
22,-2.23129366834958e-11,783,96816
23,-43.8861459983173,783,96816
1,0,5323,96741
2,0,5323,96741
3,0,5323,96741
4,0,5323,96741
5,0,5323,96741
6,0,5323,96741
7,0,5323,96741
8,0,5323,96741
9,0,5323,96741
10,0,5323,96741
11,0,5323,96741
12,0,5323,96741
13,0,5323,96741
14,-118.495563278976,5323,96741
15,0,5323,96741
16,0,5323,96741
17,0,5323,96741
18,0,5323,96741
19,0,5323,96741
20,0,5323,96741
21,0,5323,96741
22,0,5323,96741
23,-118.495563278976,5323,96741
1,-1.30967237055302e-11,802,96816
2,-1.30967237055302e-11,802,96816
3,-1.30967237055302e-11,802,96816
4,-1.30967237055302e-11,802,96816
5,-1.30967237055302e-11,802,96816
6,-1.30967237055302e-11,802,96816
7,-1.30967237055302e-11,802,96816
8,-1.30967237055302e-11,802,96816
9,-1.30967237055302e-11,802,96816
10,-1.30967237055302e-11,802,96816
11,-1.30967237055302e-11,802,96816
12,-1.30967237055302e-11,802,96816
13,-1.30967237055302e-11,802,96816
14,-1.30967237055302e-11,802,96816
15,-1.30967237055302e-11,802,96816
16,-1.30967237055302e-11,802,96816
17,-1.30967237055302e-11,802,96816
18,-1.30967237055302e-11,802,96816
19,-1.30967237055302e-11,802,96816
20,-25.4662673001153,802,96816
21,-1.30967237055302e-11,802,96816
22,-1.30967237055302e-11,802,96816
23,-25.4662673001153,802,96816
1,0,806,96734
2,0,806,96734
3,0,806,96734
4,0,806,96734
5,0,806,96734
6,0,806,96734
7,0,806,96734
8,0,806,96734
9,0,806,96734
10,-8.11146581386517,806,96734
11,0,806,96734
12,0,806,96734
13,0,806,96734
14,0,806,96734
15,0,806,96734
16,0,806,96734
17,0,806,96734
18,0,806,96734
19,0,806,96734
20,0,806,96734
21,0,806,96734
22,0,806,96734
23,-8.11146581386517,806,96734
1,-9.70127681891125e-13,810,96816
2,-9.70127681891125e-13,810,96816
3,-9.70127681891125e-13,810,96816
4,-9.70127681891125e-13,810,96816
5,-9.70127681891125e-13,810,96816
6,-9.70127681891125e-13,810,96816
7,-9.70127681891125e-13,810,96816
8,-9.70127681891125e-13,810,96816
9,-9.70127681891125e-13,810,96816
10,-9.70127681891125e-13,810,96816
11,-9.70127681891125e-13,810,96816
12,-9.70127681891125e-13,810,96816
13,-9.70127681891125e-13,810,96816
14,-31.7285158659652,810,96816
15,-9.70127681891125e-13,810,96816
16,-9.70127681891125e-13,810,96816
17,-9.70127681891125e-13,810,96816
18,-9.70127681891125e-13,810,96816
19,-9.70127681891125e-13,810,96816
20,-9.70127681891125e-13,810,96816
21,-9.70127681891125e-13,810,96816
22,-9.70127681891125e-13,810,96816
23,-31.7285158659652,810,96816
1,-1.35817875464757e-11,811,96789
2,-1.35817875464757e-11,811,96789
3,-1.35817875464757e-11,811,96789
4,-1.35817875464757e-11,811,96789
5,-1.35817875464757e-11,811,96789
6,-1.35817875464757e-11,811,96789
7,-1.35817875464757e-11,811,96789
8,-1.35817875464757e-11,811,96789
9,-1.35817875464757e-11,811,96789
10,-1.35817875464757e-11,811,96789
11,-1.35817875464757e-11,811,96789
12,-1.35817875464757e-11,811,96789
13,-1.35817875464757e-11,811,96789
14,-1.35817875464757e-11,811,96789
15,-1.35817875464757e-11,811,96789
16,-1.35817875464757e-11,811,96789
17,-1.35817875464757e-11,811,96789
18,-1.35817875464757e-11,811,96789
19,-1.35817875464757e-11,811,96789
20,-192.545836112692,811,96789
21,-1.35817875464757e-11,811,96789
22,-1.35817875464757e-11,811,96789
23,-192.545836112692,811,96789
1,-1.60071067512035e-11,812,96816
2,-1.60071067512035e-11,812,96816
3,-1.60071067512035e-11,812,96816
4,-1.60071067512035e-11,812,96816
5,-1.60071067512035e-11,812,96816
6,-1.60071067512035e-11,812,96816
7,-1.60071067512035e-11,812,96816
8,-1.60071067512035e-11,812,96816
9,-1.60071067512035e-11,812,96816
10,-1.60071067512035e-11,812,96816
11,-1.60071067512035e-11,812,96816
12,-1.60071067512035e-11,812,96816
13,-1.60071067512035e-11,812,96816
14,-26.2325059965103,812,96816
15,-1.60071067512035e-11,812,96816
16,-1.60071067512035e-11,812,96816
17,-1.60071067512035e-11,812,96816
18,-1.60071067512035e-11,812,96816
19,-1.60071067512035e-11,812,96816
20,-1.60071067512035e-11,812,96816
21,-1.60071067512035e-11,812,96816
22,-1.60071067512035e-11,812,96816
23,-26.2325059965103,812,96816
1,-9.21621297796568e-12,5326,96712
2,-9.21621297796568e-12,5326,96712
3,-9.21621297796568e-12,5326,96712
4,-9.21621297796568e-12,5326,96712
5,-9.21621297796568e-12,5326,96712
6,-9.21621297796568e-12,5326,96712
7,-9.21621297796568e-12,5326,96712
8,-9.21621297796568e-12,5326,96712
9,-9.21621297796568e-12,5326,96712
10,-9.21621297796568e-12,5326,96712
11,-9.21621297796568e-12,5326,96712
12,-9.21621297796568e-12,5326,96712
13,-9.21621297796568e-12,5326,96712
14,-9.21621297796568e-12,5326,96712
15,-32.2294658791759,5326,96712
16,-9.21621297796568e-12,5326,96712
17,-9.21621297796568e-12,5326,96712
18,-9.21621297796568e-12,5326,96712
19,-9.21621297796568e-12,5326,96712
20,-9.21621297796568e-12,5326,96712
21,-9.21621297796568e-12,5326,96712
22,-9.21621297796568e-12,5326,96712
23,-32.2294658791759,5326,96712
1,-7.76102145512899e-12,819,96706
2,-7.76102145512899e-12,819,96706
3,-7.76102145512899e-12,819,96706
4,-7.76102145512899e-12,819,96706
5,-7.76102145512899e-12,819,96706
6,-7.76102145512899e-12,819,96706
7,-7.76102145512899e-12,819,96706
8,-7.76102145512899e-12,819,96706
9,-7.76102145512899e-12,819,96706
10,-7.76102145512899e-12,819,96706
11,-15.7484938632823,819,96706
12,-7.76102145512899e-12,819,96706
13,-7.76102145512899e-12,819,96706
14,-7.76102145512899e-12,819,96706
15,-7.76102145512899e-12,819,96706
16,-7.76102145512899e-12,819,96706
17,-7.76102145512899e-12,819,96706
18,-7.76102145512899e-12,819,96706
19,-7.76102145512899e-12,819,96706
20,-7.76102145512899e-12,819,96706
21,-7.76102145512899e-12,819,96706
22,-7.76102145512899e-12,819,96706
23,-15.7484938632823,819,96706
1,-4.85063840945561e-13,821,96740
2,-4.85063840945561e-13,821,96740
3,-4.85063840945561e-13,821,96740
4,-4.85063840945561e-13,821,96740
5,-4.85063840945561e-13,821,96740
6,-26.7539533720217,821,96740
7,-4.85063840945561e-13,821,96740
8,-4.85063840945561e-13,821,96740
9,-4.85063840945561e-13,821,96740
10,-4.85063840945561e-13,821,96740
11,-4.85063840945561e-13,821,96740
12,-4.85063840945561e-13,821,96740
13,-4.85063840945561e-13,821,96740
14,-4.85063840945561e-13,821,96740
15,-4.85063840945561e-13,821,96740
16,-4.85063840945561e-13,821,96740
17,-4.85063840945561e-13,821,96740
18,-4.85063840945561e-13,821,96740
19,-4.85063840945561e-13,821,96740
20,-4.85063840945561e-13,821,96740
21,-4.85063840945561e-13,821,96740
22,-4.85063840945561e-13,821,96740
23,-26.7539533787567,821,96740
1,-4.85063840945562e-12,845,96756
2,-4.85063840945562e-12,845,96756
3,-4.85063840945562e-12,845,96756
4,-4.85063840945562e-12,845,96756
5,-4.85063840945562e-12,845,96756
6,-4.85063840945562e-12,845,96756
7,-4.85063840945562e-12,845,96756
8,-4.85063840945562e-12,845,96756
9,-4.85063840945562e-12,845,96756
10,-4.85063840945562e-12,845,96756
11,-4.85063840945562e-12,845,96756
12,-4.85063840945562e-12,845,96756
13,-4.85063840945562e-12,845,96756
14,-33.4879949263865,845,96756
15,-4.85063840945562e-12,845,96756
16,-4.85063840945562e-12,845,96756
17,-4.85063840945562e-12,845,96756
18,-4.85063840945562e-12,845,96756
19,-4.85063840945562e-12,845,96756
20,-4.85063840945562e-12,845,96756
21,-4.85063840945562e-12,845,96756
22,-4.85063840945562e-12,845,96756
23,-33.4879949263865,845,96756
1,-1.45519152283669e-12,847,96707
2,-1.45519152283669e-12,847,96707
3,-1.45519152283669e-12,847,96707
4,-1.45519152283669e-12,847,96707
5,-1.45519152283669e-12,847,96707
6,-1.45519152283669e-12,847,96707
7,-1.45519152283669e-12,847,96707
8,-1.45519152283669e-12,847,96707
9,-1.45519152283669e-12,847,96707
10,-1.45519152283669e-12,847,96707
11,-1.45519152283669e-12,847,96707
12,-1.45519152283669e-12,847,96707
13,-1.45519152283669e-12,847,96707
14,-8.83445051195259,847,96707
15,-1.45519152283669e-12,847,96707
16,-1.45519152283669e-12,847,96707
17,-1.45519152283669e-12,847,96707
18,-1.45519152283669e-12,847,96707
19,-1.45519152283669e-12,847,96707
20,-1.45519152283669e-12,847,96707
21,-1.45519152283669e-12,847,96707
22,-1.45519152283669e-12,847,96707
23,-8.8344505121262,847,96707
1,-3.8805107275645e-12,858,96701
2,-3.8805107275645e-12,858,96701
3,-3.8805107275645e-12,858,96701
4,-3.8805107275645e-12,858,96701
5,-3.8805107275645e-12,858,96701
6,-32.9523497614432,858,96701
7,-3.8805107275645e-12,858,96701
8,-3.8805107275645e-12,858,96701
9,-3.8805107275645e-12,858,96701
10,-3.8805107275645e-12,858,96701
11,-3.8805107275645e-12,858,96701
12,-3.8805107275645e-12,858,96701
13,-3.8805107275645e-12,858,96701
14,-3.8805107275645e-12,858,96701
15,-30.0458669984218,858,96701
16,-3.8805107275645e-12,858,96701
17,-3.8805107275645e-12,858,96701
18,-3.8805107275645e-12,858,96701
19,-3.8805107275645e-12,858,96701
20,-3.8805107275645e-12,858,96701
21,-3.8805107275645e-12,858,96701
22,-3.8805107275645e-12,858,96701
23,-63.0912002209579,858,96701
1,-6.79089377323786e-12,864,96701
2,-6.79089377323786e-12,864,96701
3,-6.79089377323786e-12,864,96701
4,-6.79089377323786e-12,864,96701
5,-6.79089377323786e-12,864,96701
6,-6.79089377323786e-12,864,96701
7,-6.79089377323786e-12,864,96701
8,-6.79089377323786e-12,864,96701
9,-6.79089377323786e-12,864,96701
10,-6.79089377323786e-12,864,96701
11,-6.79089377323786e-12,864,96701
12,-6.79089377323786e-12,864,96701
13,-6.79089377323786e-12,864,96701
14,-6.79089377323786e-12,864,96701
15,-6.79089377323786e-12,864,96701
16,-128.850782650314,864,96701
17,-6.79089377323786e-12,864,96701
18,-6.79089377323786e-12,864,96701
19,-6.79089377323786e-12,864,96701
20,-6.79089377323786e-12,864,96701
21,-6.79089377323786e-12,864,96701
22,-6.79089377323786e-12,864,96701
23,-128.850782650314,864,96701
1,4.85063840945562e-12,724,96734
2,4.85063840945562e-12,724,96734
3,4.85063840945562e-12,724,96734
4,4.85063840945562e-12,724,96734
5,4.85063840945562e-12,724,96734
6,4.85063840945562e-12,724,96734
7,4.85063840945562e-12,724,96734
8,4.85063840945562e-12,724,96734
9,4.85063840945562e-12,724,96734
10,4.85063840945562e-12,724,96734
11,4.85063840945562e-12,724,96734
12,4.85063840945562e-12,724,96734
13,4.85063840945562e-12,724,96734
14,4.85063840945562e-12,724,96734
15,-22.1443091476719,724,96734
16,4.85063840945562e-12,724,96734
17,4.85063840945562e-12,724,96734
18,4.85063840945562e-12,724,96734
19,4.85063840945562e-12,724,96734
20,4.85063840945562e-12,724,96734
21,4.85063840945562e-12,724,96734
22,4.85063840945562e-12,724,96734
23,-22.1443091476719,724,96734
1,-1.64921705921491e-11,870,96740
2,-1.64921705921491e-11,870,96740
3,-1.64921705921491e-11,870,96740
4,-1.64921705921491e-11,870,96740
5,-1.64921705921491e-11,870,96740
6,-1.64921705921491e-11,870,96740
7,-1.64921705921491e-11,870,96740
8,-1.64921705921491e-11,870,96740
9,-1.64921705921491e-11,870,96740
10,-1.64921705921491e-11,870,96740
11,-1.64921705921491e-11,870,96740
12,-1.64921705921491e-11,870,96740
13,-1.64921705921491e-11,870,96740
14,-1.64921705921491e-11,870,96740
15,-1.64921705921491e-11,870,96740
16,-1.64921705921491e-11,870,96740
17,-1.64921705921491e-11,870,96740
18,-129.793272371882,870,96740
19,-1.64921705921491e-11,870,96740
20,-1.64921705921491e-11,870,96740
21,-1.64921705921491e-11,870,96740
22,-1.64921705921491e-11,870,96740
23,-129.793272371882,870,96740
1,-1.64921705921491e-11,873,96714
2,-1.64921705921491e-11,873,96714
3,-1.64921705921491e-11,873,96714
4,-1.64921705921491e-11,873,96714
5,-1.64921705921491e-11,873,96714
6,-566.375910254231,873,96714
7,-1.64921705921491e-11,873,96714
8,-1.64921705921491e-11,873,96714
9,-1.64921705921491e-11,873,96714
10,-1.64921705921491e-11,873,96714
11,-1.64921705921491e-11,873,96714
12,-1.64921705921491e-11,873,96714
13,-1.64921705921491e-11,873,96714
14,-1.64921705921491e-11,873,96714
15,-1.64921705921491e-11,873,96714
16,-1.64921705921491e-11,873,96714
17,-1.64921705921491e-11,873,96714
18,-1.64921705921491e-11,873,96714
19,-1.64921705921491e-11,873,96714
20,-1.64921705921491e-11,873,96714
21,-1.64921705921491e-11,873,96714
22,-1.64921705921491e-11,873,96714
23,-566.375910254231,873,96714
1,-1.5522042910258e-11,884,96740
2,-1.5522042910258e-11,884,96740
3,-1.5522042910258e-11,884,96740
4,-1.5522042910258e-11,884,96740
5,-1.5522042910258e-11,884,96740
6,-1.5522042910258e-11,884,96740
7,-1.5522042910258e-11,884,96740
8,-82.1875838411162,884,96740
9,-1.5522042910258e-11,884,96740
10,-1.5522042910258e-11,884,96740
11,-1.5522042910258e-11,884,96740
12,-1.5522042910258e-11,884,96740
13,-1.5522042910258e-11,884,96740
14,-1.5522042910258e-11,884,96740
15,-1.5522042910258e-11,884,96740
16,-1.5522042910258e-11,884,96740
17,-1.5522042910258e-11,884,96740
18,-1.5522042910258e-11,884,96740
19,-1.5522042910258e-11,884,96740
20,-1.5522042910258e-11,884,96740
21,-1.5522042910258e-11,884,96740
22,-1.5522042910258e-11,884,96740
23,-82.1875838411162,884,96740
1,-1.40668513874213e-11,886,96815
2,-1.40668513874213e-11,886,96815
3,-1.40668513874213e-11,886,96815
4,-1.40668513874213e-11,886,96815
5,-1.40668513874213e-11,886,96815
6,-1.40668513874213e-11,886,96815
7,-1.40668513874213e-11,886,96815
8,-1.40668513874213e-11,886,96815
9,-1.40668513874213e-11,886,96815
10,-1.40668513874213e-11,886,96815
11,-1.40668513874213e-11,886,96815
12,-1.40668513874213e-11,886,96815
13,-1.40668513874213e-11,886,96815
14,-1.40668513874213e-11,886,96815
15,-17.0605585482083,886,96815
16,-1.40668513874213e-11,886,96815
17,-1.40668513874213e-11,886,96815
18,-1.40668513874213e-11,886,96815
19,-1.40668513874213e-11,886,96815
20,-1.40668513874213e-11,886,96815
21,-1.40668513874213e-11,886,96815
22,-1.40668513874213e-11,886,96815
23,-17.0605585504561,886,96815
1,-1.60071067512035e-11,891,96813
2,-1.60071067512035e-11,891,96813
3,-1.60071067512035e-11,891,96813
4,-1.60071067512035e-11,891,96813
5,-1.60071067512035e-11,891,96813
6,-1.60071067512035e-11,891,96813
7,-1.60071067512035e-11,891,96813
8,-1.60071067512035e-11,891,96813
9,-1.60071067512035e-11,891,96813
10,-1.60071067512035e-11,891,96813
11,-1.60071067512035e-11,891,96813
12,-1.60071067512035e-11,891,96813
13,-1.60071067512035e-11,891,96813
14,-26.2325059965103,891,96813
15,-1.60071067512035e-11,891,96813
16,-1.60071067512035e-11,891,96813
17,-1.60071067512035e-11,891,96813
18,-1.60071067512035e-11,891,96813
19,-1.60071067512035e-11,891,96813
20,-1.60071067512035e-11,891,96813
21,-1.60071067512035e-11,891,96813
22,-1.60071067512035e-11,891,96813
23,-26.2325059965103,891,96813
1,4.85063840945563e-13,893,96821
2,4.85063840945563e-13,893,96821
3,4.85063840945563e-13,893,96821
4,4.85063840945563e-13,893,96821
5,4.85063840945563e-13,893,96821
6,4.85063840945563e-13,893,96821
7,4.85063840945563e-13,893,96821
8,4.85063840945563e-13,893,96821
9,4.85063840945563e-13,893,96821
10,4.85063840945563e-13,893,96821
11,4.85063840945563e-13,893,96821
12,4.85063840945563e-13,893,96821
13,4.85063840945563e-13,893,96821
14,-19.0520455290588,893,96821
15,4.85063840945563e-13,893,96821
16,4.85063840945563e-13,893,96821
17,4.85063840945563e-13,893,96821
18,4.85063840945563e-13,893,96821
19,4.85063840945563e-13,893,96821
20,4.85063840945563e-13,893,96821
21,4.85063840945563e-13,893,96821
22,4.85063840945563e-13,893,96821
23,-19.0520455290588,893,96821
1,-6.79089377323786e-12,5350,96740
2,-6.79089377323786e-12,5350,96740
3,-6.79089377323786e-12,5350,96740
4,-6.79089377323786e-12,5350,96740
5,-6.79089377323786e-12,5350,96740
6,-6.79089377323786e-12,5350,96740
7,-6.79089377323786e-12,5350,96740
8,-6.79089377323786e-12,5350,96740
9,-6.79089377323786e-12,5350,96740
10,-6.79089377323786e-12,5350,96740
11,-26.0065916814827,5350,96740
12,-6.79089377323786e-12,5350,96740
13,-6.79089377323786e-12,5350,96740
14,-6.79089377323786e-12,5350,96740
15,-6.79089377323786e-12,5350,96740
16,-6.79089377323786e-12,5350,96740
17,-6.79089377323786e-12,5350,96740
18,-6.79089377323786e-12,5350,96740
19,-6.79089377323786e-12,5350,96740
20,-6.79089377323786e-12,5350,96740
21,-6.79089377323786e-12,5350,96740
22,-6.79089377323786e-12,5350,96740
23,-26.0065916814827,5350,96740
1,-4.85063840945563e-13,897,96734
2,-4.85063840945563e-13,897,96734
3,-4.85063840945563e-13,897,96734
4,-4.85063840945563e-13,897,96734
5,-4.85063840945563e-13,897,96734
6,-4.85063840945563e-13,897,96734
7,-4.85063840945563e-13,897,96734
8,-4.85063840945563e-13,897,96734
9,-4.85063840945563e-13,897,96734
10,-4.85063840945563e-13,897,96734
11,-4.85063840945563e-13,897,96734
12,-4.85063840945563e-13,897,96734
13,-4.85063840945563e-13,897,96734
14,-4.85063840945563e-13,897,96734
15,-4.85063840945563e-13,897,96734
16,-4.85063840945563e-13,897,96734
17,-4.85063840945563e-13,897,96734
18,-4.85063840945563e-13,897,96734
19,-4.85063840945563e-13,897,96734
20,-27.8271351614923,897,96734
21,-4.85063840945563e-13,897,96734
22,-4.85063840945563e-13,897,96734
23,-27.8271351614923,897,96734
1,-7.76102145512899e-12,5348,96782
2,-7.76102145512899e-12,5348,96782
3,-7.76102145512899e-12,5348,96782
4,-7.76102145512899e-12,5348,96782
5,-7.76102145512899e-12,5348,96782
6,-7.76102145512899e-12,5348,96782
7,-7.76102145512899e-12,5348,96782
8,-7.76102145512899e-12,5348,96782
9,-7.76102145512899e-12,5348,96782
10,-7.76102145512899e-12,5348,96782
11,-7.76102145512899e-12,5348,96782
12,-7.76102145512899e-12,5348,96782
13,-7.76102145512899e-12,5348,96782
14,-34.9764333644208,5348,96782
15,-7.76102145512899e-12,5348,96782
16,-7.76102145512899e-12,5348,96782
17,-7.76102145512899e-12,5348,96782
18,-7.76102145512899e-12,5348,96782
19,-7.76102145512899e-12,5348,96782
20,-7.76102145512899e-12,5348,96782
21,-7.76102145512899e-12,5348,96782
22,-7.76102145512899e-12,5348,96782
23,-34.9764333644208,5348,96782
1,-9.70127681891123e-12,899,96740
2,-9.70127681891123e-12,899,96740
3,-9.70127681891123e-12,899,96740
4,-9.70127681891123e-12,899,96740
5,-9.70127681891123e-12,899,96740
6,-9.70127681891123e-12,899,96740
7,-9.70127681891123e-12,899,96740
8,-9.70127681891123e-12,899,96740
9,-9.70127681891123e-12,899,96740
10,-9.70127681891123e-12,899,96740
11,-9.70127681891123e-12,899,96740
12,-9.70127681891123e-12,899,96740
13,-3.53524697059135,899,96740
14,-9.70127681891123e-12,899,96740
15,-9.70127681891123e-12,899,96740
16,-9.70127681891123e-12,899,96740
17,-9.70127681891123e-12,899,96740
18,-9.70127681891123e-12,899,96740
19,-9.70127681891123e-12,899,96740
20,-9.70127681891123e-12,899,96740
21,-9.70127681891123e-12,899,96740
22,-9.70127681891123e-12,899,96740
23,-3.53524697059135,899,96740
1,-2.66785112520059e-12,5352,96819
2,-2.66785112520059e-12,5352,96819
3,-2.66785112520059e-12,5352,96819
4,-2.66785112520059e-12,5352,96819
5,-2.66785112520059e-12,5352,96819
6,-2.66785112520059e-12,5352,96819
7,-2.66785112520059e-12,5352,96819
8,-2.66785112520059e-12,5352,96819
9,-2.66785112520059e-12,5352,96819
10,-2.66785112520059e-12,5352,96819
11,-2.66785112520059e-12,5352,96819
12,-2.66785112520059e-12,5352,96819
13,-2.66785112520059e-12,5352,96819
14,-2.66785112520059e-12,5352,96819
15,-2.66785112520059e-12,5352,96819
16,-2.66785112520059e-12,5352,96819
17,-2.66785112520059e-12,5352,96819
18,-2.66785112520059e-12,5352,96819
19,-2.66785112520059e-12,5352,96819
20,-26.9839814238483,5352,96819
21,-2.66785112520059e-12,5352,96819
22,-2.66785112520059e-12,5352,96819
23,-26.9839814238483,5352,96819
1,1.79473621149858e-11,903,96819
2,-29.0603439863577,903,96819
3,1.79473621149858e-11,903,96819
4,1.79473621149858e-11,903,96819
5,1.79473621149858e-11,903,96819
6,1.79473621149858e-11,903,96819
7,1.79473621149858e-11,903,96819
8,1.79473621149858e-11,903,96819
9,1.79473621149858e-11,903,96819
10,1.79473621149858e-11,903,96819
11,1.79473621149858e-11,903,96819
12,1.79473621149858e-11,903,96819
13,1.79473621149858e-11,903,96819
14,1.79473621149858e-11,903,96819
15,1.79473621149858e-11,903,96819
16,1.79473621149858e-11,903,96819
17,1.79473621149858e-11,903,96819
18,1.79473621149858e-11,903,96819
19,1.79473621149858e-11,903,96819
20,1.79473621149858e-11,903,96819
21,1.79473621149858e-11,903,96819
22,1.79473621149858e-11,903,96819
23,-29.0603439863577,903,96819
1,-4.36557456851005e-12,905,96795
2,-4.36557456851005e-12,905,96795
3,-4.36557456851005e-12,905,96795
4,-4.36557456851005e-12,905,96795
5,-4.36557456851005e-12,905,96795
6,-4.36557456851005e-12,905,96795
7,-4.36557456851005e-12,905,96795
8,-4.36557456851005e-12,905,96795
9,-4.36557456851005e-12,905,96795
10,-4.36557456851005e-12,905,96795
11,-4.36557456851005e-12,905,96795
12,-4.36557456851005e-12,905,96795
13,-4.36557456851005e-12,905,96795
14,-4.36557456851005e-12,905,96795
15,-4.36557456851005e-12,905,96795
16,-137.075157617895,905,96795
17,-4.36557456851005e-12,905,96795
18,-4.36557456851005e-12,905,96795
19,-4.36557456851005e-12,905,96795
20,-4.36557456851005e-12,905,96795
21,-4.36557456851005e-12,905,96795
22,-4.36557456851005e-12,905,96795
23,-137.075157645367,905,96795
1,-7.76102145512899e-12,906,96821
2,-7.76102145512899e-12,906,96821
3,-7.76102145512899e-12,906,96821
4,-7.76102145512899e-12,906,96821
5,-7.76102145512899e-12,906,96821
6,-7.76102145512899e-12,906,96821
7,-7.76102145512899e-12,906,96821
8,-7.76102145512899e-12,906,96821
9,-7.76102145512899e-12,906,96821
10,-7.76102145512899e-12,906,96821
11,-7.76102145512899e-12,906,96821
12,-7.76102145512899e-12,906,96821
13,-7.76102145512899e-12,906,96821
14,-7.76102145512899e-12,906,96821
15,-7.76102145512899e-12,906,96821
16,-7.76102145512899e-12,906,96821
17,-7.76102145512899e-12,906,96821
18,-7.76102145512899e-12,906,96821
19,-7.76102145512899e-12,906,96821
20,-34.5214649530494,906,96821
21,-7.76102145512899e-12,906,96821
22,-7.76102145512899e-12,906,96821
23,-34.5214649530494,906,96821
1,-2.42531920472781e-12,917,96791
2,-2.42531920472781e-12,917,96791
3,-2.42531920472781e-12,917,96791
4,-2.42531920472781e-12,917,96791
5,-2.42531920472781e-12,917,96791
6,-137.465869918517,917,96791
7,-2.42531920472781e-12,917,96791
8,-2.42531920472781e-12,917,96791
9,-2.42531920472781e-12,917,96791
10,-2.42531920472781e-12,917,96791
11,-2.42531920472781e-12,917,96791
12,-2.42531920472781e-12,917,96791
13,-2.42531920472781e-12,917,96791
14,-2.42531920472781e-12,917,96791
15,-2.42531920472781e-12,917,96791
16,-2.42531920472781e-12,917,96791
17,-2.42531920472781e-12,917,96791
18,-2.42531920472781e-12,917,96791
19,-2.42531920472781e-12,917,96791
20,-2.42531920472781e-12,917,96791
21,-133.566383378009,917,96791
22,-2.42531920472781e-12,917,96791
23,-272.432191615279,917,96791
1,-19.4665607345688,925,96722
2,-1.94025536378225e-12,925,96722
3,-1.94025536378225e-12,925,96722
4,-1.94025536378225e-12,925,96722
5,-1.94025536378225e-12,925,96722
6,-1.94025536378225e-12,925,96722
7,-1.94025536378225e-12,925,96722
8,-1.94025536378225e-12,925,96722
9,-1.94025536378225e-12,925,96722
10,-1.94025536378225e-12,925,96722
11,-1.94025536378225e-12,925,96722
12,-1.94025536378225e-12,925,96722
13,-1.94025536378225e-12,925,96722
14,-1.94025536378225e-12,925,96722
15,-1.94025536378225e-12,925,96722
16,-1.94025536378225e-12,925,96722
17,-1.94025536378225e-12,925,96722
18,-1.94025536378225e-12,925,96722
19,-1.94025536378225e-12,925,96722
20,-1.94025536378225e-12,925,96722
21,-1.94025536378225e-12,925,96722
22,-1.94025536378225e-12,925,96722
23,-19.4665607345688,925,96722
1,-7.27595761418343e-12,929,96741
2,-7.27595761418343e-12,929,96741
3,-7.27595761418343e-12,929,96741
4,-7.27595761418343e-12,929,96741
5,-7.27595761418343e-12,929,96741
6,-7.27595761418343e-12,929,96741
7,-7.27595761418343e-12,929,96741
8,-120.77927960667,929,96741
9,-7.27595761418343e-12,929,96741
10,-7.27595761418343e-12,929,96741
11,-7.27595761418343e-12,929,96741
12,-7.27595761418343e-12,929,96741
13,-7.27595761418343e-12,929,96741
14,-19.9776068472236,929,96741
15,-7.27595761418343e-12,929,96741
16,-7.27595761418343e-12,929,96741
17,-7.27595761418343e-12,929,96741
18,-7.27595761418343e-12,929,96741
19,-7.27595761418343e-12,929,96741
20,-7.27595761418343e-12,929,96741
21,-7.27595761418343e-12,929,96741
22,-7.27595761418343e-12,929,96741
23,-140.862560971414,929,96741
1,-1.45519152283667e-12,5357,96768
2,-1.45519152283667e-12,5357,96768
3,-1.45519152283667e-12,5357,96768
4,-1.45519152283667e-12,5357,96768
5,-1.45519152283667e-12,5357,96768
6,-1.45519152283667e-12,5357,96768
7,-1.45519152283667e-12,5357,96768
8,-1.45519152283667e-12,5357,96768
9,-1.45519152283667e-12,5357,96768
10,-1.45519152283667e-12,5357,96768
11,-1.45519152283667e-12,5357,96768
12,-1.45519152283667e-12,5357,96768
13,-1.45519152283667e-12,5357,96768
14,-18.8421258760262,5357,96768
15,-1.45519152283667e-12,5357,96768
16,-1.45519152283667e-12,5357,96768
17,-1.45519152283667e-12,5357,96768
18,-1.45519152283667e-12,5357,96768
19,-1.45519152283667e-12,5357,96768
20,-1.45519152283667e-12,5357,96768
21,-1.45519152283667e-12,5357,96768
22,-1.45519152283667e-12,5357,96768
23,-18.8421258760262,5357,96768
1,7.76102145512899e-12,5358,96766
2,7.76102145512899e-12,5358,96766
3,7.76102145512899e-12,5358,96766
4,7.76102145512899e-12,5358,96766
5,7.76102145512899e-12,5358,96766
6,7.76102145512899e-12,5358,96766
7,-35.4753156994372,5358,96766
8,7.76102145512899e-12,5358,96766
9,7.76102145512899e-12,5358,96766
10,7.76102145512899e-12,5358,96766
11,7.76102145512899e-12,5358,96766
12,7.76102145512899e-12,5358,96766
13,7.76102145512899e-12,5358,96766
14,7.76102145512899e-12,5358,96766
15,7.76102145512899e-12,5358,96766
16,7.76102145512899e-12,5358,96766
17,7.76102145512899e-12,5358,96766
18,7.76102145512899e-12,5358,96766
19,7.76102145512899e-12,5358,96766
20,-24.6794647660921,5358,96766
21,7.76102145512899e-12,5358,96766
22,7.76102145512899e-12,5358,96766
23,-60.234637985007,5358,96766
1,-5.82076609134674e-12,5362,96746
2,-5.82076609134674e-12,5362,96746
3,-5.82076609134674e-12,5362,96746
4,-5.82076609134674e-12,5362,96746
5,-5.82076609134674e-12,5362,96746
6,-5.82076609134674e-12,5362,96746
7,-5.82076609134674e-12,5362,96746
8,-5.82076609134674e-12,5362,96746
9,-5.82076609134674e-12,5362,96746
10,-5.82076609134674e-12,5362,96746
11,-5.82076609134674e-12,5362,96746
12,-5.82076609134674e-12,5362,96746
13,-5.82076609134674e-12,5362,96746
14,-5.82076609134674e-12,5362,96746
15,-5.82076609134674e-12,5362,96746
16,-5.82076609134674e-12,5362,96746
17,-5.82076609134674e-12,5362,96746
18,-5.82076609134674e-12,5362,96746
19,-5.82076609134674e-12,5362,96746
20,-5.82076609134674e-12,5362,96746
21,-134.124429882035,5362,96746
22,-5.82076609134674e-12,5362,96746
23,-134.124429946556,5362,96746
1,-7.27595761418343e-12,945,96766
2,-7.27595761418343e-12,945,96766
3,-7.27595761418343e-12,945,96766
4,-7.27595761418343e-12,945,96766
5,-7.27595761418343e-12,945,96766
6,-7.27595761418343e-12,945,96766
7,-7.27595761418343e-12,945,96766
8,-7.27595761418343e-12,945,96766
9,-7.27595761418343e-12,945,96766
10,-7.27595761418343e-12,945,96766
11,-7.27595761418343e-12,945,96766
12,-7.27595761418343e-12,945,96766
13,-7.27595761418343e-12,945,96766
14,-68.1687256141415,945,96766
15,-7.27595761418343e-12,945,96766
16,-7.27595761418343e-12,945,96766
17,-7.27595761418343e-12,945,96766
18,-7.27595761418343e-12,945,96766
19,-7.27595761418343e-12,945,96766
20,-7.27595761418343e-12,945,96766
21,-7.27595761418343e-12,945,96766
22,-7.27595761418343e-12,945,96766
23,-68.1687256141415,945,96766
1,-6.79089377323787e-12,967,96734
2,-6.79089377323787e-12,967,96734
3,-6.79089377323787e-12,967,96734
4,-6.79089377323787e-12,967,96734
5,-6.79089377323787e-12,967,96734
6,-6.79089377323787e-12,967,96734
7,-6.79089377323787e-12,967,96734
8,-6.79089377323787e-12,967,96734
9,-6.79089377323787e-12,967,96734
10,-6.79089377323787e-12,967,96734
11,-6.79089377323787e-12,967,96734
12,-6.79089377323787e-12,967,96734
13,-6.79089377323787e-12,967,96734
14,-32.7438520598904,967,96734
15,-6.79089377323787e-12,967,96734
16,-6.79089377323787e-12,967,96734
17,-6.79089377323787e-12,967,96734
18,-6.79089377323787e-12,967,96734
19,-6.79089377323787e-12,967,96734
20,-6.79089377323787e-12,967,96734
21,-6.79089377323787e-12,967,96734
22,-6.79089377323787e-12,967,96734
23,-32.7438520598904,967,96734
1,-9.70127681891127e-13,973,96792
2,-9.70127681891127e-13,973,96792
3,-9.70127681891127e-13,973,96792
4,-9.70127681891127e-13,973,96792
5,-9.70127681891127e-13,973,96792
6,-9.70127681891127e-13,973,96792
7,-9.70127681891127e-13,973,96792
8,-9.70127681891127e-13,973,96792
9,-9.70127681891127e-13,973,96792
10,-9.70127681891127e-13,973,96792
11,-9.70127681891127e-13,973,96792
12,-9.70127681891127e-13,973,96792
13,-9.70127681891127e-13,973,96792
14,-21.1107000113664,973,96792
15,-9.70127681891127e-13,973,96792
16,-9.70127681891127e-13,973,96792
17,-9.70127681891127e-13,973,96792
18,-9.70127681891127e-13,973,96792
19,-9.70127681891127e-13,973,96792
20,-9.70127681891127e-13,973,96792
21,-9.70127681891127e-13,973,96792
22,-9.70127681891127e-13,973,96792
23,-21.1107000113664,973,96792
1,-2.42531920472781e-12,979,96746
2,-2.42531920472781e-12,979,96746
3,-2.42531920472781e-12,979,96746
4,-2.42531920472781e-12,979,96746
5,-2.42531920472781e-12,979,96746
6,-2.42531920472781e-12,979,96746
7,-2.42531920472781e-12,979,96746
8,-2.42531920472781e-12,979,96746
9,-2.42531920472781e-12,979,96746
10,-2.42531920472781e-12,979,96746
11,-17.9045947534265,979,96746
12,-2.42531920472781e-12,979,96746
13,-2.42531920472781e-12,979,96746
14,-2.42531920472781e-12,979,96746
15,-2.42531920472781e-12,979,96746
16,-2.42531920472781e-12,979,96746
17,-2.42531920472781e-12,979,96746
18,-2.42531920472781e-12,979,96746
19,-2.42531920472781e-12,979,96746
20,-2.42531920472781e-12,979,96746
21,-2.42531920472781e-12,979,96746
22,-2.42531920472781e-12,979,96746
23,-17.9045947534265,979,96746
1,5.82076609134674e-12,5374,96712
2,5.82076609134674e-12,5374,96712
3,5.82076609134674e-12,5374,96712
4,5.82076609134674e-12,5374,96712
5,5.82076609134674e-12,5374,96712
6,5.82076609134674e-12,5374,96712
7,5.82076609134674e-12,5374,96712
8,5.82076609134674e-12,5374,96712
9,5.82076609134674e-12,5374,96712
10,5.82076609134674e-12,5374,96712
11,5.82076609134674e-12,5374,96712
12,5.82076609134674e-12,5374,96712
13,5.82076609134674e-12,5374,96712
14,-22.5764426389762,5374,96712
15,5.82076609134674e-12,5374,96712
16,5.82076609134674e-12,5374,96712
17,5.82076609134674e-12,5374,96712
18,5.82076609134674e-12,5374,96712
19,5.82076609134674e-12,5374,96712
20,5.82076609134674e-12,5374,96712
21,5.82076609134674e-12,5374,96712
22,5.82076609134674e-12,5374,96712
23,-22.5764426389762,5374,96712
1,-8.73114913702012e-12,986,96740
2,-8.73114913702012e-12,986,96740
3,-8.73114913702012e-12,986,96740
4,-8.73114913702012e-12,986,96740
5,-8.73114913702012e-12,986,96740
6,-8.73114913702012e-12,986,96740
7,-8.73114913702012e-12,986,96740
8,-8.73114913702012e-12,986,96740
9,-8.73114913702012e-12,986,96740
10,-8.73114913702012e-12,986,96740
11,-8.73114913702012e-12,986,96740
12,-8.73114913702012e-12,986,96740
13,-8.73114913702012e-12,986,96740
14,-24.6587086674127,986,96740
15,-8.73114913702012e-12,986,96740
16,-8.73114913702012e-12,986,96740
17,-8.73114913702012e-12,986,96740
18,-8.73114913702012e-12,986,96740
19,-8.73114913702012e-12,986,96740
20,-8.73114913702012e-12,986,96740
21,-8.73114913702012e-12,986,96740
22,-8.73114913702012e-12,986,96740
23,-24.6587086674127,986,96740
1,-1.16415321826935e-11,993,96766
2,-1.16415321826935e-11,993,96766
3,-135.5534290556,993,96766
4,-1.16415321826935e-11,993,96766
5,-1.16415321826935e-11,993,96766
6,-1.16415321826935e-11,993,96766
7,-1.16415321826935e-11,993,96766
8,-1.16415321826935e-11,993,96766
9,-1.16415321826935e-11,993,96766
10,-1.16415321826935e-11,993,96766
11,-1.16415321826935e-11,993,96766
12,-1.16415321826935e-11,993,96766
13,-1.16415321826935e-11,993,96766
14,-1.16415321826935e-11,993,96766
15,-1.16415321826935e-11,993,96766
16,-1.16415321826935e-11,993,96766
17,-1.16415321826935e-11,993,96766
18,-1.16415321826935e-11,993,96766
19,-1.16415321826935e-11,993,96766
20,-1.16415321826935e-11,993,96766
21,-1.16415321826935e-11,993,96766
22,-1.16415321826935e-11,993,96766
23,-135.553429179114,993,96766
1,-2.52233197291692e-11,998,96821
2,-2.52233197291692e-11,998,96821
3,-2.52233197291692e-11,998,96821
4,-2.52233197291692e-11,998,96821
5,-2.52233197291692e-11,998,96821
6,-2.52233197291692e-11,998,96821
7,-2.52233197291692e-11,998,96821
8,-2.52233197291692e-11,998,96821
9,-2.52233197291692e-11,998,96821
10,-2.52233197291692e-11,998,96821
11,-2.52233197291692e-11,998,96821
12,-2.52233197291692e-11,998,96821
13,-2.52233197291692e-11,998,96821
14,-253.866098033276,998,96821
15,-2.52233197291692e-11,998,96821
16,-2.52233197291692e-11,998,96821
17,-2.52233197291692e-11,998,96821
18,-2.52233197291692e-11,998,96821
19,-14.7153460002897,998,96821
20,-2.52233197291692e-11,998,96821
21,-2.52233197291692e-11,998,96821
22,-2.52233197291692e-11,998,96821
23,-268.727292821599,998,96821
1,-4.85063840945562e-12,5375,96756
2,-4.85063840945562e-12,5375,96756
3,-4.85063840945562e-12,5375,96756
4,-4.85063840945562e-12,5375,96756
5,-4.85063840945562e-12,5375,96756
6,-4.85063840945562e-12,5375,96756
7,-4.85063840945562e-12,5375,96756
8,-4.85063840945562e-12,5375,96756
9,-4.85063840945562e-12,5375,96756
10,-4.85063840945562e-12,5375,96756
11,-4.85063840945562e-12,5375,96756
12,-4.85063840945562e-12,5375,96756
13,-4.85063840945562e-12,5375,96756
14,-4.85063840945562e-12,5375,96756
15,-4.85063840945562e-12,5375,96756
16,-4.85063840945562e-12,5375,96756
17,-29.9661585244801,5375,96756
18,-4.85063840945562e-12,5375,96756
19,-4.85063840945562e-12,5375,96756
20,-4.85063840945562e-12,5375,96756
21,-4.85063840945562e-12,5375,96756
22,-4.85063840945562e-12,5375,96756
23,-29.9661585244801,5375,96756
1,-3.39544688661893e-12,5376,96813
2,-3.39544688661893e-12,5376,96813
3,-3.39544688661893e-12,5376,96813
4,-3.39544688661893e-12,5376,96813
5,-3.39544688661893e-12,5376,96813
6,-125.703056306368,5376,96813
7,-3.39544688661893e-12,5376,96813
8,-3.39544688661893e-12,5376,96813
9,-3.39544688661893e-12,5376,96813
10,-3.39544688661893e-12,5376,96813
11,-3.39544688661893e-12,5376,96813
12,-3.39544688661893e-12,5376,96813
13,-3.39544688661893e-12,5376,96813
14,-3.39544688661893e-12,5376,96813
15,-3.39544688661893e-12,5376,96813
16,-3.39544688661893e-12,5376,96813
17,-3.39544688661893e-12,5376,96813
18,-3.39544688661893e-12,5376,96813
19,-3.39544688661893e-12,5376,96813
20,-3.39544688661893e-12,5376,96813
21,-3.39544688661893e-12,5376,96813
22,-3.39544688661893e-12,5376,96813
23,-125.703056306368,5376,96813
1,-1.40668513874213e-11,1017,96821
2,-1.40668513874213e-11,1017,96821
3,-1.40668513874213e-11,1017,96821
4,-1.40668513874213e-11,1017,96821
5,-1.40668513874213e-11,1017,96821
6,-1.40668513874213e-11,1017,96821
7,-1.40668513874213e-11,1017,96821
8,-1.40668513874213e-11,1017,96821
9,-1.40668513874213e-11,1017,96821
10,-1.40668513874213e-11,1017,96821
11,-1.40668513874213e-11,1017,96821
12,-1.40668513874213e-11,1017,96821
13,-1.40668513874213e-11,1017,96821
14,-1.40668513874213e-11,1017,96821
15,-1.40668513874213e-11,1017,96821
16,-1.40668513874213e-11,1017,96821
17,-20.8709565542874,1017,96821
18,-1.40668513874213e-11,1017,96821
19,-1.40668513874213e-11,1017,96821
20,-1.40668513874213e-11,1017,96821
21,-1.40668513874213e-11,1017,96821
22,-1.40668513874213e-11,1017,96821
23,-20.8709565593284,1017,96821
1,-1.40668513874213e-11,1026,96789
2,-1.40668513874213e-11,1026,96789
3,-1.40668513874213e-11,1026,96789
4,-1.40668513874213e-11,1026,96789
5,-1.40668513874213e-11,1026,96789
6,-1.40668513874213e-11,1026,96789
7,-1.40668513874213e-11,1026,96789
8,-1.40668513874213e-11,1026,96789
9,-1.40668513874213e-11,1026,96789
10,-1.40668513874213e-11,1026,96789
11,-1.40668513874213e-11,1026,96789
12,-1.40668513874213e-11,1026,96789
13,-1.40668513874213e-11,1026,96789
14,-1.40668513874213e-11,1026,96789
15,-17.0605585504494,1026,96789
16,-1.40668513874213e-11,1026,96789
17,-1.40668513874213e-11,1026,96789
18,-1.40668513874213e-11,1026,96789
19,-1.40668513874213e-11,1026,96789
20,-1.40668513874213e-11,1026,96789
21,-1.40668513874213e-11,1026,96789
22,-1.40668513874213e-11,1026,96789
23,-17.0605585504561,1026,96789
1,-3.8805107275645e-12,1031,96756
2,-3.8805107275645e-12,1031,96756
3,-3.8805107275645e-12,1031,96756
4,-3.8805107275645e-12,1031,96756
5,-3.8805107275645e-12,1031,96756
6,-3.8805107275645e-12,1031,96756
7,-3.8805107275645e-12,1031,96756
8,-22.7632020686743,1031,96756
9,-3.8805107275645e-12,1031,96756
10,-3.8805107275645e-12,1031,96756
11,-3.8805107275645e-12,1031,96756
12,-3.8805107275645e-12,1031,96756
13,-3.8805107275645e-12,1031,96756
14,-3.8805107275645e-12,1031,96756
15,-3.8805107275645e-12,1031,96756
16,-3.8805107275645e-12,1031,96756
17,-3.8805107275645e-12,1031,96756
18,-3.8805107275645e-12,1031,96756
19,-3.8805107275645e-12,1031,96756
20,-3.8805107275645e-12,1031,96756
21,-3.8805107275645e-12,1031,96756
22,-3.8805107275645e-12,1031,96756
23,-22.7632020686743,1031,96756
1,-5.33570225040118e-12,1034,96791
2,-5.33570225040118e-12,1034,96791
3,-5.33570225040118e-12,1034,96791
4,-5.33570225040118e-12,1034,96791
5,-5.33570225040118e-12,1034,96791
6,-5.33570225040118e-12,1034,96791
7,-5.33570225040118e-12,1034,96791
8,-5.33570225040118e-12,1034,96791
9,-5.33570225040118e-12,1034,96791
10,-5.33570225040118e-12,1034,96791
11,-136.639533840766,1034,96791
12,-5.33570225040118e-12,1034,96791
13,-5.33570225040118e-12,1034,96791
14,-5.33570225040118e-12,1034,96791
15,-5.33570225040118e-12,1034,96791
16,-5.33570225040118e-12,1034,96791
17,-5.33570225040118e-12,1034,96791
18,-5.33570225040118e-12,1034,96791
19,-5.33570225040118e-12,1034,96791
20,-5.33570225040118e-12,1034,96791
21,-5.33570225040118e-12,1034,96791
22,-5.33570225040118e-12,1034,96791
23,-136.639534713988,1034,96791
1,-6.3058299322923e-12,1040,96826
2,-6.3058299322923e-12,1040,96826
3,-6.3058299322923e-12,1040,96826
4,-6.3058299322923e-12,1040,96826
5,-6.3058299322923e-12,1040,96826
6,-6.3058299322923e-12,1040,96826
7,-6.3058299322923e-12,1040,96826
8,-6.3058299322923e-12,1040,96826
9,-6.3058299322923e-12,1040,96826
10,-6.3058299322923e-12,1040,96826
11,-6.3058299322923e-12,1040,96826
12,-6.3058299322923e-12,1040,96826
13,-6.3058299322923e-12,1040,96826
14,-6.3058299322923e-12,1040,96826
15,-6.3058299322923e-12,1040,96826
16,-6.3058299322923e-12,1040,96826
17,-6.3058299322923e-12,1040,96826
18,-83.9282969718901,1040,96826
19,-6.3058299322923e-12,1040,96826
20,-6.3058299322923e-12,1040,96826
21,-6.3058299322923e-12,1040,96826
22,-6.3058299322923e-12,1040,96826
23,-83.9282970111123,1040,96826
1,-1.50369790693124e-11,5396,96740
2,-1.50369790693124e-11,5396,96740
3,-1.50369790693124e-11,5396,96740
4,-1.50369790693124e-11,5396,96740
5,-1.50369790693124e-11,5396,96740
6,-1.50369790693124e-11,5396,96740
7,-1.50369790693124e-11,5396,96740
8,-6.06892347012957,5396,96740
9,-1.50369790693124e-11,5396,96740
10,-1.50369790693124e-11,5396,96740
11,-1.50369790693124e-11,5396,96740
12,-1.50369790693124e-11,5396,96740
13,-1.50369790693124e-11,5396,96740
14,-1.50369790693124e-11,5396,96740
15,-1.50369790693124e-11,5396,96740
16,-1.50369790693124e-11,5396,96740
17,-1.50369790693124e-11,5396,96740
18,-1.50369790693124e-11,5396,96740
19,-1.50369790693124e-11,5396,96740
20,-1.50369790693124e-11,5396,96740
21,-1.50369790693124e-11,5396,96740
22,-1.50369790693124e-11,5396,96740
23,-6.06892347012957,5396,96740
1,-3.8805107275645e-12,1051,96746
2,-3.8805107275645e-12,1051,96746
3,-3.8805107275645e-12,1051,96746
4,-3.8805107275645e-12,1051,96746
5,-3.8805107275645e-12,1051,96746
6,-24.0814574245965,1051,96746
7,-3.8805107275645e-12,1051,96746
8,-3.8805107275645e-12,1051,96746
9,-3.8805107275645e-12,1051,96746
10,-3.8805107275645e-12,1051,96746
11,-3.8805107275645e-12,1051,96746
12,-3.8805107275645e-12,1051,96746
13,-3.8805107275645e-12,1051,96746
14,-3.8805107275645e-12,1051,96746
15,-3.8805107275645e-12,1051,96746
16,-3.8805107275645e-12,1051,96746
17,-3.8805107275645e-12,1051,96746
18,-3.8805107275645e-12,1051,96746
19,-3.8805107275645e-12,1051,96746
20,-3.8805107275645e-12,1051,96746
21,-3.8805107275645e-12,1051,96746
22,-3.8805107275645e-12,1051,96746
23,-24.081457430262,1051,96746
1,-5.33570225040117e-12,1052,96740
2,-5.33570225040117e-12,1052,96740
3,-5.33570225040117e-12,1052,96740
4,-5.33570225040117e-12,1052,96740
5,-5.33570225040117e-12,1052,96740
6,-5.33570225040117e-12,1052,96740
7,-5.33570225040117e-12,1052,96740
8,-16.2113558766539,1052,96740
9,-5.33570225040117e-12,1052,96740
10,-5.33570225040117e-12,1052,96740
11,-5.33570225040117e-12,1052,96740
12,-5.33570225040117e-12,1052,96740
13,-5.33570225040117e-12,1052,96740
14,-19.9775845056002,1052,96740
15,-5.33570225040117e-12,1052,96740
16,-5.33570225040117e-12,1052,96740
17,-5.33570225040117e-12,1052,96740
18,-5.33570225040117e-12,1052,96740
19,-5.33570225040117e-12,1052,96740
20,-5.33570225040117e-12,1052,96740
21,-5.33570225040117e-12,1052,96740
22,-5.33570225040117e-12,1052,96740
23,-36.2173968414868,1052,96740
1,-1.94025536378225e-12,1060,96734
2,-1.94025536378225e-12,1060,96734
3,-1.94025536378225e-12,1060,96734
4,-1.94025536378225e-12,1060,96734
5,-1.94025536378225e-12,1060,96734
6,-1.94025536378225e-12,1060,96734
7,-1.94025536378225e-12,1060,96734
8,-1.94025536378225e-12,1060,96734
9,-1.94025536378225e-12,1060,96734
10,-1.94025536378225e-12,1060,96734
11,-1.94025536378225e-12,1060,96734
12,-1.94025536378225e-12,1060,96734
13,-1.94025536378225e-12,1060,96734
14,-34.6759934740946,1060,96734
15,-1.94025536378225e-12,1060,96734
16,-1.94025536378225e-12,1060,96734
17,-1.94025536378225e-12,1060,96734
18,-1.94025536378225e-12,1060,96734
19,-1.94025536378225e-12,1060,96734
20,-1.94025536378225e-12,1060,96734
21,-1.94025536378225e-12,1060,96734
22,-1.94025536378225e-12,1060,96734
23,-34.6759934740946,1060,96734
1,-7.27595761418343e-12,1063,96782
2,-7.27595761418343e-12,1063,96782
3,-7.27595761418343e-12,1063,96782
4,-7.27595761418343e-12,1063,96782
5,-7.27595761418343e-12,1063,96782
6,-7.27595761418343e-12,1063,96782
7,-7.27595761418343e-12,1063,96782
8,-7.27595761418343e-12,1063,96782
9,-7.27595761418343e-12,1063,96782
10,-7.27595761418343e-12,1063,96782
11,-7.27595761418343e-12,1063,96782
12,-7.27595761418343e-12,1063,96782
13,-7.27595761418343e-12,1063,96782
14,-84.3927308709176,1063,96782
15,-7.27595761418343e-12,1063,96782
16,-7.27595761418343e-12,1063,96782
17,-7.27595761418343e-12,1063,96782
18,-7.27595761418343e-12,1063,96782
19,-7.27595761418343e-12,1063,96782
20,-7.27595761418343e-12,1063,96782
21,-7.27595761418343e-12,1063,96782
22,-7.27595761418343e-12,1063,96782
23,-84.3927308709176,1063,96782
1,4.85063840945563e-13,5401,96712
2,4.85063840945563e-13,5401,96712
3,-29.0265088585909,5401,96712
4,4.85063840945563e-13,5401,96712
5,4.85063840945563e-13,5401,96712
6,4.85063840945563e-13,5401,96712
7,4.85063840945563e-13,5401,96712
8,4.85063840945563e-13,5401,96712
9,4.85063840945563e-13,5401,96712
10,4.85063840945563e-13,5401,96712
11,4.85063840945563e-13,5401,96712
12,4.85063840945563e-13,5401,96712
13,4.85063840945563e-13,5401,96712
14,4.85063840945563e-13,5401,96712
15,4.85063840945563e-13,5401,96712
16,4.85063840945563e-13,5401,96712
17,4.85063840945563e-13,5401,96712
18,4.85063840945563e-13,5401,96712
19,4.85063840945563e-13,5401,96712
20,4.85063840945563e-13,5401,96712
21,4.85063840945563e-13,5401,96712
22,4.85063840945563e-13,5401,96712
23,-29.0265088585909,5401,96712
1,-1.06714045008024e-11,1068,96749
2,-1.06714045008024e-11,1068,96749
3,-1.06714045008024e-11,1068,96749
4,-1.06714045008024e-11,1068,96749
5,-1.06714045008024e-11,1068,96749
6,-1.06714045008024e-11,1068,96749
7,-1.06714045008024e-11,1068,96749
8,-1.06714045008024e-11,1068,96749
9,-1.06714045008024e-11,1068,96749
10,-1.06714045008024e-11,1068,96749
11,-1.06714045008024e-11,1068,96749
12,-1.06714045008024e-11,1068,96749
13,-1.06714045008024e-11,1068,96749
14,-77.2862413266023,1068,96749
15,-1.06714045008024e-11,1068,96749
16,-1.06714045008024e-11,1068,96749
17,-1.06714045008024e-11,1068,96749
18,-1.06714045008024e-11,1068,96749
19,-1.06714045008024e-11,1068,96749
20,-1.06714045008024e-11,1068,96749
21,-1.06714045008024e-11,1068,96749
22,-1.06714045008024e-11,1068,96749
23,-77.2862413266911,1068,96749
1,-1.11564683417479e-11,1076,96746
2,-1.11564683417479e-11,1076,96746
3,-1.11564683417479e-11,1076,96746
4,-1.11564683417479e-11,1076,96746
5,-1.11564683417479e-11,1076,96746
6,-1.11564683417479e-11,1076,96746
7,-1.11564683417479e-11,1076,96746
8,-1.11564683417479e-11,1076,96746
9,-1.11564683417479e-11,1076,96746
10,-1.11564683417479e-11,1076,96746
11,-1.11564683417479e-11,1076,96746
12,-1.11564683417479e-11,1076,96746
13,-10.1614490047112,1076,96746
14,-1.11564683417479e-11,1076,96746
15,-1.11564683417479e-11,1076,96746
16,-1.11564683417479e-11,1076,96746
17,-1.11564683417479e-11,1076,96746
18,-1.11564683417479e-11,1076,96746
19,-1.11564683417479e-11,1076,96746
20,-1.11564683417479e-11,1076,96746
21,-1.11564683417479e-11,1076,96746
22,-1.11564683417479e-11,1076,96746
23,-10.1614490047112,1076,96746
1,-2.91038304567337e-12,5409,96714
2,-2.91038304567337e-12,5409,96714
3,-2.91038304567337e-12,5409,96714
4,-2.91038304567337e-12,5409,96714
5,-2.91038304567337e-12,5409,96714
6,-2.91038304567337e-12,5409,96714
7,-2.91038304567337e-12,5409,96714
8,-20.6130381498112,5409,96714
9,-2.91038304567337e-12,5409,96714
10,-2.91038304567337e-12,5409,96714
11,-2.91038304567337e-12,5409,96714
12,-2.91038304567337e-12,5409,96714
13,-2.91038304567337e-12,5409,96714
14,-2.91038304567337e-12,5409,96714
15,-2.91038304567337e-12,5409,96714
16,-2.91038304567337e-12,5409,96714
17,-2.91038304567337e-12,5409,96714
18,-2.91038304567337e-12,5409,96714
19,-2.91038304567337e-12,5409,96714
20,-2.91038304567337e-12,5409,96714
21,-2.91038304567337e-12,5409,96714
22,-2.91038304567337e-12,5409,96714
23,-20.6130381498112,5409,96714
1,-9.70127681891127e-13,1095,96785
2,-9.70127681891127e-13,1095,96785
3,-9.70127681891127e-13,1095,96785
4,-9.70127681891127e-13,1095,96785
5,-9.70127681891127e-13,1095,96785
6,-9.70127681891127e-13,1095,96785
7,-9.70127681891127e-13,1095,96785
8,-9.70127681891127e-13,1095,96785
9,-9.70127681891127e-13,1095,96785
10,-9.70127681891127e-13,1095,96785
11,-9.70127681891127e-13,1095,96785
12,-9.70127681891127e-13,1095,96785
13,-9.70127681891127e-13,1095,96785
14,-21.1107000113664,1095,96785
15,-9.70127681891127e-13,1095,96785
16,-9.70127681891127e-13,1095,96785
17,-9.70127681891127e-13,1095,96785
18,-9.70127681891127e-13,1095,96785
19,-9.70127681891127e-13,1095,96785
20,-9.70127681891127e-13,1095,96785
21,-9.70127681891127e-13,1095,96785
22,-9.70127681891127e-13,1095,96785
23,-21.1107000113664,1095,96785
1,1.94025536378225e-12,1113,96706
2,1.94025536378225e-12,1113,96706
3,1.94025536378225e-12,1113,96706
4,1.94025536378225e-12,1113,96706
5,1.94025536378225e-12,1113,96706
6,1.94025536378225e-12,1113,96706
7,1.94025536378225e-12,1113,96706
8,1.94025536378225e-12,1113,96706
9,1.94025536378225e-12,1113,96706
10,-4.77318275972211,1113,96706
11,1.94025536378225e-12,1113,96706
12,1.94025536378225e-12,1113,96706
13,1.94025536378225e-12,1113,96706
14,1.94025536378225e-12,1113,96706
15,1.94025536378225e-12,1113,96706
16,1.94025536378225e-12,1113,96706
17,1.94025536378225e-12,1113,96706
18,1.94025536378225e-12,1113,96706
19,1.94025536378225e-12,1113,96706
20,1.94025536378225e-12,1113,96706
21,1.94025536378225e-12,1113,96706
22,1.94025536378225e-12,1113,96706
23,-4.77318275972211,1113,96706
1,-1.01863406598568e-11,1121,96720
2,-1.01863406598568e-11,1121,96720
3,-1.01863406598568e-11,1121,96720
4,-1.01863406598568e-11,1121,96720
5,-1.01863406598568e-11,1121,96720
6,-1.01863406598568e-11,1121,96720
7,-1.01863406598568e-11,1121,96720
8,-1.01863406598568e-11,1121,96720
9,-1.01863406598568e-11,1121,96720
10,-1.01863406598568e-11,1121,96720
11,-1.01863406598568e-11,1121,96720
12,-1.01863406598568e-11,1121,96720
13,-1.01863406598568e-11,1121,96720
14,-1.01863406598568e-11,1121,96720
15,-1.01863406598568e-11,1121,96720
16,-1.01863406598568e-11,1121,96720
17,-21.6296332856366,1121,96720
18,-1.01863406598568e-11,1121,96720
19,-1.01863406598568e-11,1121,96720
20,-1.01863406598568e-11,1121,96720
21,-1.01863406598568e-11,1121,96720
22,-1.01863406598568e-11,1121,96720
23,-21.6296332917181,1121,96720
1,-9.70127681891127e-13,1124,96706
2,-9.70127681891127e-13,1124,96706
3,-9.70127681891127e-13,1124,96706
4,-9.70127681891127e-13,1124,96706
5,-9.70127681891127e-13,1124,96706
6,-9.70127681891127e-13,1124,96706
7,-9.70127681891127e-13,1124,96706
8,-9.70127681891127e-13,1124,96706
9,-9.70127681891127e-13,1124,96706
10,-9.70127681891127e-13,1124,96706
11,-9.70127681891127e-13,1124,96706
12,-9.70127681891127e-13,1124,96706
13,-9.70127681891127e-13,1124,96706
14,-21.1107000113664,1124,96706
15,-9.70127681891127e-13,1124,96706
16,-9.70127681891127e-13,1124,96706
17,-9.70127681891127e-13,1124,96706
18,-9.70127681891127e-13,1124,96706
19,-9.70127681891127e-13,1124,96706
20,-9.70127681891127e-13,1124,96706
21,-9.70127681891127e-13,1124,96706
22,-9.70127681891127e-13,1124,96706
23,-21.1107000113664,1124,96706
1,-4.36557456851005e-12,5423,96817
2,-4.36557456851005e-12,5423,96817
3,-4.36557456851005e-12,5423,96817
4,-4.36557456851005e-12,5423,96817
5,-4.36557456851005e-12,5423,96817
6,-4.36557456851005e-12,5423,96817
7,-4.36557456851005e-12,5423,96817
8,-4.36557456851005e-12,5423,96817
9,-4.36557456851005e-12,5423,96817
10,-4.36557456851005e-12,5423,96817
11,-4.36557456851005e-12,5423,96817
12,-4.36557456851005e-12,5423,96817
13,-4.36557456851005e-12,5423,96817
14,-22.9629324052512,5423,96817
15,-4.36557456851005e-12,5423,96817
16,-4.36557456851005e-12,5423,96817
17,-4.36557456851005e-12,5423,96817
18,-4.36557456851005e-12,5423,96817
19,-4.36557456851005e-12,5423,96817
20,-4.36557456851005e-12,5423,96817
21,-4.36557456851005e-12,5423,96817
22,-4.36557456851005e-12,5423,96817
23,-22.9629324079149,5423,96817
1,-3.8805107275645e-12,1162,96707
2,-3.8805107275645e-12,1162,96707
3,-3.8805107275645e-12,1162,96707
4,-3.8805107275645e-12,1162,96707
5,-3.8805107275645e-12,1162,96707
6,-3.8805107275645e-12,1162,96707
7,-3.8805107275645e-12,1162,96707
8,-3.8805107275645e-12,1162,96707
9,-3.8805107275645e-12,1162,96707
10,-3.8805107275645e-12,1162,96707
11,-3.8805107275645e-12,1162,96707
12,-3.8805107275645e-12,1162,96707
13,-3.8805107275645e-12,1162,96707
14,-21.8996368199378,1162,96707
15,-3.8805107275645e-12,1162,96707
16,-3.8805107275645e-12,1162,96707
17,-3.8805107275645e-12,1162,96707
18,-3.8805107275645e-12,1162,96707
19,-3.8805107275645e-12,1162,96707
20,-3.8805107275645e-12,1162,96707
21,-3.8805107275645e-12,1162,96707
22,-3.8805107275645e-12,1162,96707
23,-21.8996368199378,1162,96707
1,-1.94025536378225e-12,1173,96740
2,-1.94025536378225e-12,1173,96740
3,-1.94025536378225e-12,1173,96740
4,-1.94025536378225e-12,1173,96740
5,-1.94025536378225e-12,1173,96740
6,-25.4176179600293,1173,96740
7,-1.94025536378225e-12,1173,96740
8,-1.94025536378225e-12,1173,96740
9,-1.94025536378225e-12,1173,96740
10,-1.94025536378225e-12,1173,96740
11,-1.94025536378225e-12,1173,96740
12,-1.94025536378225e-12,1173,96740
13,-1.94025536378225e-12,1173,96740
14,-1.94025536378225e-12,1173,96740
15,-1.94025536378225e-12,1173,96740
16,-1.94025536378225e-12,1173,96740
17,-1.94025536378225e-12,1173,96740
18,-1.94025536378225e-12,1173,96740
19,-1.94025536378225e-12,1173,96740
20,-1.94025536378225e-12,1173,96740
21,-1.94025536378225e-12,1173,96740
22,-1.94025536378225e-12,1173,96740
23,-25.4176179652733,1173,96740
1,3.8805107275645e-12,1177,96789
2,3.8805107275645e-12,1177,96789
3,3.8805107275645e-12,1177,96789
4,3.8805107275645e-12,1177,96789
5,3.8805107275645e-12,1177,96789
6,3.8805107275645e-12,1177,96789
7,3.8805107275645e-12,1177,96789
8,3.8805107275645e-12,1177,96789
9,3.8805107275645e-12,1177,96789
10,3.8805107275645e-12,1177,96789
11,3.8805107275645e-12,1177,96789
12,3.8805107275645e-12,1177,96789
13,3.8805107275645e-12,1177,96789
14,3.8805107275645e-12,1177,96789
15,-152.294953432528,1177,96789
16,3.8805107275645e-12,1177,96789
17,3.8805107275645e-12,1177,96789
18,3.8805107275645e-12,1177,96789
19,3.8805107275645e-12,1177,96789
20,3.8805107275645e-12,1177,96789
21,3.8805107275645e-12,1177,96789
22,3.8805107275645e-12,1177,96789
23,-152.294953464025,1177,96789
1,-1.01863406598568e-11,1180,96707
2,-1.01863406598568e-11,1180,96707
3,-1.01863406598568e-11,1180,96707
4,-1.01863406598568e-11,1180,96707
5,-1.01863406598568e-11,1180,96707
6,-1.01863406598568e-11,1180,96707
7,-1.01863406598568e-11,1180,96707
8,-1.01863406598568e-11,1180,96707
9,-1.01863406598568e-11,1180,96707
10,-1.01863406598568e-11,1180,96707
11,-1.01863406598568e-11,1180,96707
12,-1.01863406598568e-11,1180,96707
13,-1.01863406598568e-11,1180,96707
14,-33.9319532831966,1180,96707
15,-1.01863406598568e-11,1180,96707
16,-1.01863406598568e-11,1180,96707
17,-1.01863406598568e-11,1180,96707
18,-1.01863406598568e-11,1180,96707
19,-1.01863406598568e-11,1180,96707
20,-1.01863406598568e-11,1180,96707
21,-1.01863406598568e-11,1180,96707
22,-1.01863406598568e-11,1180,96707
23,-33.9319532831966,1180,96707
1,-6.79089377323786e-12,1188,96734
2,-6.79089377323786e-12,1188,96734
3,-6.79089377323786e-12,1188,96734
4,-6.79089377323786e-12,1188,96734
5,-6.79089377323786e-12,1188,96734
6,-6.79089377323786e-12,1188,96734
7,-6.79089377323786e-12,1188,96734
8,-18.2242604128679,1188,96734
9,-6.79089377323786e-12,1188,96734
10,-6.79089377323786e-12,1188,96734
11,-6.79089377323786e-12,1188,96734
12,-6.79089377323786e-12,1188,96734
13,-6.79089377323786e-12,1188,96734
14,-6.79089377323786e-12,1188,96734
15,-6.79089377323786e-12,1188,96734
16,-6.79089377323786e-12,1188,96734
17,-6.79089377323786e-12,1188,96734
18,-6.79089377323786e-12,1188,96734
19,-6.79089377323786e-12,1188,96734
20,-6.79089377323786e-12,1188,96734
21,-6.79089377323786e-12,1188,96734
22,-6.79089377323786e-12,1188,96734
23,-18.2242604128679,1188,96734
1,-6.3058299322923e-12,5428,96744
2,-6.3058299322923e-12,5428,96744
3,-6.3058299322923e-12,5428,96744
4,-6.3058299322923e-12,5428,96744
5,-6.3058299322923e-12,5428,96744
6,-6.3058299322923e-12,5428,96744
7,-6.3058299322923e-12,5428,96744
8,-6.3058299322923e-12,5428,96744
9,-6.3058299322923e-12,5428,96744
10,-6.3058299322923e-12,5428,96744
11,-6.3058299322923e-12,5428,96744
12,-6.3058299322923e-12,5428,96744
13,-6.3058299322923e-12,5428,96744
14,-6.3058299322923e-12,5428,96744
15,-6.3058299322923e-12,5428,96744
16,-6.3058299322923e-12,5428,96744
17,-16.7020106223567,5428,96744
18,-6.3058299322923e-12,5428,96744
19,-6.3058299322923e-12,5428,96744
20,-6.3058299322923e-12,5428,96744
21,-6.3058299322923e-12,5428,96744
22,-6.3058299322923e-12,5428,96744
23,-16.7020106223567,5428,96744
1,-1.30967237055302e-11,1200,96818
2,-1.30967237055302e-11,1200,96818
3,-1.30967237055302e-11,1200,96818
4,-1.30967237055302e-11,1200,96818
5,-1.30967237055302e-11,1200,96818
6,-1.30967237055302e-11,1200,96818
7,-1.30967237055302e-11,1200,96818
8,-1.30967237055302e-11,1200,96818
9,-1.30967237055302e-11,1200,96818
10,-1.30967237055302e-11,1200,96818
11,-1.30967237055302e-11,1200,96818
12,-1.30967237055302e-11,1200,96818
13,-1.30967237055302e-11,1200,96818
14,-26.2945294578298,1200,96818
15,-1.30967237055302e-11,1200,96818
16,-1.30967237055302e-11,1200,96818
17,-1.30967237055302e-11,1200,96818
18,-1.30967237055302e-11,1200,96818
19,-1.30967237055302e-11,1200,96818
20,-1.30967237055302e-11,1200,96818
21,-1.30967237055302e-11,1200,96818
22,-1.30967237055302e-11,1200,96818
23,-26.2945294578298,1200,96818
1,-4.85063840945562e-12,1209,96766
2,-4.85063840945562e-12,1209,96766
3,-4.85063840945562e-12,1209,96766
4,-4.85063840945562e-12,1209,96766
5,-4.85063840945562e-12,1209,96766
6,-123.252945711681,1209,96766
7,-4.85063840945562e-12,1209,96766
8,-4.85063840945562e-12,1209,96766
9,-4.85063840945562e-12,1209,96766
10,-4.85063840945562e-12,1209,96766
11,-4.85063840945562e-12,1209,96766
12,-4.85063840945562e-12,1209,96766
13,-4.85063840945562e-12,1209,96766
14,-4.85063840945562e-12,1209,96766
15,-4.85063840945562e-12,1209,96766
16,-4.85063840945562e-12,1209,96766
17,-4.85063840945562e-12,1209,96766
18,-4.85063840945562e-12,1209,96766
19,-4.85063840945562e-12,1209,96766
20,-4.85063840945562e-12,1209,96766
21,-4.85063840945562e-12,1209,96766
22,-4.85063840945562e-12,1209,96766
23,-123.252945711681,1209,96766
1,-1.60071067512035e-11,1210,96813
2,-1.60071067512035e-11,1210,96813
3,-1.60071067512035e-11,1210,96813
4,-1.60071067512035e-11,1210,96813
5,-1.60071067512035e-11,1210,96813
6,-1.60071067512035e-11,1210,96813
7,-1.60071067512035e-11,1210,96813
8,-1.60071067512035e-11,1210,96813
9,-1.60071067512035e-11,1210,96813
10,-1.60071067512035e-11,1210,96813
11,-1.60071067512035e-11,1210,96813
12,-1.60071067512035e-11,1210,96813
13,-1.60071067512035e-11,1210,96813
14,-26.2325059965103,1210,96813
15,-1.60071067512035e-11,1210,96813
16,-1.60071067512035e-11,1210,96813
17,-1.60071067512035e-11,1210,96813
18,-1.60071067512035e-11,1210,96813
19,-1.60071067512035e-11,1210,96813
20,-1.60071067512035e-11,1210,96813
21,-1.60071067512035e-11,1210,96813
22,-1.60071067512035e-11,1210,96813
23,-26.2325059965103,1210,96813
1,-1.94025536378225e-12,1217,96822
2,-1.94025536378225e-12,1217,96822
3,-1.94025536378225e-12,1217,96822
4,-1.94025536378225e-12,1217,96822
5,-1.94025536378225e-12,1217,96822
6,-1.94025536378225e-12,1217,96822
7,-1.94025536378225e-12,1217,96822
8,-1.94025536378225e-12,1217,96822
9,-1.94025536378225e-12,1217,96822
10,-1.94025536378225e-12,1217,96822
11,-1.94025536378225e-12,1217,96822
12,-1.94025536378225e-12,1217,96822
13,-1.94025536378225e-12,1217,96822
14,-34.6759934740946,1217,96822
15,-1.94025536378225e-12,1217,96822
16,-1.94025536378225e-12,1217,96822
17,-1.94025536378225e-12,1217,96822
18,-1.94025536378225e-12,1217,96822
19,-1.94025536378225e-12,1217,96822
20,-1.94025536378225e-12,1217,96822
21,-1.94025536378225e-12,1217,96822
22,-1.94025536378225e-12,1217,96822
23,-34.6759934740946,1217,96822
1,-1.2126596023639e-11,1224,96789
2,-1.2126596023639e-11,1224,96789
3,-1.2126596023639e-11,1224,96789
4,-1.2126596023639e-11,1224,96789
5,-1.2126596023639e-11,1224,96789
6,-1.2126596023639e-11,1224,96789
7,-1.2126596023639e-11,1224,96789
8,-1.2126596023639e-11,1224,96789
9,-1.2126596023639e-11,1224,96789
10,-1.2126596023639e-11,1224,96789
11,-1.2126596023639e-11,1224,96789
12,-1.2126596023639e-11,1224,96789
13,-1.2126596023639e-11,1224,96789
14,-157.916868421914,1224,96789
15,-1.2126596023639e-11,1224,96789
16,-1.2126596023639e-11,1224,96789
17,-1.2126596023639e-11,1224,96789
18,-1.2126596023639e-11,1224,96789
19,-1.2126596023639e-11,1224,96789
20,-1.2126596023639e-11,1224,96789
21,-1.2126596023639e-11,1224,96789
22,-1.2126596023639e-11,1224,96789
23,-157.916868421914,1224,96789
1,-5.33570225040118e-12,1234,96744
2,-5.33570225040118e-12,1234,96744
3,-5.33570225040118e-12,1234,96744
4,-5.33570225040118e-12,1234,96744
5,-5.33570225040118e-12,1234,96744
6,-5.33570225040118e-12,1234,96744
7,-5.33570225040118e-12,1234,96744
8,-5.33570225040118e-12,1234,96744
9,-5.33570225040118e-12,1234,96744
10,-5.33570225040118e-12,1234,96744
11,-5.33570225040118e-12,1234,96744
12,-5.33570225040118e-12,1234,96744
13,-8.33674211927476,1234,96744
14,-5.33570225040118e-12,1234,96744
15,-5.33570225040118e-12,1234,96744
16,-5.33570225040118e-12,1234,96744
17,-5.33570225040118e-12,1234,96744
18,-5.33570225040118e-12,1234,96744
19,-5.33570225040118e-12,1234,96744
20,-5.33570225040118e-12,1234,96744
21,-5.33570225040118e-12,1234,96744
22,-5.33570225040118e-12,1234,96744
23,-8.33674211927476,1234,96744
1,1.01863406598568e-11,1243,96746
2,1.01863406598568e-11,1243,96746
3,1.01863406598568e-11,1243,96746
4,1.01863406598568e-11,1243,96746
5,1.01863406598568e-11,1243,96746
6,1.01863406598568e-11,1243,96746
7,1.01863406598568e-11,1243,96746
8,1.01863406598568e-11,1243,96746
9,1.01863406598568e-11,1243,96746
10,1.01863406598568e-11,1243,96746
11,1.01863406598568e-11,1243,96746
12,1.01863406598568e-11,1243,96746
13,1.01863406598568e-11,1243,96746
14,1.01863406598568e-11,1243,96746
15,1.01863406598568e-11,1243,96746
16,1.01863406598568e-11,1243,96746
17,1.01863406598568e-11,1243,96746
18,1.01863406598568e-11,1243,96746
19,1.01863406598568e-11,1243,96746
20,-165.692572883886,1243,96746
21,1.01863406598568e-11,1243,96746
22,1.01863406598568e-11,1243,96746
23,-165.692572883886,1243,96746
1,4.85063840945563e-13,1244,96746
2,4.85063840945563e-13,1244,96746
3,4.85063840945563e-13,1244,96746
4,4.85063840945563e-13,1244,96746
5,4.85063840945563e-13,1244,96746
6,-28.8782906433262,1244,96746
7,4.85063840945563e-13,1244,96746
8,4.85063840945563e-13,1244,96746
9,4.85063840945563e-13,1244,96746
10,4.85063840945563e-13,1244,96746
11,4.85063840945563e-13,1244,96746
12,4.85063840945563e-13,1244,96746
13,4.85063840945563e-13,1244,96746
14,4.85063840945563e-13,1244,96746
15,4.85063840945563e-13,1244,96746
16,4.85063840945563e-13,1244,96746
17,4.85063840945563e-13,1244,96746
18,4.85063840945563e-13,1244,96746
19,4.85063840945563e-13,1244,96746
20,4.85063840945563e-13,1244,96746
21,4.85063840945563e-13,1244,96746
22,4.85063840945563e-13,1244,96746
23,-28.8782906433262,1244,96746
1,-9.21621297796568e-12,1248,96766
2,-9.21621297796568e-12,1248,96766
3,-9.21621297796568e-12,1248,96766
4,-9.21621297796568e-12,1248,96766
5,-9.21621297796568e-12,1248,96766
6,-9.21621297796568e-12,1248,96766
7,-9.21621297796568e-12,1248,96766
8,-9.21621297796568e-12,1248,96766
9,-9.21621297796568e-12,1248,96766
10,-9.21621297796568e-12,1248,96766
11,-9.21621297796568e-12,1248,96766
12,-9.21621297796568e-12,1248,96766
13,-9.21621297796568e-12,1248,96766
14,-9.21621297796568e-12,1248,96766
15,-9.21621297796568e-12,1248,96766
16,-9.21621297796568e-12,1248,96766
17,-9.21621297796568e-12,1248,96766
18,-9.21621297796568e-12,1248,96766
19,-9.21621297796568e-12,1248,96766
20,-9.21621297796568e-12,1248,96766
21,-128.937591311845,1248,96766
22,-9.21621297796568e-12,1248,96766
23,-128.937591311845,1248,96766
1,-1.94025536378225e-12,1250,96756
2,-1.94025536378225e-12,1250,96756
3,-1.94025536378225e-12,1250,96756
4,-1.94025536378225e-12,1250,96756
5,-1.94025536378225e-12,1250,96756
6,-1.94025536378225e-12,1250,96756
7,-1.94025536378225e-12,1250,96756
8,-1.94025536378225e-12,1250,96756
9,-1.94025536378225e-12,1250,96756
10,-1.94025536378225e-12,1250,96756
11,-1.94025536378225e-12,1250,96756
12,-1.94025536378225e-12,1250,96756
13,-1.94025536378225e-12,1250,96756
14,-1.94025536378225e-12,1250,96756
15,-1.94025536378225e-12,1250,96756
16,-1.94025536378225e-12,1250,96756
17,-1.94025536378225e-12,1250,96756
18,-1.94025536378225e-12,1250,96756
19,-1.94025536378225e-12,1250,96756
20,-26.2531566620053,1250,96756
21,-1.94025536378225e-12,1250,96756
22,-1.94025536378225e-12,1250,96756
23,-26.2531566620053,1250,96756
1,-8.73114913702012e-12,1082,96712
2,-8.73114913702012e-12,1082,96712
3,-8.73114913702012e-12,1082,96712
4,-8.73114913702012e-12,1082,96712
5,-8.73114913702012e-12,1082,96712
6,-8.73114913702012e-12,1082,96712
7,-8.73114913702012e-12,1082,96712
8,-8.73114913702012e-12,1082,96712
9,-8.73114913702012e-12,1082,96712
10,-8.73114913702012e-12,1082,96712
11,-8.73114913702012e-12,1082,96712
12,-8.73114913702012e-12,1082,96712
13,-8.73114913702012e-12,1082,96712
14,-24.6587086674127,1082,96712
15,-8.73114913702012e-12,1082,96712
16,-8.73114913702012e-12,1082,96712
17,-8.73114913702012e-12,1082,96712
18,-8.73114913702012e-12,1082,96712
19,-8.73114913702012e-12,1082,96712
20,-8.73114913702012e-12,1082,96712
21,-8.73114913702012e-12,1082,96712
22,-8.73114913702012e-12,1082,96712
23,-24.6587086674127,1082,96712
1,-9.70127681891127e-13,1255,96789
2,-9.70127681891127e-13,1255,96789
3,-9.70127681891127e-13,1255,96789
4,-9.70127681891127e-13,1255,96789
5,-9.70127681891127e-13,1255,96789
6,-9.70127681891127e-13,1255,96789
7,-9.70127681891127e-13,1255,96789
8,-9.70127681891127e-13,1255,96789
9,-9.70127681891127e-13,1255,96789
10,-9.70127681891127e-13,1255,96789
11,-9.70127681891127e-13,1255,96789
12,-9.70127681891127e-13,1255,96789
13,-9.70127681891127e-13,1255,96789
14,-21.1107000113664,1255,96789
15,-9.70127681891127e-13,1255,96789
16,-9.70127681891127e-13,1255,96789
17,-9.70127681891127e-13,1255,96789
18,-9.70127681891127e-13,1255,96789
19,-9.70127681891127e-13,1255,96789
20,-9.70127681891127e-13,1255,96789
21,-9.70127681891127e-13,1255,96789
22,-9.70127681891127e-13,1255,96789
23,-21.1107000113664,1255,96789
1,-9.21621297796568e-12,1261,96720
2,-9.21621297796568e-12,1261,96720
3,-9.21621297796568e-12,1261,96720
4,-9.21621297796568e-12,1261,96720
5,-9.21621297796568e-12,1261,96720
6,-9.21621297796568e-12,1261,96720
7,-9.21621297796568e-12,1261,96720
8,-9.21621297796568e-12,1261,96720
9,-9.21621297796568e-12,1261,96720
10,-9.21621297796568e-12,1261,96720
11,-9.21621297796568e-12,1261,96720
12,-9.21621297796568e-12,1261,96720
13,-9.21621297796568e-12,1261,96720
14,-9.21621297796568e-12,1261,96720
15,-9.21621297796568e-12,1261,96720
16,-9.21621297796568e-12,1261,96720
17,-102.020752557835,1261,96720
18,-9.21621297796568e-12,1261,96720
19,-9.21621297796568e-12,1261,96720
20,-9.21621297796568e-12,1261,96720
21,-9.21621297796568e-12,1261,96720
22,-9.21621297796568e-12,1261,96720
23,-102.02075278385,1261,96720
1,8.24608529607455e-12,1266,96822
2,-113.786776086366,1266,96822
3,8.24608529607455e-12,1266,96822
4,8.24608529607455e-12,1266,96822
5,8.24608529607455e-12,1266,96822
6,8.24608529607455e-12,1266,96822
7,8.24608529607455e-12,1266,96822
8,8.24608529607455e-12,1266,96822
9,8.24608529607455e-12,1266,96822
10,8.24608529607455e-12,1266,96822
11,-97.6221915652699,1266,96822
12,8.24608529607455e-12,1266,96822
13,8.24608529607455e-12,1266,96822
14,8.24608529607455e-12,1266,96822
15,8.24608529607455e-12,1266,96822
16,8.24608529607455e-12,1266,96822
17,8.24608529607455e-12,1266,96822
18,8.24608529607455e-12,1266,96822
19,8.24608529607455e-12,1266,96822
20,8.24608529607455e-12,1266,96822
21,8.24608529607455e-12,1266,96822
22,8.24608529607455e-12,1266,96822
23,-212.561110600391,1266,96822
1,-9.70127681891125e-13,5440,96743
2,-9.70127681891125e-13,5440,96743
3,-9.70127681891125e-13,5440,96743
4,-9.70127681891125e-13,5440,96743
5,-9.70127681891125e-13,5440,96743
6,-9.70127681891125e-13,5440,96743
7,-9.70127681891125e-13,5440,96743
8,-9.70127681891125e-13,5440,96743
9,-9.70127681891125e-13,5440,96743
10,-9.70127681891125e-13,5440,96743
11,-9.70127681891125e-13,5440,96743
12,-19.4609516517317,5440,96743
13,-9.70127681891125e-13,5440,96743
14,-9.70127681891125e-13,5440,96743
15,-9.70127681891125e-13,5440,96743
16,-9.70127681891125e-13,5440,96743
17,-9.70127681891125e-13,5440,96743
18,-9.70127681891125e-13,5440,96743
19,-9.70127681891125e-13,5440,96743
20,-9.70127681891125e-13,5440,96743
21,-9.70127681891125e-13,5440,96743
22,-9.70127681891125e-13,5440,96743
23,-19.4609516517317,5440,96743
1,7.27595761418343e-12,1280,96766
2,7.27595761418343e-12,1280,96766
3,7.27595761418343e-12,1280,96766
4,7.27595761418343e-12,1280,96766
5,7.27595761418343e-12,1280,96766
6,7.27595761418343e-12,1280,96766
7,7.27595761418343e-12,1280,96766
8,7.27595761418343e-12,1280,96766
9,7.27595761418343e-12,1280,96766
10,7.27595761418343e-12,1280,96766
11,7.27595761418343e-12,1280,96766
12,7.27595761418343e-12,1280,96766
13,-6.64988536150631,1280,96766
14,7.27595761418343e-12,1280,96766
15,7.27595761418343e-12,1280,96766
16,7.27595761418343e-12,1280,96766
17,7.27595761418343e-12,1280,96766
18,7.27595761418343e-12,1280,96766
19,7.27595761418343e-12,1280,96766
20,7.27595761418343e-12,1280,96766
21,7.27595761418343e-12,1280,96766
22,7.27595761418343e-12,1280,96766
23,-6.64988536150631,1280,96766
1,-2.66785112520059e-12,1286,96706
2,-2.66785112520059e-12,1286,96706
3,-2.66785112520059e-12,1286,96706
4,-2.66785112520059e-12,1286,96706
5,-2.66785112520059e-12,1286,96706
6,-22.1915571868635,1286,96706
7,-2.66785112520059e-12,1286,96706
8,-2.66785112520059e-12,1286,96706
9,-2.66785112520059e-12,1286,96706
10,-2.66785112520059e-12,1286,96706
11,-2.66785112520059e-12,1286,96706
12,-2.66785112520059e-12,1286,96706
13,-2.66785112520059e-12,1286,96706
14,-2.66785112520059e-12,1286,96706
15,-2.66785112520059e-12,1286,96706
16,-2.66785112520059e-12,1286,96706
17,-2.66785112520059e-12,1286,96706
18,-2.66785112520059e-12,1286,96706
19,-2.66785112520059e-12,1286,96706
20,-2.66785112520059e-12,1286,96706
21,-2.66785112520059e-12,1286,96706
22,-2.66785112520059e-12,1286,96706
23,-22.191557197687,1286,96706
1,9.21621297796568e-12,1291,96744
2,9.21621297796568e-12,1291,96744
3,9.21621297796568e-12,1291,96744
4,9.21621297796568e-12,1291,96744
5,9.21621297796568e-12,1291,96744
6,9.21621297796568e-12,1291,96744
7,9.21621297796568e-12,1291,96744
8,9.21621297796568e-12,1291,96744
9,9.21621297796568e-12,1291,96744
10,9.21621297796568e-12,1291,96744
11,-118.351705038367,1291,96744
12,9.21621297796568e-12,1291,96744
13,9.21621297796568e-12,1291,96744
14,9.21621297796568e-12,1291,96744
15,9.21621297796568e-12,1291,96744
16,9.21621297796568e-12,1291,96744
17,9.21621297796568e-12,1291,96744
18,9.21621297796568e-12,1291,96744
19,9.21621297796568e-12,1291,96744
20,9.21621297796568e-12,1291,96744
21,9.21621297796568e-12,1291,96744
22,9.21621297796568e-12,1291,96744
23,-118.351705229809,1291,96744
1,-6.79089377323786e-12,5442,96740
2,-6.79089377323786e-12,5442,96740
3,-6.79089377323786e-12,5442,96740
4,-6.79089377323786e-12,5442,96740
5,-6.79089377323786e-12,5442,96740
6,-28.8783110223546,5442,96740
7,-6.79089377323786e-12,5442,96740
8,-6.79089377323786e-12,5442,96740
9,-6.79089377323786e-12,5442,96740
10,-6.79089377323786e-12,5442,96740
11,-6.79089377323786e-12,5442,96740
12,-6.79089377323786e-12,5442,96740
13,-6.79089377323786e-12,5442,96740
14,-6.79089377323786e-12,5442,96740
15,-6.79089377323786e-12,5442,96740
16,-6.79089377323786e-12,5442,96740
17,-25.0990917712828,5442,96740
18,-6.79089377323786e-12,5442,96740
19,-6.79089377323786e-12,5442,96740
20,-6.79089377323786e-12,5442,96740
21,-6.79089377323786e-12,5442,96740
22,-6.79089377323786e-12,5442,96740
23,-54.0679536957056,5442,96740
1,4.85063840945562e-12,1293,96813
2,4.85063840945562e-12,1293,96813
3,4.85063840945562e-12,1293,96813
4,4.85063840945562e-12,1293,96813
5,4.85063840945562e-12,1293,96813
6,4.85063840945562e-12,1293,96813
7,4.85063840945562e-12,1293,96813
8,4.85063840945562e-12,1293,96813
9,4.85063840945562e-12,1293,96813
10,4.85063840945562e-12,1293,96813
11,4.85063840945562e-12,1293,96813
12,4.85063840945562e-12,1293,96813
13,4.85063840945562e-12,1293,96813
14,4.85063840945562e-12,1293,96813
15,-22.1443091476719,1293,96813
16,4.85063840945562e-12,1293,96813
17,4.85063840945562e-12,1293,96813
18,4.85063840945562e-12,1293,96813
19,4.85063840945562e-12,1293,96813
20,4.85063840945562e-12,1293,96813
21,4.85063840945562e-12,1293,96813
22,4.85063840945562e-12,1293,96813
23,-22.1443091476719,1293,96813
1,-6.3058299322923e-12,5443,96756
2,-6.3058299322923e-12,5443,96756
3,-6.3058299322923e-12,5443,96756
4,-6.3058299322923e-12,5443,96756
5,-6.3058299322923e-12,5443,96756
6,-6.3058299322923e-12,5443,96756
7,-6.3058299322923e-12,5443,96756
8,-6.3058299322923e-12,5443,96756
9,-6.3058299322923e-12,5443,96756
10,-6.3058299322923e-12,5443,96756
11,-6.3058299322923e-12,5443,96756
12,-6.3058299322923e-12,5443,96756
13,-6.3058299322923e-12,5443,96756
14,-6.3058299322923e-12,5443,96756
15,-6.3058299322923e-12,5443,96756
16,-100.522884157623,5443,96756
17,-6.3058299322923e-12,5443,96756
18,-6.3058299322923e-12,5443,96756
19,-6.3058299322923e-12,5443,96756
20,-6.3058299322923e-12,5443,96756
21,-6.3058299322923e-12,5443,96756
22,-6.3058299322923e-12,5443,96756
23,-100.522884157623,5443,96756
1,-1.94025536378225e-12,1277,96792
2,-1.94025536378225e-12,1277,96792
3,-1.94025536378225e-12,1277,96792
4,-1.94025536378225e-12,1277,96792
5,-1.94025536378225e-12,1277,96792
6,-1.94025536378225e-12,1277,96792
7,-1.94025536378225e-12,1277,96792
8,-1.94025536378225e-12,1277,96792
9,-1.94025536378225e-12,1277,96792
10,-1.94025536378225e-12,1277,96792
11,-1.94025536378225e-12,1277,96792
12,-1.94025536378225e-12,1277,96792
13,-1.94025536378225e-12,1277,96792
14,-34.6759934740946,1277,96792
15,-1.94025536378225e-12,1277,96792
16,-1.94025536378225e-12,1277,96792
17,-1.94025536378225e-12,1277,96792
18,-1.94025536378225e-12,1277,96792
19,-1.94025536378225e-12,1277,96792
20,-1.94025536378225e-12,1277,96792
21,-1.94025536378225e-12,1277,96792
22,-1.94025536378225e-12,1277,96792
23,-34.6759934740946,1277,96792
1,-1.45519152283669e-12,1304,96722
2,-1.45519152283669e-12,1304,96722
3,-1.45519152283669e-12,1304,96722
4,-1.45519152283669e-12,1304,96722
5,-1.45519152283669e-12,1304,96722
6,-1.45519152283669e-12,1304,96722
7,-1.45519152283669e-12,1304,96722
8,-1.45519152283669e-12,1304,96722
9,-1.45519152283669e-12,1304,96722
10,-1.45519152283669e-12,1304,96722
11,-1.45519152283669e-12,1304,96722
12,-1.45519152283669e-12,1304,96722
13,-1.45519152283669e-12,1304,96722
14,-8.8344505121262,1304,96722
15,-1.45519152283669e-12,1304,96722
16,-1.45519152283669e-12,1304,96722
17,-1.45519152283669e-12,1304,96722
18,-1.45519152283669e-12,1304,96722
19,-1.45519152283669e-12,1304,96722
20,-1.45519152283669e-12,1304,96722
21,-1.45519152283669e-12,1304,96722
22,-1.45519152283669e-12,1304,96722
23,-8.8344505121262,1304,96722
1,-1.30967237055302e-11,1314,96818
2,-1.30967237055302e-11,1314,96818
3,-19.6525504245083,1314,96818
4,-1.30967237055302e-11,1314,96818
5,-1.30967237055302e-11,1314,96818
6,-1.30967237055302e-11,1314,96818
7,-1.30967237055302e-11,1314,96818
8,-1.30967237055302e-11,1314,96818
9,-1.30967237055302e-11,1314,96818
10,-1.30967237055302e-11,1314,96818
11,-1.30967237055302e-11,1314,96818
12,-1.30967237055302e-11,1314,96818
13,-1.30967237055302e-11,1314,96818
14,-1.30967237055302e-11,1314,96818
15,-1.30967237055302e-11,1314,96818
16,-1.30967237055302e-11,1314,96818
17,-1.30967237055302e-11,1314,96818
18,-1.30967237055302e-11,1314,96818
19,-1.30967237055302e-11,1314,96818
20,-1.30967237055302e-11,1314,96818
21,-1.30967237055302e-11,1314,96818
22,-1.30967237055302e-11,1314,96818
23,-19.6525504245083,1314,96818
1,-6.3058299322923e-12,1317,96789
2,-6.3058299322923e-12,1317,96789
3,-6.3058299322923e-12,1317,96789
4,-6.3058299322923e-12,1317,96789
5,-6.3058299322923e-12,1317,96789
6,-6.3058299322923e-12,1317,96789
7,-6.3058299322923e-12,1317,96789
8,-6.3058299322923e-12,1317,96789
9,-6.3058299322923e-12,1317,96789
10,-6.3058299322923e-12,1317,96789
11,-91.2608314165923,1317,96789
12,-6.3058299322923e-12,1317,96789
13,-6.3058299322923e-12,1317,96789
14,-6.3058299322923e-12,1317,96789
15,-6.3058299322923e-12,1317,96789
16,-6.3058299322923e-12,1317,96789
17,-6.3058299322923e-12,1317,96789
18,-6.3058299322923e-12,1317,96789
19,-6.3058299322923e-12,1317,96789
20,-6.3058299322923e-12,1317,96789
21,-6.3058299322923e-12,1317,96789
22,-6.3058299322923e-12,1317,96789
23,-91.2608314165923,1317,96789
1,-1.06714045008024e-11,1321,96786
2,-1.06714045008024e-11,1321,96786
3,-1.06714045008024e-11,1321,96786
4,-1.06714045008024e-11,1321,96786
5,-1.06714045008024e-11,1321,96786
6,-34.2894257576236,1321,96786
7,-1.06714045008024e-11,1321,96786
8,-1.06714045008024e-11,1321,96786
9,-1.06714045008024e-11,1321,96786
10,-1.06714045008024e-11,1321,96786
11,-1.06714045008024e-11,1321,96786
12,-1.06714045008024e-11,1321,96786
13,-1.06714045008024e-11,1321,96786
14,-1.06714045008024e-11,1321,96786
15,-1.06714045008024e-11,1321,96786
16,-1.06714045008024e-11,1321,96786
17,-1.06714045008024e-11,1321,96786
18,-1.06714045008024e-11,1321,96786
19,-1.06714045008024e-11,1321,96786
20,-1.06714045008024e-11,1321,96786
21,-1.06714045008024e-11,1321,96786
22,-1.06714045008024e-11,1321,96786
23,-34.2894257591552,1321,96786
1,1.16415321826935e-11,5452,96756
2,1.16415321826935e-11,5452,96756
3,1.16415321826935e-11,5452,96756
4,1.16415321826935e-11,5452,96756
5,1.16415321826935e-11,5452,96756
6,1.16415321826935e-11,5452,96756
7,1.16415321826935e-11,5452,96756
8,1.16415321826935e-11,5452,96756
9,1.16415321826935e-11,5452,96756
10,1.16415321826935e-11,5452,96756
11,1.16415321826935e-11,5452,96756
12,1.16415321826935e-11,5452,96756
13,1.16415321826935e-11,5452,96756
14,1.16415321826935e-11,5452,96756
15,-133.536836759919,5452,96756
16,1.16415321826935e-11,5452,96756
17,1.16415321826935e-11,5452,96756
18,1.16415321826935e-11,5452,96756
19,1.16415321826935e-11,5452,96756
20,1.16415321826935e-11,5452,96756
21,1.16415321826935e-11,5452,96756
22,1.16415321826935e-11,5452,96756
23,-133.536836759919,5452,96756
1,1.11564683417479e-11,5453,96722
2,-29.2765068159963,5453,96722
3,1.11564683417479e-11,5453,96722
4,1.11564683417479e-11,5453,96722
5,1.11564683417479e-11,5453,96722
6,1.11564683417479e-11,5453,96722
7,1.11564683417479e-11,5453,96722
8,1.11564683417479e-11,5453,96722
9,1.11564683417479e-11,5453,96722
10,1.11564683417479e-11,5453,96722
11,-25.4432703344864,5453,96722
12,1.11564683417479e-11,5453,96722
13,1.11564683417479e-11,5453,96722
14,1.11564683417479e-11,5453,96722
15,-30.2443063429765,5453,96722
16,1.11564683417479e-11,5453,96722
17,1.11564683417479e-11,5453,96722
18,1.11564683417479e-11,5453,96722
19,1.11564683417479e-11,5453,96722
20,1.11564683417479e-11,5453,96722
21,-28.4069201696936,5453,96722
22,1.11564683417479e-11,5453,96722
23,-113.811568992674,5453,96722
1,-3.39544688661893e-12,1332,96818
2,-3.39544688661893e-12,1332,96818
3,-3.39544688661893e-12,1332,96818
4,-3.39544688661893e-12,1332,96818
5,-3.39544688661893e-12,1332,96818
6,-3.39544688661893e-12,1332,96818
7,-3.39544688661893e-12,1332,96818
8,-29.1483574947465,1332,96818
9,-3.39544688661893e-12,1332,96818
10,-3.39544688661893e-12,1332,96818
11,-3.39544688661893e-12,1332,96818
12,-3.39544688661893e-12,1332,96818
13,-3.39544688661893e-12,1332,96818
14,-3.39544688661893e-12,1332,96818
15,-3.39544688661893e-12,1332,96818
16,-3.39544688661893e-12,1332,96818
17,-3.39544688661893e-12,1332,96818
18,-3.39544688661893e-12,1332,96818
19,-3.39544688661893e-12,1332,96818
20,-3.39544688661893e-12,1332,96818
21,-3.39544688661893e-12,1332,96818
22,-3.39544688661893e-12,1332,96818
23,-29.1483574992953,1332,96818
1,-1.26116598645846e-11,1341,96821
2,-1.26116598645846e-11,1341,96821
3,-1.26116598645846e-11,1341,96821
4,-1.26116598645846e-11,1341,96821
5,-1.26116598645846e-11,1341,96821
6,-1.26116598645846e-11,1341,96821
7,-1.26116598645846e-11,1341,96821
8,-1.26116598645846e-11,1341,96821
9,-1.26116598645846e-11,1341,96821
10,-1.26116598645846e-11,1341,96821
11,-12.398753989802,1341,96821
12,-1.26116598645846e-11,1341,96821
13,-1.26116598645846e-11,1341,96821
14,-1.26116598645846e-11,1341,96821
15,-1.26116598645846e-11,1341,96821
16,-1.26116598645846e-11,1341,96821
17,-1.26116598645846e-11,1341,96821
18,-1.26116598645846e-11,1341,96821
19,-1.26116598645846e-11,1341,96821
20,-1.26116598645846e-11,1341,96821
21,-1.26116598645846e-11,1341,96821
22,-1.26116598645846e-11,1341,96821
23,-12.39875399041,1341,96821
1,4.85063840945561e-13,1357,96766
2,4.85063840945561e-13,1357,96766
3,4.85063840945561e-13,1357,96766
4,4.85063840945561e-13,1357,96766
5,4.85063840945561e-13,1357,96766
6,4.85063840945561e-13,1357,96766
7,4.85063840945561e-13,1357,96766
8,4.85063840945561e-13,1357,96766
9,4.85063840945561e-13,1357,96766
10,4.85063840945561e-13,1357,96766
11,4.85063840945561e-13,1357,96766
12,4.85063840945561e-13,1357,96766
13,4.85063840945561e-13,1357,96766
14,4.85063840945561e-13,1357,96766
15,-35.9570602901687,1357,96766
16,4.85063840945561e-13,1357,96766
17,4.85063840945561e-13,1357,96766
18,4.85063840945561e-13,1357,96766
19,4.85063840945561e-13,1357,96766
20,4.85063840945561e-13,1357,96766
21,4.85063840945561e-13,1357,96766
22,4.85063840945561e-13,1357,96766
23,-35.9570602901687,1357,96766
1,4.36557456851005e-12,1358,96818
2,4.36557456851005e-12,1358,96818
3,4.36557456851005e-12,1358,96818
4,4.36557456851005e-12,1358,96818
5,4.36557456851005e-12,1358,96818
6,4.36557456851005e-12,1358,96818
7,4.36557456851005e-12,1358,96818
8,4.36557456851005e-12,1358,96818
9,4.36557456851005e-12,1358,96818
10,4.36557456851005e-12,1358,96818
11,4.36557456851005e-12,1358,96818
12,4.36557456851005e-12,1358,96818
13,4.36557456851005e-12,1358,96818
14,-20.7208124952362,1358,96818
15,4.36557456851005e-12,1358,96818
16,4.36557456851005e-12,1358,96818
17,4.36557456851005e-12,1358,96818
18,4.36557456851005e-12,1358,96818
19,4.36557456851005e-12,1358,96818
20,4.36557456851005e-12,1358,96818
21,4.36557456851005e-12,1358,96818
22,4.36557456851005e-12,1358,96818
23,-20.7208124952362,1358,96818
1,-1.35817875464757e-11,1367,96786
2,-1.35817875464757e-11,1367,96786
3,-1.35817875464757e-11,1367,96786
4,-1.35817875464757e-11,1367,96786
5,-1.35817875464757e-11,1367,96786
6,-1.35817875464757e-11,1367,96786
7,-1.35817875464757e-11,1367,96786
8,-1.35817875464757e-11,1367,96786
9,-1.35817875464757e-11,1367,96786
10,-1.35817875464757e-11,1367,96786
11,-1.35817875464757e-11,1367,96786
12,-1.35817875464757e-11,1367,96786
13,-1.35817875464757e-11,1367,96786
14,-1.35817875464757e-11,1367,96786
15,-1.35817875464757e-11,1367,96786
16,-1.35817875464757e-11,1367,96786
17,-1.35817875464757e-11,1367,96786
18,-1.35817875464757e-11,1367,96786
19,-1.35817875464757e-11,1367,96786
20,-19.7522779421178,1367,96786
21,-1.35817875464757e-11,1367,96786
22,-1.35817875464757e-11,1367,96786
23,-19.7522779421178,1367,96786
1,-1.45519152283667e-12,5455,96706
2,-1.45519152283667e-12,5455,96706
3,-1.45519152283667e-12,5455,96706
4,-1.45519152283667e-12,5455,96706
5,-1.45519152283667e-12,5455,96706
6,-1.45519152283667e-12,5455,96706
7,-1.45519152283667e-12,5455,96706
8,-1.45519152283667e-12,5455,96706
9,-1.45519152283667e-12,5455,96706
10,-1.45519152283667e-12,5455,96706
11,-1.45519152283667e-12,5455,96706
12,-1.45519152283667e-12,5455,96706
13,-1.45519152283667e-12,5455,96706
14,-18.8421258760262,5455,96706
15,-1.45519152283667e-12,5455,96706
16,-1.45519152283667e-12,5455,96706
17,-1.45519152283667e-12,5455,96706
18,-1.45519152283667e-12,5455,96706
19,-1.45519152283667e-12,5455,96706
20,-1.45519152283667e-12,5455,96706
21,-1.45519152283667e-12,5455,96706
22,-1.45519152283667e-12,5455,96706
23,-18.8421258760262,5455,96706
1,-3.8805107275645e-12,5457,96705
2,-3.8805107275645e-12,5457,96705
3,-3.8805107275645e-12,5457,96705
4,-3.8805107275645e-12,5457,96705
5,-3.8805107275645e-12,5457,96705
6,-3.8805107275645e-12,5457,96705
7,-3.8805107275645e-12,5457,96705
8,-22.7632020686743,5457,96705
9,-3.8805107275645e-12,5457,96705
10,-3.8805107275645e-12,5457,96705
11,-3.8805107275645e-12,5457,96705
12,-3.8805107275645e-12,5457,96705
13,-3.8805107275645e-12,5457,96705
14,-3.8805107275645e-12,5457,96705
15,-3.8805107275645e-12,5457,96705
16,-3.8805107275645e-12,5457,96705
17,-3.8805107275645e-12,5457,96705
18,-3.8805107275645e-12,5457,96705
19,-3.8805107275645e-12,5457,96705
20,-3.8805107275645e-12,5457,96705
21,-3.8805107275645e-12,5457,96705
22,-3.8805107275645e-12,5457,96705
23,-22.7632020686743,5457,96705
1,-1.45519152283669e-12,1378,96797
2,-1.45519152283669e-12,1378,96797
3,-1.45519152283669e-12,1378,96797
4,-1.45519152283669e-12,1378,96797
5,-1.45519152283669e-12,1378,96797
6,-1.45519152283669e-12,1378,96797
7,-1.45519152283669e-12,1378,96797
8,-1.45519152283669e-12,1378,96797
9,-1.45519152283669e-12,1378,96797
10,-1.45519152283669e-12,1378,96797
11,-1.45519152283669e-12,1378,96797
12,-1.45519152283669e-12,1378,96797
13,-1.45519152283669e-12,1378,96797
14,-8.8344505121262,1378,96797
15,-1.45519152283669e-12,1378,96797
16,-1.45519152283669e-12,1378,96797
17,-1.45519152283669e-12,1378,96797
18,-1.45519152283669e-12,1378,96797
19,-1.45519152283669e-12,1378,96797
20,-1.45519152283669e-12,1378,96797
21,-1.45519152283669e-12,1378,96797
22,-1.45519152283669e-12,1378,96797
23,-8.8344505121262,1378,96797
1,-8.24608529607455e-12,1379,96766
2,-14.707632531557,1379,96766
3,-8.24608529607455e-12,1379,96766
4,-8.24608529607455e-12,1379,96766
5,-8.24608529607455e-12,1379,96766
6,-8.24608529607455e-12,1379,96766
7,-8.24608529607455e-12,1379,96766
8,-8.24608529607455e-12,1379,96766
9,-8.24608529607455e-12,1379,96766
10,-8.24608529607455e-12,1379,96766
11,-8.24608529607455e-12,1379,96766
12,-8.24608529607455e-12,1379,96766
13,-8.24608529607455e-12,1379,96766
14,-8.24608529607455e-12,1379,96766
15,-8.24608529607455e-12,1379,96766
16,-8.24608529607455e-12,1379,96766
17,-8.24608529607455e-12,1379,96766
18,-8.24608529607455e-12,1379,96766
19,-8.24608529607455e-12,1379,96766
20,-8.24608529607455e-12,1379,96766
21,-8.24608529607455e-12,1379,96766
22,-8.24608529607455e-12,1379,96766
23,-14.7076325336015,1379,96766
1,-1.94025536378225e-12,1383,96821
2,-1.94025536378225e-12,1383,96821
3,-1.94025536378225e-12,1383,96821
4,-1.94025536378225e-12,1383,96821
5,-1.94025536378225e-12,1383,96821
6,-1.94025536378225e-12,1383,96821
7,-1.94025536378225e-12,1383,96821
8,-1.94025536378225e-12,1383,96821
9,-1.94025536378225e-12,1383,96821
10,-1.94025536378225e-12,1383,96821
11,-1.94025536378225e-12,1383,96821
12,-1.94025536378225e-12,1383,96821
13,-1.94025536378225e-12,1383,96821
14,-34.6759934740946,1383,96821
15,-1.94025536378225e-12,1383,96821
16,-1.94025536378225e-12,1383,96821
17,-1.94025536378225e-12,1383,96821
18,-1.94025536378225e-12,1383,96821
19,-1.94025536378225e-12,1383,96821
20,-1.94025536378225e-12,1383,96821
21,-1.94025536378225e-12,1383,96821
22,-1.94025536378225e-12,1383,96821
23,-34.6759934740946,1383,96821
1,-9.21621297796568e-12,1395,96744
2,-9.21621297796568e-12,1395,96744
3,-9.21621297796568e-12,1395,96744
4,-9.21621297796568e-12,1395,96744
5,-9.21621297796568e-12,1395,96744
6,-19.9948172272338,1395,96744
7,-9.21621297796568e-12,1395,96744
8,-9.21621297796568e-12,1395,96744
9,-9.21621297796568e-12,1395,96744
10,-9.21621297796568e-12,1395,96744
11,-9.21621297796568e-12,1395,96744
12,-9.21621297796568e-12,1395,96744
13,-9.21621297796568e-12,1395,96744
14,-9.21621297796568e-12,1395,96744
15,-9.21621297796568e-12,1395,96744
16,-9.21621297796568e-12,1395,96744
17,-9.21621297796568e-12,1395,96744
18,-9.21621297796568e-12,1395,96744
19,-9.21621297796568e-12,1395,96744
20,-9.21621297796568e-12,1395,96744
21,-9.21621297796568e-12,1395,96744
22,-9.21621297796568e-12,1395,96744
23,-19.9948172272338,1395,96744
1,-1.45519152283668e-12,1396,96814
2,-1.45519152283668e-12,1396,96814
3,-1.45519152283668e-12,1396,96814
4,-1.45519152283668e-12,1396,96814
5,-1.45519152283668e-12,1396,96814
6,-1.45519152283668e-12,1396,96814
7,-1.45519152283668e-12,1396,96814
8,-1.45519152283668e-12,1396,96814
9,-1.45519152283668e-12,1396,96814
10,-1.45519152283668e-12,1396,96814
11,-1.45519152283668e-12,1396,96814
12,-1.45519152283668e-12,1396,96814
13,-1.45519152283668e-12,1396,96814
14,-1.45519152283668e-12,1396,96814
15,-21.7477603165704,1396,96814
16,-1.45519152283668e-12,1396,96814
17,-21.2502950309135,1396,96814
18,-1.45519152283668e-12,1396,96814
19,-1.45519152283668e-12,1396,96814
20,-1.45519152283668e-12,1396,96814
21,-1.45519152283668e-12,1396,96814
22,-1.45519152283668e-12,1396,96814
23,-43.0459222071819,1396,96814
1,-2.42531920472781e-12,5461,96746
2,-2.42531920472781e-12,5461,96746
3,-2.42531920472781e-12,5461,96746
4,-2.42531920472781e-12,5461,96746
5,-2.42531920472781e-12,5461,96746
6,-2.42531920472781e-12,5461,96746
7,-2.42531920472781e-12,5461,96746
8,-2.42531920472781e-12,5461,96746
9,-2.42531920472781e-12,5461,96746
10,-2.42531920472781e-12,5461,96746
11,-2.42531920472781e-12,5461,96746
12,-2.42531920472781e-12,5461,96746
13,-2.42531920472781e-12,5461,96746
14,-21.854463916838,5461,96746
15,-2.42531920472781e-12,5461,96746
16,-2.42531920472781e-12,5461,96746
17,-2.42531920472781e-12,5461,96746
18,-2.42531920472781e-12,5461,96746
19,-2.42531920472781e-12,5461,96746
20,-2.42531920472781e-12,5461,96746
21,-2.42531920472781e-12,5461,96746
22,-2.42531920472781e-12,5461,96746
23,-21.854463916838,5461,96746
1,-5.82076609134674e-12,5462,96734
2,-5.82076609134674e-12,5462,96734
3,-5.82076609134674e-12,5462,96734
4,-5.82076609134674e-12,5462,96734
5,-5.82076609134674e-12,5462,96734
6,-5.82076609134674e-12,5462,96734
7,-5.82076609134674e-12,5462,96734
8,-5.82076609134674e-12,5462,96734
9,-5.82076609134674e-12,5462,96734
10,-5.82076609134674e-12,5462,96734
11,-5.82076609134674e-12,5462,96734
12,-5.82076609134674e-12,5462,96734
13,-5.82076609134674e-12,5462,96734
14,-5.82076609134674e-12,5462,96734
15,-17.5988992570938,5462,96734
16,-5.82076609134674e-12,5462,96734
17,-5.82076609134674e-12,5462,96734
18,-5.82076609134674e-12,5462,96734
19,-5.82076609134674e-12,5462,96734
20,-5.82076609134674e-12,5462,96734
21,-5.82076609134674e-12,5462,96734
22,-5.82076609134674e-12,5462,96734
23,-17.5988992570938,5462,96734
1,-1.06714045008024e-11,1401,96756
2,-1.06714045008024e-11,1401,96756
3,-1.06714045008024e-11,1401,96756
4,-1.06714045008024e-11,1401,96756
5,-1.06714045008024e-11,1401,96756
6,-34.2894257591552,1401,96756
7,-1.06714045008024e-11,1401,96756
8,-1.06714045008024e-11,1401,96756
9,-1.06714045008024e-11,1401,96756
10,-1.06714045008024e-11,1401,96756
11,-1.06714045008024e-11,1401,96756
12,-1.06714045008024e-11,1401,96756
13,-1.06714045008024e-11,1401,96756
14,-1.06714045008024e-11,1401,96756
15,-1.06714045008024e-11,1401,96756
16,-1.06714045008024e-11,1401,96756
17,-1.06714045008024e-11,1401,96756
18,-1.06714045008024e-11,1401,96756
19,-1.06714045008024e-11,1401,96756
20,-1.06714045008024e-11,1401,96756
21,-1.06714045008024e-11,1401,96756
22,-1.06714045008024e-11,1401,96756
23,-34.2894257591552,1401,96756
1,-8.73114913702011e-12,1407,96789
2,-8.73114913702011e-12,1407,96789
3,-8.73114913702011e-12,1407,96789
4,-8.73114913702011e-12,1407,96789
5,-8.73114913702011e-12,1407,96789
6,-8.73114913702011e-12,1407,96789
7,-8.73114913702011e-12,1407,96789
8,-8.73114913702011e-12,1407,96789
9,-8.73114913702011e-12,1407,96789
10,-8.73114913702011e-12,1407,96789
11,-8.73114913702011e-12,1407,96789
12,-8.73114913702011e-12,1407,96789
13,-8.73114913702011e-12,1407,96789
14,-8.73114913702011e-12,1407,96789
15,-8.73114913702011e-12,1407,96789
16,-8.73114913702011e-12,1407,96789
17,-8.73114913702011e-12,1407,96789
18,-8.73114913702011e-12,1407,96789
19,-8.73114913702011e-12,1407,96789
20,-8.73114913702011e-12,1407,96789
21,-12.1681003398669,1407,96789
22,-8.73114913702011e-12,1407,96789
23,-12.1681003398669,1407,96789
1,-4.85063840945562e-13,1414,96797
2,-4.85063840945562e-13,1414,96797
3,-4.85063840945562e-13,1414,96797
4,-4.85063840945562e-13,1414,96797
5,-4.85063840945562e-13,1414,96797
6,-4.85063840945562e-13,1414,96797
7,-4.85063840945562e-13,1414,96797
8,-4.85063840945562e-13,1414,96797
9,-4.85063840945562e-13,1414,96797
10,-4.85063840945562e-13,1414,96797
11,-4.85063840945562e-13,1414,96797
12,-4.85063840945562e-13,1414,96797
13,-4.85063840945562e-13,1414,96797
14,-22.2074231434318,1414,96797
15,-4.85063840945562e-13,1414,96797
16,-4.85063840945562e-13,1414,96797
17,-4.85063840945562e-13,1414,96797
18,-4.85063840945562e-13,1414,96797
19,-4.85063840945562e-13,1414,96797
20,-4.85063840945562e-13,1414,96797
21,-4.85063840945562e-13,1414,96797
22,-4.85063840945562e-13,1414,96797
23,-22.2074231434318,1414,96797
1,-8.73114913702012e-12,1415,96791
2,-8.73114913702012e-12,1415,96791
3,-8.73114913702012e-12,1415,96791
4,-8.73114913702012e-12,1415,96791
5,-8.73114913702012e-12,1415,96791
6,-8.73114913702012e-12,1415,96791
7,-8.73114913702012e-12,1415,96791
8,-8.73114913702012e-12,1415,96791
9,-8.73114913702012e-12,1415,96791
10,-8.73114913702012e-12,1415,96791
11,-8.73114913702012e-12,1415,96791
12,-8.73114913702012e-12,1415,96791
13,-8.73114913702012e-12,1415,96791
14,-24.6587086674127,1415,96791
15,-8.73114913702012e-12,1415,96791
16,-8.73114913702012e-12,1415,96791
17,-8.73114913702012e-12,1415,96791
18,-8.73114913702012e-12,1415,96791
19,-8.73114913702012e-12,1415,96791
20,-8.73114913702012e-12,1415,96791
21,-8.73114913702012e-12,1415,96791
22,-8.73114913702012e-12,1415,96791
23,-24.6587086674127,1415,96791
1,-1.45519152283668e-12,1418,96744
2,-1.45519152283668e-12,1418,96744
3,-1.45519152283668e-12,1418,96744
4,-1.45519152283668e-12,1418,96744
5,-1.45519152283668e-12,1418,96744
6,-1.45519152283668e-12,1418,96744
7,-1.45519152283668e-12,1418,96744
8,-1.45519152283668e-12,1418,96744
9,-1.45519152283668e-12,1418,96744
10,-1.45519152283668e-12,1418,96744
11,-1.45519152283668e-12,1418,96744
12,-1.45519152283668e-12,1418,96744
13,-1.45519152283668e-12,1418,96744
14,-22.2263703509454,1418,96744
15,-1.45519152283668e-12,1418,96744
16,-1.45519152283668e-12,1418,96744
17,-1.45519152283668e-12,1418,96744
18,-1.45519152283668e-12,1418,96744
19,-1.45519152283668e-12,1418,96744
20,-1.45519152283668e-12,1418,96744
21,-1.45519152283668e-12,1418,96744
22,-1.45519152283668e-12,1418,96744
23,-22.2263703531329,1418,96744
1,-9.70127681891127e-13,1429,96818
2,-9.70127681891127e-13,1429,96818
3,-9.70127681891127e-13,1429,96818
4,-9.70127681891127e-13,1429,96818
5,-9.70127681891127e-13,1429,96818
6,-9.70127681891127e-13,1429,96818
7,-9.70127681891127e-13,1429,96818
8,-9.70127681891127e-13,1429,96818
9,-9.70127681891127e-13,1429,96818
10,-9.70127681891127e-13,1429,96818
11,-9.70127681891127e-13,1429,96818
12,-9.70127681891127e-13,1429,96818
13,-9.70127681891127e-13,1429,96818
14,-21.1107000113664,1429,96818
15,-9.70127681891127e-13,1429,96818
16,-9.70127681891127e-13,1429,96818
17,-9.70127681891127e-13,1429,96818
18,-9.70127681891127e-13,1429,96818
19,-9.70127681891127e-13,1429,96818
20,-9.70127681891127e-13,1429,96818
21,-9.70127681891127e-13,1429,96818
22,-9.70127681891127e-13,1429,96818
23,-21.1107000113664,1429,96818
1,-1.06714045008024e-11,1434,96819
2,-1.06714045008024e-11,1434,96819
3,-1.06714045008024e-11,1434,96819
4,-1.06714045008024e-11,1434,96819
5,-1.06714045008024e-11,1434,96819
6,-34.289425747644,1434,96819
7,-1.06714045008024e-11,1434,96819
8,-1.06714045008024e-11,1434,96819
9,-1.06714045008024e-11,1434,96819
10,-1.06714045008024e-11,1434,96819
11,-1.06714045008024e-11,1434,96819
12,-1.06714045008024e-11,1434,96819
13,-1.06714045008024e-11,1434,96819
14,-1.06714045008024e-11,1434,96819
15,-1.06714045008024e-11,1434,96819
16,-1.06714045008024e-11,1434,96819
17,-1.06714045008024e-11,1434,96819
18,-1.06714045008024e-11,1434,96819
19,-1.06714045008024e-11,1434,96819
20,-1.06714045008024e-11,1434,96819
21,-1.06714045008024e-11,1434,96819
22,-1.06714045008024e-11,1434,96819
23,-34.2894257591552,1434,96819
1,-3.88051072756449e-12,5469,96701
2,-3.88051072756449e-12,5469,96701
3,-3.88051072756449e-12,5469,96701
4,-3.88051072756449e-12,5469,96701
5,-3.88051072756449e-12,5469,96701
6,-3.88051072756449e-12,5469,96701
7,-3.88051072756449e-12,5469,96701
8,-3.88051072756449e-12,5469,96701
9,-3.88051072756449e-12,5469,96701
10,-3.88051072756449e-12,5469,96701
11,-3.88051072756449e-12,5469,96701
12,-3.88051072756449e-12,5469,96701
13,-3.88051072756449e-12,5469,96701
14,-3.88051072756449e-12,5469,96701
15,-3.88051072756449e-12,5469,96701
16,-3.88051072756449e-12,5469,96701
17,-4.11293900162467,5469,96701
18,-3.88051072756449e-12,5469,96701
19,-3.88051072756449e-12,5469,96701
20,-3.88051072756449e-12,5469,96701
21,-3.88051072756449e-12,5469,96701
22,-3.88051072756449e-12,5469,96701
23,-4.11293900178474,5469,96701
1,-2.66785112520059e-12,1474,96744
2,-2.66785112520059e-12,1474,96744
3,-2.66785112520059e-12,1474,96744
4,-2.66785112520059e-12,1474,96744
5,-2.66785112520059e-12,1474,96744
6,-2.66785112520059e-12,1474,96744
7,-47.9107462089038,1474,96744
8,-2.66785112520059e-12,1474,96744
9,-2.66785112520059e-12,1474,96744
10,-2.66785112520059e-12,1474,96744
11,-2.66785112520059e-12,1474,96744
12,-2.66785112520059e-12,1474,96744
13,-2.66785112520059e-12,1474,96744
14,-2.66785112520059e-12,1474,96744
15,-2.66785112520059e-12,1474,96744
16,-2.66785112520059e-12,1474,96744
17,-2.66785112520059e-12,1474,96744
18,-2.66785112520059e-12,1474,96744
19,-2.66785112520059e-12,1474,96744
20,-2.66785112520059e-12,1474,96744
21,-2.66785112520059e-12,1474,96744
22,-2.66785112520059e-12,1474,96744
23,-47.9107462089038,1474,96744
1,-4.12304264803727e-12,1477,96703
2,-4.12304264803727e-12,1477,96703
3,-4.12304264803727e-12,1477,96703
4,-4.12304264803727e-12,1477,96703
5,-4.12304264803727e-12,1477,96703
6,-4.12304264803727e-12,1477,96703
7,-4.12304264803727e-12,1477,96703
8,-4.12304264803727e-12,1477,96703
9,-4.12304264803727e-12,1477,96703
10,-4.12304264803727e-12,1477,96703
11,-4.12304264803727e-12,1477,96703
12,-4.12304264803727e-12,1477,96703
13,-4.12304264803727e-12,1477,96703
14,-4.12304264803727e-12,1477,96703
15,-4.12304264803727e-12,1477,96703
16,-4.12304264803727e-12,1477,96703
17,-4.12304264803727e-12,1477,96703
18,-4.12304264803727e-12,1477,96703
19,-4.12304264803727e-12,1477,96703
20,-21.3048253777173,1477,96703
21,-4.12304264803727e-12,1477,96703
22,-4.12304264803727e-12,1477,96703
23,-21.3048253777173,1477,96703
1,2.42531920472781e-12,1491,96734
2,2.42531920472781e-12,1491,96734
3,2.42531920472781e-12,1491,96734
4,2.42531920472781e-12,1491,96734
5,2.42531920472781e-12,1491,96734
6,2.42531920472781e-12,1491,96734
7,2.42531920472781e-12,1491,96734
8,2.42531920472781e-12,1491,96734
9,2.42531920472781e-12,1491,96734
10,2.42531920472781e-12,1491,96734
11,2.42531920472781e-12,1491,96734
12,2.42531920472781e-12,1491,96734
13,2.42531920472781e-12,1491,96734
14,2.42531920472781e-12,1491,96734
15,2.42531920472781e-12,1491,96734
16,2.42531920472781e-12,1491,96734
17,2.42531920472781e-12,1491,96734
18,2.42531920472781e-12,1491,96734
19,2.42531920472781e-12,1491,96734
20,-143.734672456551,1491,96734
21,2.42531920472781e-12,1491,96734
22,2.42531920472781e-12,1491,96734
23,-143.734672456551,1491,96734
1,-6.79089377323786e-12,1506,96740
2,-6.79089377323786e-12,1506,96740
3,-6.79089377323786e-12,1506,96740
4,-6.79089377323786e-12,1506,96740
5,-6.79089377323786e-12,1506,96740
6,-6.79089377323786e-12,1506,96740
7,-6.79089377323786e-12,1506,96740
8,-18.2242604128679,1506,96740
9,-6.79089377323786e-12,1506,96740
10,-6.79089377323786e-12,1506,96740
11,-6.79089377323786e-12,1506,96740
12,-6.79089377323786e-12,1506,96740
13,-6.79089377323786e-12,1506,96740
14,-6.79089377323786e-12,1506,96740
15,-6.79089377323786e-12,1506,96740
16,-6.79089377323786e-12,1506,96740
17,-6.79089377323786e-12,1506,96740
18,-6.79089377323786e-12,1506,96740
19,-6.79089377323786e-12,1506,96740
20,-6.79089377323786e-12,1506,96740
21,-6.79089377323786e-12,1506,96740
22,-6.79089377323786e-12,1506,96740
23,-18.2242604128679,1506,96740
1,-4.85063840945562e-12,1509,96822
2,-4.85063840945562e-12,1509,96822
3,-4.85063840945562e-12,1509,96822
4,-4.85063840945562e-12,1509,96822
5,-4.85063840945562e-12,1509,96822
6,-4.85063840945562e-12,1509,96822
7,-4.85063840945562e-12,1509,96822
8,-4.85063840945562e-12,1509,96822
9,-4.85063840945562e-12,1509,96822
10,-4.85063840945562e-12,1509,96822
11,-4.85063840945562e-12,1509,96822
12,-4.85063840945562e-12,1509,96822
13,-4.85063840945562e-12,1509,96822
14,-19.97758128102,1509,96822
15,-4.85063840945562e-12,1509,96822
16,-4.85063840945562e-12,1509,96822
17,-4.85063840945562e-12,1509,96822
18,-4.85063840945562e-12,1509,96822
19,-4.85063840945562e-12,1509,96822
20,-4.85063840945562e-12,1509,96822
21,-4.85063840945562e-12,1509,96822
22,-4.85063840945562e-12,1509,96822
23,-19.97758128102,1509,96822
1,-5.82076609134674e-12,1510,96818
2,-5.82076609134674e-12,1510,96818
3,-5.82076609134674e-12,1510,96818
4,-5.82076609134674e-12,1510,96818
5,-5.82076609134674e-12,1510,96818
6,-5.82076609134674e-12,1510,96818
7,-5.82076609134674e-12,1510,96818
8,-5.82076609134674e-12,1510,96818
9,-5.82076609134674e-12,1510,96818
10,-5.82076609134674e-12,1510,96818
11,-5.82076609134674e-12,1510,96818
12,-5.82076609134674e-12,1510,96818
13,-5.82076609134674e-12,1510,96818
14,-5.82076609134674e-12,1510,96818
15,-5.82076609134674e-12,1510,96818
16,-5.82076609134674e-12,1510,96818
17,-5.82076609134674e-12,1510,96818
18,-108.650786914267,1510,96818
19,-5.82076609134674e-12,1510,96818
20,-5.82076609134674e-12,1510,96818
21,-5.82076609134674e-12,1510,96818
22,-5.82076609134674e-12,1510,96818
23,-108.650786914267,1510,96818
1,-1.50369790693124e-11,1520,96813
2,-1.50369790693124e-11,1520,96813
3,-1.50369790693124e-11,1520,96813
4,-1.50369790693124e-11,1520,96813
5,-1.50369790693124e-11,1520,96813
6,-1.50369790693124e-11,1520,96813
7,-1.50369790693124e-11,1520,96813
8,-1.50369790693124e-11,1520,96813
9,-1.50369790693124e-11,1520,96813
10,-1.50369790693124e-11,1520,96813
11,-1.50369790693124e-11,1520,96813
12,-1.50369790693124e-11,1520,96813
13,-1.50369790693124e-11,1520,96813
14,-1.50369790693124e-11,1520,96813
15,-1.50369790693124e-11,1520,96813
16,-1.50369790693124e-11,1520,96813
17,-1.50369790693124e-11,1520,96813
18,-1.50369790693124e-11,1520,96813
19,-1.50369790693124e-11,1520,96813
20,-21.3247360853192,1520,96813
21,-1.50369790693124e-11,1520,96813
22,-1.50369790693124e-11,1520,96813
23,-21.3247360853192,1520,96813
1,-2.91038304567338e-12,1536,96818
2,-2.91038304567338e-12,1536,96818
3,-2.91038304567338e-12,1536,96818
4,-2.91038304567338e-12,1536,96818
5,-2.91038304567338e-12,1536,96818
6,-2.91038304567338e-12,1536,96818
7,-2.91038304567338e-12,1536,96818
8,-2.91038304567338e-12,1536,96818
9,-2.91038304567338e-12,1536,96818
10,-2.91038304567338e-12,1536,96818
11,-2.91038304567338e-12,1536,96818
12,-2.91038304567338e-12,1536,96818
13,-2.91038304567338e-12,1536,96818
14,-2.91038304567338e-12,1536,96818
15,-2.91038304567338e-12,1536,96818
16,-2.91038304567338e-12,1536,96818
17,-2.91038304567338e-12,1536,96818
18,-2.91038304567338e-12,1536,96818
19,-2.91038304567338e-12,1536,96818
20,-160.536028614466,1536,96818
21,-2.91038304567338e-12,1536,96818
22,-2.91038304567338e-12,1536,96818
23,-160.536028614466,1536,96818
1,-7.76102145512899e-12,1551,96822
2,-7.76102145512899e-12,1551,96822
3,-7.76102145512899e-12,1551,96822
4,-7.76102145512899e-12,1551,96822
5,-7.76102145512899e-12,1551,96822
6,-7.76102145512899e-12,1551,96822
7,-7.76102145512899e-12,1551,96822
8,-7.76102145512899e-12,1551,96822
9,-7.76102145512899e-12,1551,96822
10,-7.76102145512899e-12,1551,96822
11,-7.76102145512899e-12,1551,96822
12,-7.76102145512899e-12,1551,96822
13,-7.76102145512899e-12,1551,96822
14,-23.1463255550746,1551,96822
15,-7.76102145512899e-12,1551,96822
16,-7.76102145512899e-12,1551,96822
17,-7.76102145512899e-12,1551,96822
18,-7.76102145512899e-12,1551,96822
19,-7.76102145512899e-12,1551,96822
20,-7.76102145512899e-12,1551,96822
21,-7.76102145512899e-12,1551,96822
22,-7.76102145512899e-12,1551,96822
23,-23.1463255550746,1551,96822
1,-7.27595761418343e-12,1562,96701
2,-7.27595761418343e-12,1562,96701
3,-7.27595761418343e-12,1562,96701
4,-7.27595761418343e-12,1562,96701
5,-7.27595761418343e-12,1562,96701
6,-285.189089801618,1562,96701
7,-7.27595761418343e-12,1562,96701
8,-7.27595761418343e-12,1562,96701
9,-7.27595761418343e-12,1562,96701
10,-7.27595761418343e-12,1562,96701
11,-7.27595761418343e-12,1562,96701
12,-7.27595761418343e-12,1562,96701
13,-7.27595761418343e-12,1562,96701
14,-7.27595761418343e-12,1562,96701
15,-7.27595761418343e-12,1562,96701
16,-7.27595761418343e-12,1562,96701
17,-124.506113607626,1562,96701
18,-7.27595761418343e-12,1562,96701
19,-7.27595761418343e-12,1562,96701
20,-7.27595761418343e-12,1562,96701
21,-7.27595761418343e-12,1562,96701
22,-7.27595761418343e-12,1562,96701
23,-410.787173426069,1562,96701
1,-3.88051072756449e-12,5486,96813
2,-3.88051072756449e-12,5486,96813
3,-17.7714566987594,5486,96813
4,-3.88051072756449e-12,5486,96813
5,-3.88051072756449e-12,5486,96813
6,-3.88051072756449e-12,5486,96813
7,-3.88051072756449e-12,5486,96813
8,-3.88051072756449e-12,5486,96813
9,-3.88051072756449e-12,5486,96813
10,-3.88051072756449e-12,5486,96813
11,-16.1897309862771,5486,96813
12,-3.88051072756449e-12,5486,96813
13,-3.88051072756449e-12,5486,96813
14,-3.88051072756449e-12,5486,96813
15,-3.88051072756449e-12,5486,96813
16,-3.88051072756449e-12,5486,96813
17,-3.88051072756449e-12,5486,96813
18,-3.88051072756449e-12,5486,96813
19,-3.88051072756449e-12,5486,96813
20,-3.88051072756449e-12,5486,96813
21,-3.88051072756449e-12,5486,96813
22,-3.88051072756449e-12,5486,96813
23,-34.0248717779364,5486,96813
1,-2.91038304567337e-12,1573,96714
2,-2.91038304567337e-12,1573,96714
3,-2.91038304567337e-12,1573,96714
4,-2.91038304567337e-12,1573,96714
5,-2.91038304567337e-12,1573,96714
6,-2.91038304567337e-12,1573,96714
7,-2.91038304567337e-12,1573,96714
8,-2.91038304567337e-12,1573,96714
9,-2.91038304567337e-12,1573,96714
10,-2.91038304567337e-12,1573,96714
11,-2.91038304567337e-12,1573,96714
12,-2.91038304567337e-12,1573,96714
13,-2.91038304567337e-12,1573,96714
14,-26.1470620370252,1573,96714
15,-2.91038304567337e-12,1573,96714
16,-2.91038304567337e-12,1573,96714
17,-2.91038304567337e-12,1573,96714
18,-2.91038304567337e-12,1573,96714
19,-2.91038304567337e-12,1573,96714
20,-2.91038304567337e-12,1573,96714
21,-2.91038304567337e-12,1573,96714
22,-2.91038304567337e-12,1573,96714
23,-26.1470620370252,1573,96714
1,-7.76102145512899e-12,1578,96816
2,-7.76102145512899e-12,1578,96816
3,-7.76102145512899e-12,1578,96816
4,-7.76102145512899e-12,1578,96816
5,-7.76102145512899e-12,1578,96816
6,-34.4906361788367,1578,96816
7,-7.76102145512899e-12,1578,96816
8,-7.76102145512899e-12,1578,96816
9,-7.76102145512899e-12,1578,96816
10,-7.76102145512899e-12,1578,96816
11,-7.76102145512899e-12,1578,96816
12,-7.76102145512899e-12,1578,96816
13,-7.76102145512899e-12,1578,96816
14,-7.76102145512899e-12,1578,96816
15,-7.76102145512899e-12,1578,96816
16,-7.76102145512899e-12,1578,96816
17,-7.76102145512899e-12,1578,96816
18,-7.76102145512899e-12,1578,96816
19,-7.76102145512899e-12,1578,96816
20,-7.76102145512899e-12,1578,96816
21,-7.76102145512899e-12,1578,96816
22,-7.76102145512899e-12,1578,96816
23,-34.4906361882226,1578,96816
1,-1.01863406598568e-11,1588,96703
2,-1.01863406598568e-11,1588,96703
3,-1.01863406598568e-11,1588,96703
4,-1.01863406598568e-11,1588,96703
5,-1.01863406598568e-11,1588,96703
6,-1.01863406598568e-11,1588,96703
7,-1.01863406598568e-11,1588,96703
8,-30.2870314456863,1588,96703
9,-1.01863406598568e-11,1588,96703
10,-1.01863406598568e-11,1588,96703
11,-1.01863406598568e-11,1588,96703
12,-1.01863406598568e-11,1588,96703
13,-1.01863406598568e-11,1588,96703
14,-1.01863406598568e-11,1588,96703
15,-1.01863406598568e-11,1588,96703
16,-1.01863406598568e-11,1588,96703
17,-1.01863406598568e-11,1588,96703
18,-1.01863406598568e-11,1588,96703
19,-1.01863406598568e-11,1588,96703
20,-1.01863406598568e-11,1588,96703
21,-1.01863406598568e-11,1588,96703
22,-1.01863406598568e-11,1588,96703
23,-30.2870314807534,1588,96703
1,7.27595761418343e-12,1596,96766
2,7.27595761418343e-12,1596,96766
3,7.27595761418343e-12,1596,96766
4,7.27595761418343e-12,1596,96766
5,7.27595761418343e-12,1596,96766
6,7.27595761418343e-12,1596,96766
7,7.27595761418343e-12,1596,96766
8,7.27595761418343e-12,1596,96766
9,7.27595761418343e-12,1596,96766
10,7.27595761418343e-12,1596,96766
11,7.27595761418343e-12,1596,96766
12,7.27595761418343e-12,1596,96766
13,-6.64988536150631,1596,96766
14,7.27595761418343e-12,1596,96766
15,7.27595761418343e-12,1596,96766
16,7.27595761418343e-12,1596,96766
17,7.27595761418343e-12,1596,96766
18,7.27595761418343e-12,1596,96766
19,7.27595761418343e-12,1596,96766
20,7.27595761418343e-12,1596,96766
21,7.27595761418343e-12,1596,96766
22,7.27595761418343e-12,1596,96766
23,-6.64988536150631,1596,96766
1,4.85063840945563e-13,1598,96817
2,4.85063840945563e-13,1598,96817
3,4.85063840945563e-13,1598,96817
4,4.85063840945563e-13,1598,96817
5,4.85063840945563e-13,1598,96817
6,4.85063840945563e-13,1598,96817
7,4.85063840945563e-13,1598,96817
8,4.85063840945563e-13,1598,96817
9,4.85063840945563e-13,1598,96817
10,4.85063840945563e-13,1598,96817
11,4.85063840945563e-13,1598,96817
12,4.85063840945563e-13,1598,96817
13,4.85063840945563e-13,1598,96817
14,4.85063840945563e-13,1598,96817
15,-141.88498043354,1598,96817
16,4.85063840945563e-13,1598,96817
17,4.85063840945563e-13,1598,96817
18,4.85063840945563e-13,1598,96817
19,4.85063840945563e-13,1598,96817
20,4.85063840945563e-13,1598,96817
21,4.85063840945563e-13,1598,96817
22,4.85063840945563e-13,1598,96817
23,-141.88498043354,1598,96817
1,-4.36557456851005e-12,1604,96792
2,-16.3907918419701,1604,96792
3,-4.36557456851005e-12,1604,96792
4,-4.36557456851005e-12,1604,96792
5,-4.36557456851005e-12,1604,96792
6,-4.36557456851005e-12,1604,96792
7,-4.36557456851005e-12,1604,96792
8,-4.36557456851005e-12,1604,96792
9,-4.36557456851005e-12,1604,96792
10,-4.36557456851005e-12,1604,96792
11,-4.36557456851005e-12,1604,96792
12,-4.36557456851005e-12,1604,96792
13,-4.36557456851005e-12,1604,96792
14,-4.36557456851005e-12,1604,96792
15,-4.36557456851005e-12,1604,96792
16,-4.36557456851005e-12,1604,96792
17,-4.36557456851005e-12,1604,96792
18,-4.36557456851005e-12,1604,96792
19,-4.36557456851005e-12,1604,96792
20,-4.36557456851005e-12,1604,96792
21,-4.36557456851005e-12,1604,96792
22,-4.36557456851005e-12,1604,96792
23,-16.3907918420126,1604,96792
1,-4.36557456851005e-12,1602,96744
2,-4.36557456851005e-12,1602,96744
3,-4.36557456851005e-12,1602,96744
4,-4.36557456851005e-12,1602,96744
5,-4.36557456851005e-12,1602,96744
6,-4.36557456851005e-12,1602,96744
7,-4.36557456851005e-12,1602,96744
8,-4.36557456851005e-12,1602,96744
9,-4.36557456851005e-12,1602,96744
10,-4.36557456851005e-12,1602,96744
11,-4.36557456851005e-12,1602,96744
12,-4.36557456851005e-12,1602,96744
13,-4.36557456851005e-12,1602,96744
14,-22.9629324079149,1602,96744
15,-4.36557456851005e-12,1602,96744
16,-4.36557456851005e-12,1602,96744
17,-4.36557456851005e-12,1602,96744
18,-4.36557456851005e-12,1602,96744
19,-4.36557456851005e-12,1602,96744
20,-4.36557456851005e-12,1602,96744
21,-4.36557456851005e-12,1602,96744
22,-4.36557456851005e-12,1602,96744
23,-22.9629324079149,1602,96744
1,-4.85063840945561e-12,1605,96766
2,-4.85063840945561e-12,1605,96766
3,-4.85063840945561e-12,1605,96766
4,-4.85063840945561e-12,1605,96766
5,-4.85063840945561e-12,1605,96766
6,-4.85063840945561e-12,1605,96766
7,-4.85063840945561e-12,1605,96766
8,-4.85063840945561e-12,1605,96766
9,-4.85063840945561e-12,1605,96766
10,-4.85063840945561e-12,1605,96766
11,-4.85063840945561e-12,1605,96766
12,-18.5925564592122,1605,96766
13,-4.85063840945561e-12,1605,96766
14,-4.85063840945561e-12,1605,96766
15,-4.85063840945561e-12,1605,96766
16,-4.85063840945561e-12,1605,96766
17,-4.85063840945561e-12,1605,96766
18,-4.85063840945561e-12,1605,96766
19,-4.85063840945561e-12,1605,96766
20,-4.85063840945561e-12,1605,96766
21,-4.85063840945561e-12,1605,96766
22,-4.85063840945561e-12,1605,96766
23,-18.5925564592122,1605,96766
1,-1.45519152283669e-12,1610,96746
2,-1.45519152283669e-12,1610,96746
3,-1.45519152283669e-12,1610,96746
4,-1.45519152283669e-12,1610,96746
5,-1.45519152283669e-12,1610,96746
6,-1.45519152283669e-12,1610,96746
7,-1.45519152283669e-12,1610,96746
8,-1.45519152283669e-12,1610,96746
9,-1.45519152283669e-12,1610,96746
10,-1.45519152283669e-12,1610,96746
11,-1.45519152283669e-12,1610,96746
12,-1.45519152283669e-12,1610,96746
13,-1.45519152283669e-12,1610,96746
14,-23.3204841501589,1610,96746
15,-1.45519152283669e-12,1610,96746
16,-1.45519152283669e-12,1610,96746
17,-1.45519152283669e-12,1610,96746
18,-1.45519152283669e-12,1610,96746
19,-1.45519152283669e-12,1610,96746
20,-1.45519152283669e-12,1610,96746
21,-1.45519152283669e-12,1610,96746
22,-1.45519152283669e-12,1610,96746
23,-23.3204841501589,1610,96746
1,4.85063840945562e-12,1611,96746
2,4.85063840945562e-12,1611,96746
3,4.85063840945562e-12,1611,96746
4,4.85063840945562e-12,1611,96746
5,4.85063840945562e-12,1611,96746
6,4.85063840945562e-12,1611,96746
7,4.85063840945562e-12,1611,96746
8,4.85063840945562e-12,1611,96746
9,4.85063840945562e-12,1611,96746
10,4.85063840945562e-12,1611,96746
11,4.85063840945562e-12,1611,96746
12,4.85063840945562e-12,1611,96746
13,4.85063840945562e-12,1611,96746
14,-30.9208690106646,1611,96746
15,4.85063840945562e-12,1611,96746
16,4.85063840945562e-12,1611,96746
17,4.85063840945562e-12,1611,96746
18,4.85063840945562e-12,1611,96746
19,4.85063840945562e-12,1611,96746
20,4.85063840945562e-12,1611,96746
21,4.85063840945562e-12,1611,96746
22,4.85063840945562e-12,1611,96746
23,-30.9208690106646,1611,96746
1,-9.70127681891123e-12,5493,96753
2,-9.70127681891123e-12,5493,96753
3,-9.70127681891123e-12,5493,96753
4,-9.70127681891123e-12,5493,96753
5,-9.70127681891123e-12,5493,96753
6,-139.286902866607,5493,96753
7,-9.70127681891123e-12,5493,96753
8,-9.70127681891123e-12,5493,96753
9,-9.70127681891123e-12,5493,96753
10,-9.70127681891123e-12,5493,96753
11,-9.70127681891123e-12,5493,96753
12,-9.70127681891123e-12,5493,96753
13,-9.70127681891123e-12,5493,96753
14,-9.70127681891123e-12,5493,96753
15,-9.70127681891123e-12,5493,96753
16,-9.70127681891123e-12,5493,96753
17,-9.70127681891123e-12,5493,96753
18,-9.70127681891123e-12,5493,96753
19,-9.70127681891123e-12,5493,96753
20,-9.70127681891123e-12,5493,96753
21,-9.70127681891123e-12,5493,96753
22,-9.70127681891123e-12,5493,96753
23,-139.286902866607,5493,96753
1,-6.3058299322923e-12,1619,96734
2,-6.3058299322923e-12,1619,96734
3,-6.3058299322923e-12,1619,96734
4,-6.3058299322923e-12,1619,96734
5,-6.3058299322923e-12,1619,96734
6,-6.3058299322923e-12,1619,96734
7,-6.3058299322923e-12,1619,96734
8,-6.3058299322923e-12,1619,96734
9,-6.3058299322923e-12,1619,96734
10,-6.3058299322923e-12,1619,96734
11,-6.3058299322923e-12,1619,96734
12,-6.3058299322923e-12,1619,96734
13,-6.3058299322923e-12,1619,96734
14,-21.6589578506139,1619,96734
15,-6.3058299322923e-12,1619,96734
16,-6.3058299322923e-12,1619,96734
17,-6.3058299322923e-12,1619,96734
18,-6.3058299322923e-12,1619,96734
19,-6.3058299322923e-12,1619,96734
20,-6.3058299322923e-12,1619,96734
21,-6.3058299322923e-12,1619,96734
22,-6.3058299322923e-12,1619,96734
23,-21.6589578506139,1619,96734
1,-4.85063840945566e-13,1620,96746
2,-4.85063840945566e-13,1620,96746
3,-4.85063840945566e-13,1620,96746
4,-4.85063840945566e-13,1620,96746
5,-4.85063840945566e-13,1620,96746
6,-4.85063840945566e-13,1620,96746
7,-4.85063840945566e-13,1620,96746
8,-4.85063840945566e-13,1620,96746
9,-4.85063840945566e-13,1620,96746
10,-4.85063840945566e-13,1620,96746
11,-4.85063840945566e-13,1620,96746
12,-4.85063840945566e-13,1620,96746
13,-4.85063840945566e-13,1620,96746
14,-22.4138706718494,1620,96746
15,-4.85063840945566e-13,1620,96746
16,-4.85063840945566e-13,1620,96746
17,-4.85063840945566e-13,1620,96746
18,-4.85063840945566e-13,1620,96746
19,-4.85063840945566e-13,1620,96746
20,-4.85063840945566e-13,1620,96746
21,-4.85063840945566e-13,1620,96746
22,-4.85063840945566e-13,1620,96746
23,-22.4138706718494,1620,96746
1,-1.94025536378225e-12,1626,96796
2,-1.94025536378225e-12,1626,96796
3,-1.94025536378225e-12,1626,96796
4,-1.94025536378225e-12,1626,96796
5,-1.94025536378225e-12,1626,96796
6,-1.94025536378225e-12,1626,96796
7,-1.94025536378225e-12,1626,96796
8,-19.8296764095144,1626,96796
9,-1.94025536378225e-12,1626,96796
10,-1.94025536378225e-12,1626,96796
11,-1.94025536378225e-12,1626,96796
12,-1.94025536378225e-12,1626,96796
13,-1.94025536378225e-12,1626,96796
14,-1.94025536378225e-12,1626,96796
15,-1.94025536378225e-12,1626,96796
16,-1.94025536378225e-12,1626,96796
17,-1.94025536378225e-12,1626,96796
18,-1.94025536378225e-12,1626,96796
19,-1.94025536378225e-12,1626,96796
20,-1.94025536378225e-12,1626,96796
21,-1.94025536378225e-12,1626,96796
22,-1.94025536378225e-12,1626,96796
23,-19.8296764095144,1626,96796
1,-9.21621297796568e-12,1627,96754
2,-9.21621297796568e-12,1627,96754
3,-9.21621297796568e-12,1627,96754
4,-9.21621297796568e-12,1627,96754
5,-9.21621297796568e-12,1627,96754
6,-9.21621297796568e-12,1627,96754
7,-9.21621297796568e-12,1627,96754
8,-9.21621297796568e-12,1627,96754
9,-9.21621297796568e-12,1627,96754
10,-9.21621297796568e-12,1627,96754
11,-9.21621297796568e-12,1627,96754
12,-17.5197926765167,1627,96754
13,-9.21621297796568e-12,1627,96754
14,-9.21621297796568e-12,1627,96754
15,-9.21621297796568e-12,1627,96754
16,-9.21621297796568e-12,1627,96754
17,-9.21621297796568e-12,1627,96754
18,-9.21621297796568e-12,1627,96754
19,-9.21621297796568e-12,1627,96754
20,-9.21621297796568e-12,1627,96754
21,-9.21621297796568e-12,1627,96754
22,-9.21621297796568e-12,1627,96754
23,-17.5197926765167,1627,96754
1,-1.50369790693124e-11,1633,96706
2,-1.50369790693124e-11,1633,96706
3,-1.50369790693124e-11,1633,96706
4,-1.50369790693124e-11,1633,96706
5,-1.50369790693124e-11,1633,96706
6,-1.50369790693124e-11,1633,96706
7,-1.50369790693124e-11,1633,96706
8,-6.06892347012957,1633,96706
9,-1.50369790693124e-11,1633,96706
10,-1.50369790693124e-11,1633,96706
11,-1.50369790693124e-11,1633,96706
12,-1.50369790693124e-11,1633,96706
13,-1.50369790693124e-11,1633,96706
14,-1.50369790693124e-11,1633,96706
15,-1.50369790693124e-11,1633,96706
16,-1.50369790693124e-11,1633,96706
17,-1.50369790693124e-11,1633,96706
18,-1.50369790693124e-11,1633,96706
19,-1.50369790693124e-11,1633,96706
20,-1.50369790693124e-11,1633,96706
21,-1.50369790693124e-11,1633,96706
22,-1.50369790693124e-11,1633,96706
23,-6.06892347012957,1633,96706
1,-9.70127681891127e-13,1635,96743
2,-9.70127681891127e-13,1635,96743
3,-9.70127681891127e-13,1635,96743
4,-9.70127681891127e-13,1635,96743
5,-9.70127681891127e-13,1635,96743
6,-9.70127681891127e-13,1635,96743
7,-9.70127681891127e-13,1635,96743
8,-9.70127681891127e-13,1635,96743
9,-9.70127681891127e-13,1635,96743
10,-9.70127681891127e-13,1635,96743
11,-9.70127681891127e-13,1635,96743
12,-9.70127681891127e-13,1635,96743
13,-9.70127681891127e-13,1635,96743
14,-21.1107000113664,1635,96743
15,-9.70127681891127e-13,1635,96743
16,-9.70127681891127e-13,1635,96743
17,-9.70127681891127e-13,1635,96743
18,-9.70127681891127e-13,1635,96743
19,-9.70127681891127e-13,1635,96743
20,-9.70127681891127e-13,1635,96743
21,-9.70127681891127e-13,1635,96743
22,-9.70127681891127e-13,1635,96743
23,-21.1107000113664,1635,96743
1,-5.82076609134674e-12,1624,96712
2,-5.82076609134674e-12,1624,96712
3,-5.82076609134674e-12,1624,96712
4,-5.82076609134674e-12,1624,96712
5,-5.82076609134674e-12,1624,96712
6,-5.82076609134674e-12,1624,96712
7,-5.82076609134674e-12,1624,96712
8,-5.82076609134674e-12,1624,96712
9,-5.82076609134674e-12,1624,96712
10,-5.82076609134674e-12,1624,96712
11,-5.82076609134674e-12,1624,96712
12,-5.82076609134674e-12,1624,96712
13,-5.82076609134674e-12,1624,96712
14,-5.82076609134674e-12,1624,96712
15,-122.448313658695,1624,96712
16,-5.82076609134674e-12,1624,96712
17,-5.82076609134674e-12,1624,96712
18,-5.82076609134674e-12,1624,96712
19,-5.82076609134674e-12,1624,96712
20,-5.82076609134674e-12,1624,96712
21,-5.82076609134674e-12,1624,96712
22,-5.82076609134674e-12,1624,96712
23,-122.448313732326,1624,96712
1,-9.70127681891127e-13,1653,96707
2,-9.70127681891127e-13,1653,96707
3,-9.70127681891127e-13,1653,96707
4,-9.70127681891127e-13,1653,96707
5,-9.70127681891127e-13,1653,96707
6,-9.70127681891127e-13,1653,96707
7,-9.70127681891127e-13,1653,96707
8,-9.70127681891127e-13,1653,96707
9,-9.70127681891127e-13,1653,96707
10,-9.70127681891127e-13,1653,96707
11,-9.70127681891127e-13,1653,96707
12,-9.70127681891127e-13,1653,96707
13,-9.70127681891127e-13,1653,96707
14,-9.70127681891127e-13,1653,96707
15,-9.70127681891127e-13,1653,96707
16,-9.70127681891127e-13,1653,96707
17,-9.70127681891127e-13,1653,96707
18,-9.70127681891127e-13,1653,96707
19,-10.1404299154136,1653,96707
20,-9.70127681891127e-13,1653,96707
21,-9.70127681891127e-13,1653,96707
22,-9.70127681891127e-13,1653,96707
23,-10.1404299154136,1653,96707
1,-5.33570225040118e-12,1658,96789
2,-5.33570225040118e-12,1658,96789
3,-5.33570225040118e-12,1658,96789
4,-5.33570225040118e-12,1658,96789
5,-5.33570225040118e-12,1658,96789
6,-32.9523284580447,1658,96789
7,-5.33570225040118e-12,1658,96789
8,-5.33570225040118e-12,1658,96789
9,-5.33570225040118e-12,1658,96789
10,-5.33570225040118e-12,1658,96789
11,-5.33570225040118e-12,1658,96789
12,-5.33570225040118e-12,1658,96789
13,-5.33570225040118e-12,1658,96789
14,-5.33570225040118e-12,1658,96789
15,-5.33570225040118e-12,1658,96789
16,-5.33570225040118e-12,1658,96789
17,-5.33570225040118e-12,1658,96789
18,-5.33570225040118e-12,1658,96789
19,-5.33570225040118e-12,1658,96789
20,-5.33570225040118e-12,1658,96789
21,-5.33570225040118e-12,1658,96789
22,-5.33570225040118e-12,1658,96789
23,-32.9523284580447,1658,96789
1,-8.24608529607455e-12,1662,96792
2,-8.24608529607455e-12,1662,96792
3,-8.24608529607455e-12,1662,96792
4,-8.24608529607455e-12,1662,96792
5,-8.24608529607455e-12,1662,96792
6,-8.24608529607455e-12,1662,96792
7,-8.24608529607455e-12,1662,96792
8,-8.24608529607455e-12,1662,96792
9,-8.24608529607455e-12,1662,96792
10,-6.04911034062728,1662,96792
11,-8.24608529607455e-12,1662,96792
12,-8.24608529607455e-12,1662,96792
13,-8.24608529607455e-12,1662,96792
14,-8.24608529607455e-12,1662,96792
15,-8.24608529607455e-12,1662,96792
16,-8.24608529607455e-12,1662,96792
17,-8.24608529607455e-12,1662,96792
18,-8.24608529607455e-12,1662,96792
19,-8.24608529607455e-12,1662,96792
20,-8.24608529607455e-12,1662,96792
21,-8.24608529607455e-12,1662,96792
22,-8.24608529607455e-12,1662,96792
23,-6.04911034062728,1662,96792
1,-4.85063840945561e-13,1677,96756
2,-4.85063840945561e-13,1677,96756
3,-4.85063840945561e-13,1677,96756
4,-4.85063840945561e-13,1677,96756
5,-4.85063840945561e-13,1677,96756
6,-4.85063840945561e-13,1677,96756
7,-4.85063840945561e-13,1677,96756
8,-4.85063840945561e-13,1677,96756
9,-4.85063840945561e-13,1677,96756
10,-4.85063840945561e-13,1677,96756
11,-4.85063840945561e-13,1677,96756
12,-4.85063840945561e-13,1677,96756
13,-4.85063840945561e-13,1677,96756
14,-4.85063840945561e-13,1677,96756
15,-4.85063840945561e-13,1677,96756
16,-4.85063840945561e-13,1677,96756
17,-107.097480988243,1677,96756
18,-4.85063840945561e-13,1677,96756
19,-4.85063840945561e-13,1677,96756
20,-4.85063840945561e-13,1677,96756
21,-4.85063840945561e-13,1677,96756
22,-4.85063840945561e-13,1677,96756
23,-107.097481343179,1677,96756
1,-9.70127681891127e-13,5503,96765
2,-9.70127681891127e-13,5503,96765
3,-9.70127681891127e-13,5503,96765
4,-9.70127681891127e-13,5503,96765
5,-9.70127681891127e-13,5503,96765
6,-9.70127681891127e-13,5503,96765
7,-9.70127681891127e-13,5503,96765
8,-9.70127681891127e-13,5503,96765
9,-9.70127681891127e-13,5503,96765
10,-9.70127681891127e-13,5503,96765
11,-9.70127681891127e-13,5503,96765
12,-9.70127681891127e-13,5503,96765
13,-9.70127681891127e-13,5503,96765
14,-21.1107000113664,5503,96765
15,-9.70127681891127e-13,5503,96765
16,-9.70127681891127e-13,5503,96765
17,-9.70127681891127e-13,5503,96765
18,-9.70127681891127e-13,5503,96765
19,-9.70127681891127e-13,5503,96765
20,-9.70127681891127e-13,5503,96765
21,-9.70127681891127e-13,5503,96765
22,-9.70127681891127e-13,5503,96765
23,-21.1107000113664,5503,96765
1,-4.36557456851005e-12,1682,96744
2,-1.42499998181267,1682,96744
3,-4.36557456851005e-12,1682,96744
4,-4.36557456851005e-12,1682,96744
5,-4.36557456851005e-12,1682,96744
6,-4.36557456851005e-12,1682,96744
7,-4.36557456851005e-12,1682,96744
8,-4.36557456851005e-12,1682,96744
9,-4.36557456851005e-12,1682,96744
10,-4.36557456851005e-12,1682,96744
11,-1.24567014311807,1682,96744
12,-4.36557456851005e-12,1682,96744
13,-4.36557456851005e-12,1682,96744
14,-4.36557456851005e-12,1682,96744
15,-4.36557456851005e-12,1682,96744
16,-4.36557456851005e-12,1682,96744
17,-4.36557456851005e-12,1682,96744
18,-4.36557456851005e-12,1682,96744
19,-4.36557456851005e-12,1682,96744
20,-4.36557456851005e-12,1682,96744
21,-4.36557456851005e-12,1682,96744
22,-4.36557456851005e-12,1682,96744
23,-2.67086400847572,1682,96744
1,-5.82076609134674e-12,5505,96764
2,-5.82076609134674e-12,5505,96764
3,-5.82076609134674e-12,5505,96764
4,-5.82076609134674e-12,5505,96764
5,-5.82076609134674e-12,5505,96764
6,-5.82076609134674e-12,5505,96764
7,-5.82076609134674e-12,5505,96764
8,-5.82076609134674e-12,5505,96764
9,-5.82076609134674e-12,5505,96764
10,-5.82076609134674e-12,5505,96764
11,-5.82076609134674e-12,5505,96764
12,-5.82076609134674e-12,5505,96764
13,-5.82076609134674e-12,5505,96764
14,-5.82076609134674e-12,5505,96764
15,-5.82076609134674e-12,5505,96764
16,-5.82076609134674e-12,5505,96764
17,-5.82076609134674e-12,5505,96764
18,-5.82076609134674e-12,5505,96764
19,-5.82076609134674e-12,5505,96764
20,-5.82076609134674e-12,5505,96764
21,-19.9902042874496,5505,96764
22,-5.82076609134674e-12,5505,96764
23,-19.9902042877298,5505,96764
1,-8.97368105749289e-12,1715,96756
2,-8.97368105749289e-12,1715,96756
3,-8.97368105749289e-12,1715,96756
4,-8.97368105749289e-12,1715,96756
5,-8.97368105749289e-12,1715,96756
6,-8.97368105749289e-12,1715,96756
7,-8.97368105749289e-12,1715,96756
8,-19.2886601201952,1715,96756
9,-8.97368105749289e-12,1715,96756
10,-8.97368105749289e-12,1715,96756
11,-8.97368105749289e-12,1715,96756
12,-8.97368105749289e-12,1715,96756
13,-8.97368105749289e-12,1715,96756
14,-8.97368105749289e-12,1715,96756
15,-8.97368105749289e-12,1715,96756
16,-8.97368105749289e-12,1715,96756
17,-8.97368105749289e-12,1715,96756
18,-8.97368105749289e-12,1715,96756
19,-8.97368105749289e-12,1715,96756
20,-8.97368105749289e-12,1715,96756
21,-8.97368105749289e-12,1715,96756
22,-8.97368105749289e-12,1715,96756
23,-19.2886601201952,1715,96756
1,-1.2126596023639e-11,5512,96786
2,-1.2126596023639e-11,5512,96786
3,-1.2126596023639e-11,5512,96786
4,-1.2126596023639e-11,5512,96786
5,-1.2126596023639e-11,5512,96786
6,-122.125864745575,5512,96786
7,-1.2126596023639e-11,5512,96786
8,-1.2126596023639e-11,5512,96786
9,-1.2126596023639e-11,5512,96786
10,-1.2126596023639e-11,5512,96786
11,-1.2126596023639e-11,5512,96786
12,-1.2126596023639e-11,5512,96786
13,-1.2126596023639e-11,5512,96786
14,-1.2126596023639e-11,5512,96786
15,-1.2126596023639e-11,5512,96786
16,-1.2126596023639e-11,5512,96786
17,-1.2126596023639e-11,5512,96786
18,-1.2126596023639e-11,5512,96786
19,-1.2126596023639e-11,5512,96786
20,-1.2126596023639e-11,5512,96786
21,-1.2126596023639e-11,5512,96786
22,-1.2126596023639e-11,5512,96786
23,-122.125864785483,5512,96786
1,-1.06714045008024e-11,1725,96766
2,-1.06714045008024e-11,1725,96766
3,-1.06714045008024e-11,1725,96766
4,-1.06714045008024e-11,1725,96766
5,-1.06714045008024e-11,1725,96766
6,-1.06714045008024e-11,1725,96766
7,-1.06714045008024e-11,1725,96766
8,-23.2950799268505,1725,96766
9,-1.06714045008024e-11,1725,96766
10,-1.06714045008024e-11,1725,96766
11,-1.06714045008024e-11,1725,96766
12,-1.06714045008024e-11,1725,96766
13,-1.06714045008024e-11,1725,96766
14,-1.06714045008024e-11,1725,96766
15,-1.06714045008024e-11,1725,96766
16,-1.06714045008024e-11,1725,96766
17,-1.06714045008024e-11,1725,96766
18,-1.06714045008024e-11,1725,96766
19,-1.06714045008024e-11,1725,96766
20,-1.06714045008024e-11,1725,96766
21,-1.06714045008024e-11,1725,96766
22,-1.06714045008024e-11,1725,96766
23,-23.2950799268505,1725,96766
1,-3.15291496614615e-12,1731,96818
2,-3.15291496614615e-12,1731,96818
3,-3.15291496614615e-12,1731,96818
4,-3.15291496614615e-12,1731,96818
5,-3.15291496614615e-12,1731,96818
6,-3.15291496614615e-12,1731,96818
7,-3.15291496614615e-12,1731,96818
8,-3.15291496614615e-12,1731,96818
9,-3.15291496614615e-12,1731,96818
10,-4.59384794228493,1731,96818
11,-3.15291496614615e-12,1731,96818
12,-3.15291496614615e-12,1731,96818
13,-3.15291496614615e-12,1731,96818
14,-3.15291496614615e-12,1731,96818
15,-3.15291496614615e-12,1731,96818
16,-3.15291496614615e-12,1731,96818
17,-3.15291496614615e-12,1731,96818
18,-3.15291496614615e-12,1731,96818
19,-3.15291496614615e-12,1731,96818
20,-3.15291496614615e-12,1731,96818
21,-3.15291496614615e-12,1731,96818
22,-3.15291496614615e-12,1731,96818
23,-4.59384794229821,1731,96818
1,-4.85063840945562e-12,1746,96741
2,-4.85063840945562e-12,1746,96741
3,-4.85063840945562e-12,1746,96741
4,-4.85063840945562e-12,1746,96741
5,-4.85063840945562e-12,1746,96741
6,-4.85063840945562e-12,1746,96741
7,-4.85063840945562e-12,1746,96741
8,-4.85063840945562e-12,1746,96741
9,-4.85063840945562e-12,1746,96741
10,-4.85063840945562e-12,1746,96741
11,-4.85063840945562e-12,1746,96741
12,-4.85063840945562e-12,1746,96741
13,-4.85063840945562e-12,1746,96741
14,-19.97758128102,1746,96741
15,-4.85063840945562e-12,1746,96741
16,-4.85063840945562e-12,1746,96741
17,-4.85063840945562e-12,1746,96741
18,-4.85063840945562e-12,1746,96741
19,-4.85063840945562e-12,1746,96741
20,-4.85063840945562e-12,1746,96741
21,-4.85063840945562e-12,1746,96741
22,-4.85063840945562e-12,1746,96741
23,-19.97758128102,1746,96741
1,-7.27595761418343e-12,5517,96797
2,-7.27595761418343e-12,5517,96797
3,-7.27595761418343e-12,5517,96797
4,-7.27595761418343e-12,5517,96797
5,-7.27595761418343e-12,5517,96797
6,-7.27595761418343e-12,5517,96797
7,-7.27595761418343e-12,5517,96797
8,-25.5812555006908,5517,96797
9,-7.27595761418343e-12,5517,96797
10,-7.27595761418343e-12,5517,96797
11,-7.27595761418343e-12,5517,96797
12,-7.27595761418343e-12,5517,96797
13,-7.27595761418343e-12,5517,96797
14,-7.27595761418343e-12,5517,96797
15,-7.27595761418343e-12,5517,96797
16,-7.27595761418343e-12,5517,96797
17,-7.27595761418343e-12,5517,96797
18,-7.27595761418343e-12,5517,96797
19,-7.27595761418343e-12,5517,96797
20,-7.27595761418343e-12,5517,96797
21,-7.27595761418343e-12,5517,96797
22,-7.27595761418343e-12,5517,96797
23,-25.5812555035591,5517,96797
1,-1.01863406598568e-11,1748,96746
2,-1.01863406598568e-11,1748,96746
3,-1.01863406598568e-11,1748,96746
4,-1.01863406598568e-11,1748,96746
5,-1.01863406598568e-11,1748,96746
6,-1.01863406598568e-11,1748,96746
7,-1.01863406598568e-11,1748,96746
8,-30.2870314807534,1748,96746
9,-1.01863406598568e-11,1748,96746
10,-1.01863406598568e-11,1748,96746
11,-1.01863406598568e-11,1748,96746
12,-1.01863406598568e-11,1748,96746
13,-1.01863406598568e-11,1748,96746
14,-1.01863406598568e-11,1748,96746
15,-1.01863406598568e-11,1748,96746
16,-1.01863406598568e-11,1748,96746
17,-1.01863406598568e-11,1748,96746
18,-1.01863406598568e-11,1748,96746
19,-1.01863406598568e-11,1748,96746
20,-1.01863406598568e-11,1748,96746
21,-1.01863406598568e-11,1748,96746
22,-1.01863406598568e-11,1748,96746
23,-30.2870314807534,1748,96746
1,-1.06714045008024e-11,1750,96796
2,-1.06714045008024e-11,1750,96796
3,-1.06714045008024e-11,1750,96796
4,-1.06714045008024e-11,1750,96796
5,-1.06714045008024e-11,1750,96796
6,-1.06714045008024e-11,1750,96796
7,-1.06714045008024e-11,1750,96796
8,-103.251179718965,1750,96796
9,-1.06714045008024e-11,1750,96796
10,-1.06714045008024e-11,1750,96796
11,-1.06714045008024e-11,1750,96796
12,-1.06714045008024e-11,1750,96796
13,-1.06714045008024e-11,1750,96796
14,-1.06714045008024e-11,1750,96796
15,-1.06714045008024e-11,1750,96796
16,-1.06714045008024e-11,1750,96796
17,-1.06714045008024e-11,1750,96796
18,-1.06714045008024e-11,1750,96796
19,-1.06714045008024e-11,1750,96796
20,-1.06714045008024e-11,1750,96796
21,-1.06714045008024e-11,1750,96796
22,-1.06714045008024e-11,1750,96796
23,-103.251179718965,1750,96796
1,0,1757,96706
2,0,1757,96706
3,0,1757,96706
4,0,1757,96706
5,0,1757,96706
6,0,1757,96706
7,0,1757,96706
8,-21.3738938503937,1757,96706
9,0,1757,96706
10,0,1757,96706
11,0,1757,96706
12,0,1757,96706
13,0,1757,96706
14,0,1757,96706
15,0,1757,96706
16,0,1757,96706
17,0,1757,96706
18,0,1757,96706
19,0,1757,96706
20,0,1757,96706
21,0,1757,96706
22,0,1757,96706
23,-21.3738938503937,1757,96706
1,2.91038304567337e-12,1760,96822
2,2.91038304567337e-12,1760,96822
3,2.91038304567337e-12,1760,96822
4,2.91038304567337e-12,1760,96822
5,2.91038304567337e-12,1760,96822
6,2.91038304567337e-12,1760,96822
7,2.91038304567337e-12,1760,96822
8,-67.0436884568239,1760,96822
9,2.91038304567337e-12,1760,96822
10,2.91038304567337e-12,1760,96822
11,2.91038304567337e-12,1760,96822
12,2.91038304567337e-12,1760,96822
13,2.91038304567337e-12,1760,96822
14,2.91038304567337e-12,1760,96822
15,2.91038304567337e-12,1760,96822
16,2.91038304567337e-12,1760,96822
17,2.91038304567337e-12,1760,96822
18,2.91038304567337e-12,1760,96822
19,2.91038304567337e-12,1760,96822
20,2.91038304567337e-12,1760,96822
21,2.91038304567337e-12,1760,96822
22,2.91038304567337e-12,1760,96822
23,-67.0436885947507,1760,96822
1,8.24608529607455e-12,1761,96818
2,8.24608529607455e-12,1761,96818
3,8.24608529607455e-12,1761,96818
4,8.24608529607455e-12,1761,96818
5,8.24608529607455e-12,1761,96818
6,8.24608529607455e-12,1761,96818
7,8.24608529607455e-12,1761,96818
8,8.24608529607455e-12,1761,96818
9,8.24608529607455e-12,1761,96818
10,-5.2417889503083,1761,96818
11,8.24608529607455e-12,1761,96818
12,8.24608529607455e-12,1761,96818
13,8.24608529607455e-12,1761,96818
14,8.24608529607455e-12,1761,96818
15,8.24608529607455e-12,1761,96818
16,8.24608529607455e-12,1761,96818
17,8.24608529607455e-12,1761,96818
18,8.24608529607455e-12,1761,96818
19,8.24608529607455e-12,1761,96818
20,8.24608529607455e-12,1761,96818
21,8.24608529607455e-12,1761,96818
22,8.24608529607455e-12,1761,96818
23,-5.2417889503083,1761,96818
1,-3.8805107275645e-12,1762,96818
2,-3.8805107275645e-12,1762,96818
3,-3.8805107275645e-12,1762,96818
4,-3.8805107275645e-12,1762,96818
5,-3.8805107275645e-12,1762,96818
6,-24.081457429756,1762,96818
7,-3.8805107275645e-12,1762,96818
8,-3.8805107275645e-12,1762,96818
9,-3.8805107275645e-12,1762,96818
10,-3.8805107275645e-12,1762,96818
11,-3.8805107275645e-12,1762,96818
12,-3.8805107275645e-12,1762,96818
13,-3.8805107275645e-12,1762,96818
14,-3.8805107275645e-12,1762,96818
15,-3.8805107275645e-12,1762,96818
16,-3.8805107275645e-12,1762,96818
17,-3.8805107275645e-12,1762,96818
18,-3.8805107275645e-12,1762,96818
19,-3.8805107275645e-12,1762,96818
20,-3.8805107275645e-12,1762,96818
21,-3.8805107275645e-12,1762,96818
22,-3.8805107275645e-12,1762,96818
23,-24.081457430262,1762,96818
1,-1.45519152283669e-12,1763,96746
2,-1.45519152283669e-12,1763,96746
3,-1.45519152283669e-12,1763,96746
4,-1.45519152283669e-12,1763,96746
5,-1.45519152283669e-12,1763,96746
6,-1.45519152283669e-12,1763,96746
7,-1.45519152283669e-12,1763,96746
8,-1.45519152283669e-12,1763,96746
9,-1.45519152283669e-12,1763,96746
10,-1.45519152283669e-12,1763,96746
11,-1.45519152283669e-12,1763,96746
12,-1.45519152283669e-12,1763,96746
13,-1.45519152283669e-12,1763,96746
14,-8.8344505121262,1763,96746
15,-1.45519152283669e-12,1763,96746
16,-1.45519152283669e-12,1763,96746
17,-1.45519152283669e-12,1763,96746
18,-1.45519152283669e-12,1763,96746
19,-1.45519152283669e-12,1763,96746
20,-1.45519152283669e-12,1763,96746
21,-1.45519152283669e-12,1763,96746
22,-1.45519152283669e-12,1763,96746
23,-8.8344505121262,1763,96746
1,-1.45519152283669e-11,1764,96716
2,-1.45519152283669e-11,1764,96716
3,-1.45519152283669e-11,1764,96716
4,-1.45519152283669e-11,1764,96716
5,-1.45519152283669e-11,1764,96716
6,-1.45519152283669e-11,1764,96716
7,-1.45519152283669e-11,1764,96716
8,-1.45519152283669e-11,1764,96716
9,-1.45519152283669e-11,1764,96716
10,-1.45519152283669e-11,1764,96716
11,-1.45519152283669e-11,1764,96716
12,-1.45519152283669e-11,1764,96716
13,-1.45519152283669e-11,1764,96716
14,-1.45519152283669e-11,1764,96716
15,-1.45519152283669e-11,1764,96716
16,-1.45519152283669e-11,1764,96716
17,-1.45519152283669e-11,1764,96716
18,-1.45519152283669e-11,1764,96716
19,-1.45519152283669e-11,1764,96716
20,-25.4080625353148,1764,96716
21,-1.45519152283669e-11,1764,96716
22,-1.45519152283669e-11,1764,96716
23,-25.4080625353148,1764,96716
1,-9.70127681891124e-12,1765,96704
2,-9.70127681891124e-12,1765,96704
3,-9.70127681891124e-12,1765,96704
4,-9.70127681891124e-12,1765,96704
5,-9.70127681891124e-12,1765,96704
6,-9.70127681891124e-12,1765,96704
7,-9.70127681891124e-12,1765,96704
8,-92.3725572732621,1765,96704
9,-9.70127681891124e-12,1765,96704
10,-9.70127681891124e-12,1765,96704
11,-9.70127681891124e-12,1765,96704
12,-9.70127681891124e-12,1765,96704
13,-9.70127681891124e-12,1765,96704
14,-28.6884111387657,1765,96704
15,-9.70127681891124e-12,1765,96704
16,-9.70127681891124e-12,1765,96704
17,-9.70127681891124e-12,1765,96704
18,-9.70127681891124e-12,1765,96704
19,-9.70127681891124e-12,1765,96704
20,-9.70127681891124e-12,1765,96704
21,-9.70127681891124e-12,1765,96704
22,-9.70127681891124e-12,1765,96704
23,-121.229755713095,1765,96704
1,-5.33570225040118e-12,1768,96727
2,-5.33570225040118e-12,1768,96727
3,-5.33570225040118e-12,1768,96727
4,-5.33570225040118e-12,1768,96727
5,-5.33570225040118e-12,1768,96727
6,-5.33570225040118e-12,1768,96727
7,-5.33570225040118e-12,1768,96727
8,-5.33570225040118e-12,1768,96727
9,-5.33570225040118e-12,1768,96727
10,-5.33570225040118e-12,1768,96727
11,-5.33570225040118e-12,1768,96727
12,-5.33570225040118e-12,1768,96727
13,-5.33570225040118e-12,1768,96727
14,-94.9305150489764,1768,96727
15,-5.33570225040118e-12,1768,96727
16,-5.33570225040118e-12,1768,96727
17,-5.33570225040118e-12,1768,96727
18,-5.33570225040118e-12,1768,96727
19,-5.33570225040118e-12,1768,96727
20,-5.33570225040118e-12,1768,96727
21,-5.33570225040118e-12,1768,96727
22,-5.33570225040118e-12,1768,96727
23,-94.9305150489764,1768,96727
1,6.3058299322923e-12,1771,96816
2,6.3058299322923e-12,1771,96816
3,6.3058299322923e-12,1771,96816
4,6.3058299322923e-12,1771,96816
5,6.3058299322923e-12,1771,96816
6,6.3058299322923e-12,1771,96816
7,6.3058299322923e-12,1771,96816
8,6.3058299322923e-12,1771,96816
9,6.3058299322923e-12,1771,96816
10,6.3058299322923e-12,1771,96816
11,6.3058299322923e-12,1771,96816
12,6.3058299322923e-12,1771,96816
13,6.3058299322923e-12,1771,96816
14,-95.1448890807495,1771,96816
15,6.3058299322923e-12,1771,96816
16,6.3058299322923e-12,1771,96816
17,6.3058299322923e-12,1771,96816
18,6.3058299322923e-12,1771,96816
19,6.3058299322923e-12,1771,96816
20,6.3058299322923e-12,1771,96816
21,6.3058299322923e-12,1771,96816
22,6.3058299322923e-12,1771,96816
23,-95.1448890807495,1771,96816
1,-2.91038304567338e-12,1775,96814
2,-2.91038304567338e-12,1775,96814
3,-2.91038304567338e-12,1775,96814
4,-2.91038304567338e-12,1775,96814
5,-2.91038304567338e-12,1775,96814
6,-41.2061607693278,1775,96814
7,-2.91038304567338e-12,1775,96814
8,-2.91038304567338e-12,1775,96814
9,-2.91038304567338e-12,1775,96814
10,-2.91038304567338e-12,1775,96814
11,-2.91038304567338e-12,1775,96814
12,-2.91038304567338e-12,1775,96814
13,-2.91038304567338e-12,1775,96814
14,-2.91038304567338e-12,1775,96814
15,-2.91038304567338e-12,1775,96814
16,-2.91038304567338e-12,1775,96814
17,-2.91038304567338e-12,1775,96814
18,-2.91038304567338e-12,1775,96814
19,-2.91038304567338e-12,1775,96814
20,-2.91038304567338e-12,1775,96814
21,-2.91038304567338e-12,1775,96814
22,-2.91038304567338e-12,1775,96814
23,-41.2061607808534,1775,96814
1,-1.06714045008024e-11,1779,96706
2,-1.06714045008024e-11,1779,96706
3,-1.06714045008024e-11,1779,96706
4,-1.06714045008024e-11,1779,96706
5,-1.06714045008024e-11,1779,96706
6,-34.2894257591552,1779,96706
7,-1.06714045008024e-11,1779,96706
8,-1.06714045008024e-11,1779,96706
9,-1.06714045008024e-11,1779,96706
10,-1.06714045008024e-11,1779,96706
11,-1.06714045008024e-11,1779,96706
12,-1.06714045008024e-11,1779,96706
13,-1.06714045008024e-11,1779,96706
14,-1.06714045008024e-11,1779,96706
15,-1.06714045008024e-11,1779,96706
16,-1.06714045008024e-11,1779,96706
17,-1.06714045008024e-11,1779,96706
18,-1.06714045008024e-11,1779,96706
19,-1.06714045008024e-11,1779,96706
20,-1.06714045008024e-11,1779,96706
21,-1.06714045008024e-11,1779,96706
22,-1.06714045008024e-11,1779,96706
23,-34.2894257591552,1779,96706
1,-9.70127681891124e-12,1785,96712
2,-9.70127681891124e-12,1785,96712
3,-9.70127681891124e-12,1785,96712
4,-9.70127681891124e-12,1785,96712
5,-9.70127681891124e-12,1785,96712
6,-9.70127681891124e-12,1785,96712
7,-9.70127681891124e-12,1785,96712
8,-9.70127681891124e-12,1785,96712
9,-9.70127681891124e-12,1785,96712
10,-9.70127681891124e-12,1785,96712
11,-9.70127681891124e-12,1785,96712
12,-9.70127681891124e-12,1785,96712
13,-9.70127681891124e-12,1785,96712
14,-9.70127681891124e-12,1785,96712
15,-35.5600348233934,1785,96712
16,-9.70127681891124e-12,1785,96712
17,-9.70127681891124e-12,1785,96712
18,-9.70127681891124e-12,1785,96712
19,-9.70127681891124e-12,1785,96712
20,-9.70127681891124e-12,1785,96712
21,-9.70127681891124e-12,1785,96712
22,-9.70127681891124e-12,1785,96712
23,-35.5600348233934,1785,96712
1,-1.45519152283669e-12,1798,96743
2,-1.45519152283669e-12,1798,96743
3,-1.45519152283669e-12,1798,96743
4,-1.45519152283669e-12,1798,96743
5,-1.45519152283669e-12,1798,96743
6,-1.45519152283669e-12,1798,96743
7,-1.45519152283669e-12,1798,96743
8,-1.45519152283669e-12,1798,96743
9,-1.45519152283669e-12,1798,96743
10,-1.45519152283669e-12,1798,96743
11,-1.45519152283669e-12,1798,96743
12,-1.45519152283669e-12,1798,96743
13,-1.45519152283669e-12,1798,96743
14,-1.45519152283669e-12,1798,96743
15,-1.45519152283669e-12,1798,96743
16,-1.45519152283669e-12,1798,96743
17,-1.45519152283669e-12,1798,96743
18,-1.45519152283669e-12,1798,96743
19,-1.45519152283669e-12,1798,96743
20,-24.6794445195953,1798,96743
21,-1.45519152283669e-12,1798,96743
22,-1.45519152283669e-12,1798,96743
23,-24.6794445195953,1798,96743
1,-1.26116598645846e-11,1799,96744
2,-1.26116598645846e-11,1799,96744
3,-1.26116598645846e-11,1799,96744
4,-1.26116598645846e-11,1799,96744
5,-1.26116598645846e-11,1799,96744
6,-1.26116598645846e-11,1799,96744
7,-1.26116598645846e-11,1799,96744
8,-1.26116598645846e-11,1799,96744
9,-1.26116598645846e-11,1799,96744
10,-1.26116598645846e-11,1799,96744
11,-1.26116598645846e-11,1799,96744
12,-1.26116598645846e-11,1799,96744
13,-1.26116598645846e-11,1799,96744
14,-1.26116598645846e-11,1799,96744
15,-21.3512135837392,1799,96744
16,-1.26116598645846e-11,1799,96744
17,-1.26116598645846e-11,1799,96744
18,-1.26116598645846e-11,1799,96744
19,-1.26116598645846e-11,1799,96744
20,-1.26116598645846e-11,1799,96744
21,-1.26116598645846e-11,1799,96744
22,-1.26116598645846e-11,1799,96744
23,-21.3512135903205,1799,96744
1,-6.3058299322923e-12,1800,96819
2,-6.3058299322923e-12,1800,96819
3,-6.3058299322923e-12,1800,96819
4,-6.3058299322923e-12,1800,96819
5,-6.3058299322923e-12,1800,96819
6,-6.3058299322923e-12,1800,96819
7,-6.3058299322923e-12,1800,96819
8,-6.3058299322923e-12,1800,96819
9,-6.3058299322923e-12,1800,96819
10,-6.3058299322923e-12,1800,96819
11,-6.3058299322923e-12,1800,96819
12,-6.3058299322923e-12,1800,96819
13,-6.3058299322923e-12,1800,96819
14,-21.6589578506139,1800,96819
15,-6.3058299322923e-12,1800,96819
16,-6.3058299322923e-12,1800,96819
17,-6.3058299322923e-12,1800,96819
18,-6.3058299322923e-12,1800,96819
19,-6.3058299322923e-12,1800,96819
20,-6.3058299322923e-12,1800,96819
21,-6.3058299322923e-12,1800,96819
22,-6.3058299322923e-12,1800,96819
23,-21.6589578506139,1800,96819
1,2.91038304567337e-12,1802,96754
2,2.91038304567337e-12,1802,96754
3,2.91038304567337e-12,1802,96754
4,2.91038304567337e-12,1802,96754
5,2.91038304567337e-12,1802,96754
6,2.91038304567337e-12,1802,96754
7,2.91038304567337e-12,1802,96754
8,2.91038304567337e-12,1802,96754
9,2.91038304567337e-12,1802,96754
10,2.91038304567337e-12,1802,96754
11,2.91038304567337e-12,1802,96754
12,2.91038304567337e-12,1802,96754
13,2.91038304567337e-12,1802,96754
14,2.91038304567337e-12,1802,96754
15,-30.8395239703433,1802,96754
16,2.91038304567337e-12,1802,96754
17,-29.9661784069193,1802,96754
18,2.91038304567337e-12,1802,96754
19,2.91038304567337e-12,1802,96754
20,2.91038304567337e-12,1802,96754
21,2.91038304567337e-12,1802,96754
22,2.91038304567337e-12,1802,96754
23,-60.8965573775577,1802,96754
1,-4.12304264803728e-12,1808,96714
2,-4.12304264803728e-12,1808,96714
3,-4.12304264803728e-12,1808,96714
4,-4.12304264803728e-12,1808,96714
5,-4.12304264803728e-12,1808,96714
6,-4.12304264803728e-12,1808,96714
7,-4.12304264803728e-12,1808,96714
8,-4.12304264803728e-12,1808,96714
9,-4.12304264803728e-12,1808,96714
10,-4.12304264803728e-12,1808,96714
11,-4.12304264803728e-12,1808,96714
12,-4.12304264803728e-12,1808,96714
13,-4.12304264803728e-12,1808,96714
14,-78.4380626550895,1808,96714
15,-4.12304264803728e-12,1808,96714
16,-4.12304264803728e-12,1808,96714
17,-4.12304264803728e-12,1808,96714
18,-4.12304264803728e-12,1808,96714
19,-4.12304264803728e-12,1808,96714
20,-4.12304264803728e-12,1808,96714
21,-4.12304264803728e-12,1808,96714
22,-4.12304264803728e-12,1808,96714
23,-78.4380626577302,1808,96714
1,-1.30967237055302e-11,1816,96822
2,-1.30967237055302e-11,1816,96822
3,-1.30967237055302e-11,1816,96822
4,-1.30967237055302e-11,1816,96822
5,-1.30967237055302e-11,1816,96822
6,-1.30967237055302e-11,1816,96822
7,-1.30967237055302e-11,1816,96822
8,-1.30967237055302e-11,1816,96822
9,-1.30967237055302e-11,1816,96822
10,-1.30967237055302e-11,1816,96822
11,-1.30967237055302e-11,1816,96822
12,-1.30967237055302e-11,1816,96822
13,-1.30967237055302e-11,1816,96822
14,-26.2945294578298,1816,96822
15,-1.30967237055302e-11,1816,96822
16,-1.30967237055302e-11,1816,96822
17,-1.30967237055302e-11,1816,96822
18,-1.30967237055302e-11,1816,96822
19,-1.30967237055302e-11,1816,96822
20,-1.30967237055302e-11,1816,96822
21,-1.30967237055302e-11,1816,96822
22,-1.30967237055302e-11,1816,96822
23,-26.2945294578298,1816,96822
1,-1.94025536378225e-12,1818,96722
2,-1.94025536378225e-12,1818,96722
3,-1.94025536378225e-12,1818,96722
4,-1.94025536378225e-12,1818,96722
5,-1.94025536378225e-12,1818,96722
6,-25.417617964788,1818,96722
7,-1.94025536378225e-12,1818,96722
8,-1.94025536378225e-12,1818,96722
9,-1.94025536378225e-12,1818,96722
10,-1.94025536378225e-12,1818,96722
11,-1.94025536378225e-12,1818,96722
12,-1.94025536378225e-12,1818,96722
13,-1.94025536378225e-12,1818,96722
14,-1.94025536378225e-12,1818,96722
15,-1.94025536378225e-12,1818,96722
16,-1.94025536378225e-12,1818,96722
17,-1.94025536378225e-12,1818,96722
18,-1.94025536378225e-12,1818,96722
19,-1.94025536378225e-12,1818,96722
20,-1.94025536378225e-12,1818,96722
21,-1.94025536378225e-12,1818,96722
22,-1.94025536378225e-12,1818,96722
23,-25.4176179652733,1818,96722
1,-1.45519152283667e-12,1825,96744
2,-1.45519152283667e-12,1825,96744
3,-1.45519152283667e-12,1825,96744
4,-1.45519152283667e-12,1825,96744
5,-1.45519152283667e-12,1825,96744
6,-1.45519152283667e-12,1825,96744
7,-1.45519152283667e-12,1825,96744
8,-1.45519152283667e-12,1825,96744
9,-1.45519152283667e-12,1825,96744
10,-1.45519152283667e-12,1825,96744
11,-1.45519152283667e-12,1825,96744
12,-1.45519152283667e-12,1825,96744
13,-1.45519152283667e-12,1825,96744
14,-18.8421258760262,1825,96744
15,-1.45519152283667e-12,1825,96744
16,-1.45519152283667e-12,1825,96744
17,-1.45519152283667e-12,1825,96744
18,-1.45519152283667e-12,1825,96744
19,-1.45519152283667e-12,1825,96744
20,-1.45519152283667e-12,1825,96744
21,-1.45519152283667e-12,1825,96744
22,-1.45519152283667e-12,1825,96744
23,-18.8421258760262,1825,96744
1,-1.50369790693124e-11,1830,96701
2,-1.50369790693124e-11,1830,96701
3,-1.50369790693124e-11,1830,96701
4,-1.50369790693124e-11,1830,96701
5,-1.50369790693124e-11,1830,96701
6,-1.50369790693124e-11,1830,96701
7,-1.50369790693124e-11,1830,96701
8,-6.06892347012957,1830,96701
9,-1.50369790693124e-11,1830,96701
10,-1.50369790693124e-11,1830,96701
11,-1.50369790693124e-11,1830,96701
12,-1.50369790693124e-11,1830,96701
13,-1.50369790693124e-11,1830,96701
14,-1.50369790693124e-11,1830,96701
15,-1.50369790693124e-11,1830,96701
16,-1.50369790693124e-11,1830,96701
17,-1.50369790693124e-11,1830,96701
18,-1.50369790693124e-11,1830,96701
19,-1.50369790693124e-11,1830,96701
20,-1.50369790693124e-11,1830,96701
21,-1.50369790693124e-11,1830,96701
22,-1.50369790693124e-11,1830,96701
23,-6.06892347012957,1830,96701
1,-4.36557456851005e-12,1850,96720
2,-4.36557456851005e-12,1850,96720
3,-4.36557456851005e-12,1850,96720
4,-4.36557456851005e-12,1850,96720
5,-4.36557456851005e-12,1850,96720
6,-4.36557456851005e-12,1850,96720
7,-4.36557456851005e-12,1850,96720
8,-4.36557456851005e-12,1850,96720
9,-4.36557456851005e-12,1850,96720
10,-4.36557456851005e-12,1850,96720
11,-4.36557456851005e-12,1850,96720
12,-4.36557456851005e-12,1850,96720
13,-4.36557456851005e-12,1850,96720
14,-4.36557456851005e-12,1850,96720
15,-4.36557456851005e-12,1850,96720
16,-4.36557456851005e-12,1850,96720
17,-30.7254500425639,1850,96720
18,-4.36557456851005e-12,1850,96720
19,-4.36557456851005e-12,1850,96720
20,-4.36557456851005e-12,1850,96720
21,-4.36557456851005e-12,1850,96720
22,-4.36557456851005e-12,1850,96720
23,-30.7254500425639,1850,96720
1,9.21621297796568e-12,5540,96786
2,-8.85751170027332,5540,96786
3,9.21621297796568e-12,5540,96786
4,9.21621297796568e-12,5540,96786
5,9.21621297796568e-12,5540,96786
6,9.21621297796568e-12,5540,96786
7,9.21621297796568e-12,5540,96786
8,9.21621297796568e-12,5540,96786
9,9.21621297796568e-12,5540,96786
10,9.21621297796568e-12,5540,96786
11,-7.70195863037359,5540,96786
12,9.21621297796568e-12,5540,96786
13,9.21621297796568e-12,5540,96786
14,9.21621297796568e-12,5540,96786
15,-39.3621695175549,5540,96786
16,9.21621297796568e-12,5540,96786
17,9.21621297796568e-12,5540,96786
18,9.21621297796568e-12,5540,96786
19,9.21621297796568e-12,5540,96786
20,9.21621297796568e-12,5540,96786
21,9.21621297796568e-12,5540,96786
22,9.21621297796568e-12,5540,96786
23,-55.9781579880117,5540,96786
1,2.4253192047278e-12,1869,96741
2,2.4253192047278e-12,1869,96741
3,2.4253192047278e-12,1869,96741
4,2.4253192047278e-12,1869,96741
5,2.4253192047278e-12,1869,96741
6,2.4253192047278e-12,1869,96741
7,2.4253192047278e-12,1869,96741
8,2.4253192047278e-12,1869,96741
9,2.4253192047278e-12,1869,96741
10,2.4253192047278e-12,1869,96741
11,-117.469168675379,1869,96741
12,2.4253192047278e-12,1869,96741
13,2.4253192047278e-12,1869,96741
14,2.4253192047278e-12,1869,96741
15,-127.822207656127,1869,96741
16,2.4253192047278e-12,1869,96741
17,-122.743342981377,1869,96741
18,2.4253192047278e-12,1869,96741
19,2.4253192047278e-12,1869,96741
20,2.4253192047278e-12,1869,96741
21,2.4253192047278e-12,1869,96741
22,2.4253192047278e-12,1869,96741
23,-372.830555560173,1869,96741
1,2.42531920472781e-12,1884,96786
2,2.42531920472781e-12,1884,96786
3,2.42531920472781e-12,1884,96786
4,2.42531920472781e-12,1884,96786
5,2.42531920472781e-12,1884,96786
6,2.42531920472781e-12,1884,96786
7,2.42531920472781e-12,1884,96786
8,2.42531920472781e-12,1884,96786
9,2.42531920472781e-12,1884,96786
10,2.42531920472781e-12,1884,96786
11,2.42531920472781e-12,1884,96786
12,2.42531920472781e-12,1884,96786
13,2.42531920472781e-12,1884,96786
14,2.42531920472781e-12,1884,96786
15,2.42531920472781e-12,1884,96786
16,2.42531920472781e-12,1884,96786
17,2.42531920472781e-12,1884,96786
18,2.42531920472781e-12,1884,96786
19,2.42531920472781e-12,1884,96786
20,2.42531920472781e-12,1884,96786
21,-458.355777221911,1884,96786
22,2.42531920472781e-12,1884,96786
23,-458.355777601532,1884,96786
1,-1.16415321826935e-11,1893,96813
2,-1.16415321826935e-11,1893,96813
3,-1.16415321826935e-11,1893,96813
4,-1.16415321826935e-11,1893,96813
5,-1.16415321826935e-11,1893,96813
6,-1.16415321826935e-11,1893,96813
7,-1.16415321826935e-11,1893,96813
8,-1.16415321826935e-11,1893,96813
9,-1.16415321826935e-11,1893,96813
10,-1.16415321826935e-11,1893,96813
11,-1.16415321826935e-11,1893,96813
12,-1.16415321826935e-11,1893,96813
13,-1.16415321826935e-11,1893,96813
14,-118.43208879069,1893,96813
15,-1.16415321826935e-11,1893,96813
16,-1.16415321826935e-11,1893,96813
17,-1.16415321826935e-11,1893,96813
18,-1.16415321826935e-11,1893,96813
19,-1.16415321826935e-11,1893,96813
20,-1.16415321826935e-11,1893,96813
21,-1.16415321826935e-11,1893,96813
22,-1.16415321826935e-11,1893,96813
23,-118.432088792284,1893,96813
1,4.85063840945562e-12,1892,96822
2,4.85063840945562e-12,1892,96822
3,4.85063840945562e-12,1892,96822
4,4.85063840945562e-12,1892,96822
5,4.85063840945562e-12,1892,96822
6,4.85063840945562e-12,1892,96822
7,4.85063840945562e-12,1892,96822
8,4.85063840945562e-12,1892,96822
9,4.85063840945562e-12,1892,96822
10,4.85063840945562e-12,1892,96822
11,-123.68742840931,1892,96822
12,4.85063840945562e-12,1892,96822
13,4.85063840945562e-12,1892,96822
14,4.85063840945562e-12,1892,96822
15,4.85063840945562e-12,1892,96822
16,4.85063840945562e-12,1892,96822
17,4.85063840945562e-12,1892,96822
18,4.85063840945562e-12,1892,96822
19,4.85063840945562e-12,1892,96822
20,-448.46582978808,1892,96822
21,4.85063840945562e-12,1892,96822
22,4.85063840945562e-12,1892,96822
23,-575.13886690781,1892,96822
1,-5.33570225040118e-12,5547,96720
2,-5.33570225040118e-12,5547,96720
3,-5.33570225040118e-12,5547,96720
4,-5.33570225040118e-12,5547,96720
5,-5.33570225040118e-12,5547,96720
6,-69.4819100798845,5547,96720
7,-5.33570225040118e-12,5547,96720
8,-5.33570225040118e-12,5547,96720
9,-5.33570225040118e-12,5547,96720
10,-5.33570225040118e-12,5547,96720
11,-5.33570225040118e-12,5547,96720
12,-5.33570225040118e-12,5547,96720
13,-5.33570225040118e-12,5547,96720
14,-5.33570225040118e-12,5547,96720
15,-5.33570225040118e-12,5547,96720
16,-5.33570225040118e-12,5547,96720
17,-5.33570225040118e-12,5547,96720
18,-5.33570225040118e-12,5547,96720
19,-5.33570225040118e-12,5547,96720
20,-5.33570225040118e-12,5547,96720
21,-5.33570225040118e-12,5547,96720
22,-5.33570225040118e-12,5547,96720
23,-69.4819100799762,5547,96720
1,-9.70127681891124e-12,1896,96816
2,-9.70127681891124e-12,1896,96816
3,-9.70127681891124e-12,1896,96816
4,-9.70127681891124e-12,1896,96816
5,-9.70127681891124e-12,1896,96816
6,-14.1967487680097,1896,96816
7,-9.70127681891124e-12,1896,96816
8,-9.70127681891124e-12,1896,96816
9,-9.70127681891124e-12,1896,96816
10,-9.70127681891124e-12,1896,96816
11,-9.70127681891124e-12,1896,96816
12,-9.70127681891124e-12,1896,96816
13,-9.70127681891124e-12,1896,96816
14,-9.70127681891124e-12,1896,96816
15,-9.70127681891124e-12,1896,96816
16,-9.70127681891124e-12,1896,96816
17,-9.70127681891124e-12,1896,96816
18,-9.70127681891124e-12,1896,96816
19,-9.70127681891124e-12,1896,96816
20,-9.70127681891124e-12,1896,96816
21,-9.70127681891124e-12,1896,96816
22,-9.70127681891124e-12,1896,96816
23,-14.1967487698261,1896,96816
1,-6.3058299322923e-12,5550,96744
2,-6.3058299322923e-12,5550,96744
3,-6.3058299322923e-12,5550,96744
4,-6.3058299322923e-12,5550,96744
5,-6.3058299322923e-12,5550,96744
6,-6.3058299322923e-12,5550,96744
7,-6.3058299322923e-12,5550,96744
8,-6.3058299322923e-12,5550,96744
9,-6.3058299322923e-12,5550,96744
10,-6.3058299322923e-12,5550,96744
11,-6.3058299322923e-12,5550,96744
12,-6.3058299322923e-12,5550,96744
13,-6.3058299322923e-12,5550,96744
14,-33.2171910076834,5550,96744
15,-6.3058299322923e-12,5550,96744
16,-6.3058299322923e-12,5550,96744
17,-6.3058299322923e-12,5550,96744
18,-6.3058299322923e-12,5550,96744
19,-6.3058299322923e-12,5550,96744
20,-6.3058299322923e-12,5550,96744
21,-6.3058299322923e-12,5550,96744
22,-6.3058299322923e-12,5550,96744
23,-33.2171910076834,5550,96744
1,-9.21621297796568e-12,1912,96708
2,-9.21621297796568e-12,1912,96708
3,-9.21621297796568e-12,1912,96708
4,-9.21621297796568e-12,1912,96708
5,-9.21621297796568e-12,1912,96708
6,-9.21621297796568e-12,1912,96708
7,-9.21621297796568e-12,1912,96708
8,-9.21621297796568e-12,1912,96708
9,-9.21621297796568e-12,1912,96708
10,-9.21621297796568e-12,1912,96708
11,-9.21621297796568e-12,1912,96708
12,-9.21621297796568e-12,1912,96708
13,-9.21621297796568e-12,1912,96708
14,-9.21621297796568e-12,1912,96708
15,-9.21621297796568e-12,1912,96708
16,-9.21621297796568e-12,1912,96708
17,-15.9434308001109,1912,96708
18,-9.21621297796568e-12,1912,96708
19,-9.21621297796568e-12,1912,96708
20,-9.21621297796568e-12,1912,96708
21,-9.21621297796568e-12,1912,96708
22,-9.21621297796568e-12,1912,96708
23,-15.9434308007554,1912,96708
1,-4.36557456851005e-12,1919,96817
2,-4.36557456851005e-12,1919,96817
3,-18.8284519200999,1919,96817
4,-4.36557456851005e-12,1919,96817
5,-4.36557456851005e-12,1919,96817
6,-4.36557456851005e-12,1919,96817
7,-4.36557456851005e-12,1919,96817
8,-4.36557456851005e-12,1919,96817
9,-4.36557456851005e-12,1919,96817
10,-4.36557456851005e-12,1919,96817
11,-17.1540119275213,1919,96817
12,-4.36557456851005e-12,1919,96817
13,-4.36557456851005e-12,1919,96817
14,-4.36557456851005e-12,1919,96817
15,-4.36557456851005e-12,1919,96817
16,-4.36557456851005e-12,1919,96817
17,-4.36557456851005e-12,1919,96817
18,-4.36557456851005e-12,1919,96817
19,-4.36557456851005e-12,1919,96817
20,-4.36557456851005e-12,1919,96817
21,-4.36557456851005e-12,1919,96817
22,-4.36557456851005e-12,1919,96817
23,-36.0151341783921,1919,96817
1,-6.79089377323786e-12,1920,96782
2,-6.79089377323786e-12,1920,96782
3,-6.79089377323786e-12,1920,96782
4,-6.79089377323786e-12,1920,96782
5,-6.79089377323786e-12,1920,96782
6,-6.79089377323786e-12,1920,96782
7,-6.79089377323786e-12,1920,96782
8,-6.79089377323786e-12,1920,96782
9,-6.79089377323786e-12,1920,96782
10,-6.79089377323786e-12,1920,96782
11,-6.79089377323786e-12,1920,96782
12,-6.79089377323786e-12,1920,96782
13,-6.79089377323786e-12,1920,96782
14,-6.79089377323786e-12,1920,96782
15,-114.795165541842,1920,96782
16,-6.79089377323786e-12,1920,96782
17,-6.79089377323786e-12,1920,96782
18,-6.79089377323786e-12,1920,96782
19,-6.79089377323786e-12,1920,96782
20,-6.79089377323786e-12,1920,96782
21,-6.79089377323786e-12,1920,96782
22,-6.79089377323786e-12,1920,96782
23,-114.795166184518,1920,96782
1,-1.01863406598568e-11,5559,96744
2,-1.01863406598568e-11,5559,96744
3,-1.01863406598568e-11,5559,96744
4,-1.01863406598568e-11,5559,96744
5,-1.01863406598568e-11,5559,96744
6,-1.01863406598568e-11,5559,96744
7,-1.01863406598568e-11,5559,96744
8,-1.01863406598568e-11,5559,96744
9,-1.01863406598568e-11,5559,96744
10,-1.01863406598568e-11,5559,96744
11,-1.01863406598568e-11,5559,96744
12,-1.01863406598568e-11,5559,96744
13,-1.01863406598568e-11,5559,96744
14,-1.01863406598568e-11,5559,96744
15,-36.3541006058881,5559,96744
16,-1.01863406598568e-11,5559,96744
17,-1.01863406598568e-11,5559,96744
18,-1.01863406598568e-11,5559,96744
19,-1.01863406598568e-11,5559,96744
20,-1.01863406598568e-11,5559,96744
21,-1.01863406598568e-11,5559,96744
22,-1.01863406598568e-11,5559,96744
23,-36.3541006058881,5559,96744
1,-9.64952130308544,1960,96756
2,-6.3058299322923e-12,1960,96756
3,-6.3058299322923e-12,1960,96756
4,-6.3058299322923e-12,1960,96756
5,-6.3058299322923e-12,1960,96756
6,-6.3058299322923e-12,1960,96756
7,-6.3058299322923e-12,1960,96756
8,-6.3058299322923e-12,1960,96756
9,-6.3058299322923e-12,1960,96756
10,-6.3058299322923e-12,1960,96756
11,-6.3058299322923e-12,1960,96756
12,-6.3058299322923e-12,1960,96756
13,-6.3058299322923e-12,1960,96756
14,-6.3058299322923e-12,1960,96756
15,-6.3058299322923e-12,1960,96756
16,-6.3058299322923e-12,1960,96756
17,-6.3058299322923e-12,1960,96756
18,-6.3058299322923e-12,1960,96756
19,-6.3058299322923e-12,1960,96756
20,-6.3058299322923e-12,1960,96756
21,-6.3058299322923e-12,1960,96756
22,-6.3058299322923e-12,1960,96756
23,-9.64952130308544,1960,96756
1,-7.27595761418343e-12,5562,96705
2,-7.27595761418343e-12,5562,96705
3,-7.27595761418343e-12,5562,96705
4,-7.27595761418343e-12,5562,96705
5,-7.27595761418343e-12,5562,96705
6,-7.27595761418343e-12,5562,96705
7,-7.27595761418343e-12,5562,96705
8,-7.27595761418343e-12,5562,96705
9,-7.27595761418343e-12,5562,96705
10,-7.27595761418343e-12,5562,96705
11,-119.49494846575,5562,96705
12,-7.27595761418343e-12,5562,96705
13,-7.27595761418343e-12,5562,96705
14,-7.27595761418343e-12,5562,96705
15,-7.27595761418343e-12,5562,96705
16,-7.27595761418343e-12,5562,96705
17,-7.27595761418343e-12,5562,96705
18,-7.27595761418343e-12,5562,96705
19,-7.27595761418343e-12,5562,96705
20,-7.27595761418343e-12,5562,96705
21,-7.27595761418343e-12,5562,96705
22,-7.27595761418343e-12,5562,96705
23,-119.49494846575,5562,96705
1,-1.11564683417479e-11,1962,96822
2,-1.11564683417479e-11,1962,96822
3,-1.11564683417479e-11,1962,96822
4,-1.11564683417479e-11,1962,96822
5,-1.11564683417479e-11,1962,96822
6,-1.11564683417479e-11,1962,96822
7,-1.11564683417479e-11,1962,96822
8,-1.11564683417479e-11,1962,96822
9,-1.11564683417479e-11,1962,96822
10,-1.11564683417479e-11,1962,96822
11,-1.11564683417479e-11,1962,96822
12,-1.11564683417479e-11,1962,96822
13,-10.1614490047112,1962,96822
14,-1.11564683417479e-11,1962,96822
15,-1.11564683417479e-11,1962,96822
16,-1.11564683417479e-11,1962,96822
17,-1.11564683417479e-11,1962,96822
18,-1.11564683417479e-11,1962,96822
19,-1.11564683417479e-11,1962,96822
20,-1.11564683417479e-11,1962,96822
21,-1.11564683417479e-11,1962,96822
22,-1.11564683417479e-11,1962,96822
23,-10.1614490047112,1962,96822
1,0,1966,96746
2,0,1966,96746
3,0,1966,96746
4,0,1966,96746
5,0,1966,96746
6,0,1966,96746
7,0,1966,96746
8,-28.5940649932493,1966,96746
9,0,1966,96746
10,0,1966,96746
11,0,1966,96746
12,0,1966,96746
13,0,1966,96746
14,0,1966,96746
15,0,1966,96746
16,0,1966,96746
17,0,1966,96746
18,0,1966,96746
19,0,1966,96746
20,0,1966,96746
21,0,1966,96746
22,0,1966,96746
23,-28.5940649932493,1966,96746
1,-1.45519152283667e-12,5563,96756
2,-1.45519152283667e-12,5563,96756
3,-1.45519152283667e-12,5563,96756
4,-1.45519152283667e-12,5563,96756
5,-1.45519152283667e-12,5563,96756
6,-1.45519152283667e-12,5563,96756
7,-1.45519152283667e-12,5563,96756
8,-1.45519152283667e-12,5563,96756
9,-1.45519152283667e-12,5563,96756
10,-1.45519152283667e-12,5563,96756
11,-1.45519152283667e-12,5563,96756
12,-1.45519152283667e-12,5563,96756
13,-1.45519152283667e-12,5563,96756
14,-18.8421258760262,5563,96756
15,-1.45519152283667e-12,5563,96756
16,-1.45519152283667e-12,5563,96756
17,-1.45519152283667e-12,5563,96756
18,-1.45519152283667e-12,5563,96756
19,-1.45519152283667e-12,5563,96756
20,-1.45519152283667e-12,5563,96756
21,-1.45519152283667e-12,5563,96756
22,-1.45519152283667e-12,5563,96756
23,-18.8421258760262,5563,96756
1,9.70127681891127e-13,1971,96822
2,9.70127681891127e-13,1971,96822
3,-111.281475375515,1971,96822
4,9.70127681891127e-13,1971,96822
5,9.70127681891127e-13,1971,96822
6,9.70127681891127e-13,1971,96822
7,9.70127681891127e-13,1971,96822
8,9.70127681891127e-13,1971,96822
9,9.70127681891127e-13,1971,96822
10,9.70127681891127e-13,1971,96822
11,9.70127681891127e-13,1971,96822
12,9.70127681891127e-13,1971,96822
13,9.70127681891127e-13,1971,96822
14,9.70127681891127e-13,1971,96822
15,9.70127681891127e-13,1971,96822
16,9.70127681891127e-13,1971,96822
17,9.70127681891127e-13,1971,96822
18,9.70127681891127e-13,1971,96822
19,9.70127681891127e-13,1971,96822
20,9.70127681891127e-13,1971,96822
21,9.70127681891127e-13,1971,96822
22,9.70127681891127e-13,1971,96822
23,-111.281475475361,1971,96822
1,-2.42531920472781e-12,1972,96813
2,-2.42531920472781e-12,1972,96813
3,-2.42531920472781e-12,1972,96813
4,-2.42531920472781e-12,1972,96813
5,-2.42531920472781e-12,1972,96813
6,-2.42531920472781e-12,1972,96813
7,-2.42531920472781e-12,1972,96813
8,-2.42531920472781e-12,1972,96813
9,-2.42531920472781e-12,1972,96813
10,-2.42531920472781e-12,1972,96813
11,-2.42531920472781e-12,1972,96813
12,-2.42531920472781e-12,1972,96813
13,-2.42531920472781e-12,1972,96813
14,-21.854463916838,1972,96813
15,-2.42531920472781e-12,1972,96813
16,-2.42531920472781e-12,1972,96813
17,-2.42531920472781e-12,1972,96813
18,-2.42531920472781e-12,1972,96813
19,-2.42531920472781e-12,1972,96813
20,-2.42531920472781e-12,1972,96813
21,-2.42531920472781e-12,1972,96813
22,-2.42531920472781e-12,1972,96813
23,-21.854463916838,1972,96813
1,-1.45519152283669e-12,1976,96818
2,-1.45519152283669e-12,1976,96818
3,-1.45519152283669e-12,1976,96818
4,-1.45519152283669e-12,1976,96818
5,-1.45519152283669e-12,1976,96818
6,-1.45519152283669e-12,1976,96818
7,-1.45519152283669e-12,1976,96818
8,-1.45519152283669e-12,1976,96818
9,-1.45519152283669e-12,1976,96818
10,-1.45519152283669e-12,1976,96818
11,-1.45519152283669e-12,1976,96818
12,-1.45519152283669e-12,1976,96818
13,-1.45519152283669e-12,1976,96818
14,-1.45519152283669e-12,1976,96818
15,-1.45519152283669e-12,1976,96818
16,-23.1472535305909,1976,96818
17,-1.45519152283669e-12,1976,96818
18,-1.45519152283669e-12,1976,96818
19,-1.45519152283669e-12,1976,96818
20,-1.45519152283669e-12,1976,96818
21,-1.45519152283669e-12,1976,96818
22,-1.45519152283669e-12,1976,96818
23,-23.1472535305909,1976,96818
1,-1.45519152283667e-12,1986,96716
2,-1.45519152283667e-12,1986,96716
3,-1.45519152283667e-12,1986,96716
4,-1.45519152283667e-12,1986,96716
5,-1.45519152283667e-12,1986,96716
6,-1.45519152283667e-12,1986,96716
7,-1.45519152283667e-12,1986,96716
8,-1.45519152283667e-12,1986,96716
9,-1.45519152283667e-12,1986,96716
10,-1.45519152283667e-12,1986,96716
11,-1.45519152283667e-12,1986,96716
12,-1.45519152283667e-12,1986,96716
13,-1.45519152283667e-12,1986,96716
14,-18.8421258760262,1986,96716
15,-1.45519152283667e-12,1986,96716
16,-1.45519152283667e-12,1986,96716
17,-1.45519152283667e-12,1986,96716
18,-1.45519152283667e-12,1986,96716
19,-1.45519152283667e-12,1986,96716
20,-1.45519152283667e-12,1986,96716
21,-1.45519152283667e-12,1986,96716
22,-1.45519152283667e-12,1986,96716
23,-18.8421258760262,1986,96716
1,-1.06714045008024e-11,1993,96766
2,-1.06714045008024e-11,1993,96766
3,-1.06714045008024e-11,1993,96766
4,-1.06714045008024e-11,1993,96766
5,-1.06714045008024e-11,1993,96766
6,-34.2894257591552,1993,96766
7,-1.06714045008024e-11,1993,96766
8,-1.06714045008024e-11,1993,96766
9,-1.06714045008024e-11,1993,96766
10,-1.06714045008024e-11,1993,96766
11,-1.06714045008024e-11,1993,96766
12,-1.06714045008024e-11,1993,96766
13,-1.06714045008024e-11,1993,96766
14,-1.06714045008024e-11,1993,96766
15,-1.06714045008024e-11,1993,96766
16,-1.06714045008024e-11,1993,96766
17,-1.06714045008024e-11,1993,96766
18,-1.06714045008024e-11,1993,96766
19,-1.06714045008024e-11,1993,96766
20,-1.06714045008024e-11,1993,96766
21,-1.06714045008024e-11,1993,96766
22,-1.06714045008024e-11,1993,96766
23,-34.2894257591552,1993,96766
1,-6.79089377323786e-12,2002,96815
2,-6.79089377323786e-12,2002,96815
3,-6.79089377323786e-12,2002,96815
4,-6.79089377323786e-12,2002,96815
5,-6.79089377323786e-12,2002,96815
6,-6.79089377323786e-12,2002,96815
7,-6.79089377323786e-12,2002,96815
8,-6.79089377323786e-12,2002,96815
9,-6.79089377323786e-12,2002,96815
10,-6.79089377323786e-12,2002,96815
11,-6.79089377323786e-12,2002,96815
12,-6.79089377323786e-12,2002,96815
13,-6.79089377323786e-12,2002,96815
14,-6.79089377323786e-12,2002,96815
15,-6.79089377323786e-12,2002,96815
16,-6.79089377323786e-12,2002,96815
17,-6.79089377323786e-12,2002,96815
18,-6.79089377323786e-12,2002,96815
19,-6.79089377323786e-12,2002,96815
20,-121.289709512877,2002,96815
21,-6.79089377323786e-12,2002,96815
22,-6.79089377323786e-12,2002,96815
23,-121.289709889668,2002,96815
1,-1.11564683417479e-11,2012,96816
2,-1.11564683417479e-11,2012,96816
3,-1.11564683417479e-11,2012,96816
4,-1.11564683417479e-11,2012,96816
5,-1.11564683417479e-11,2012,96816
6,-1.11564683417479e-11,2012,96816
7,-1.11564683417479e-11,2012,96816
8,-1.11564683417479e-11,2012,96816
9,-1.11564683417479e-11,2012,96816
10,-1.11564683417479e-11,2012,96816
11,-1.11564683417479e-11,2012,96816
12,-1.11564683417479e-11,2012,96816
13,-1.11564683417479e-11,2012,96816
14,-1.11564683417479e-11,2012,96816
15,-30.8395066520243,2012,96816
16,-1.11564683417479e-11,2012,96816
17,-1.11564683417479e-11,2012,96816
18,-1.11564683417479e-11,2012,96816
19,-1.11564683417479e-11,2012,96816
20,-1.11564683417479e-11,2012,96816
21,-1.11564683417479e-11,2012,96816
22,-1.11564683417479e-11,2012,96816
23,-30.8395066520243,2012,96816
1,-1.60071067512035e-11,2032,96791
2,-1.60071067512035e-11,2032,96791
3,-1.60071067512035e-11,2032,96791
4,-1.60071067512035e-11,2032,96791
5,-1.60071067512035e-11,2032,96791
6,-1.60071067512035e-11,2032,96791
7,-1.60071067512035e-11,2032,96791
8,-1.60071067512035e-11,2032,96791
9,-1.60071067512035e-11,2032,96791
10,-1.60071067512035e-11,2032,96791
11,-1.60071067512035e-11,2032,96791
12,-1.60071067512035e-11,2032,96791
13,-1.60071067512035e-11,2032,96791
14,-26.2325059965103,2032,96791
15,-1.60071067512035e-11,2032,96791
16,-1.60071067512035e-11,2032,96791
17,-1.60071067512035e-11,2032,96791
18,-1.60071067512035e-11,2032,96791
19,-1.60071067512035e-11,2032,96791
20,-1.60071067512035e-11,2032,96791
21,-1.60071067512035e-11,2032,96791
22,-1.60071067512035e-11,2032,96791
23,-26.2325059965103,2032,96791
1,-4.85063840945561e-13,2043,96815
2,-4.85063840945561e-13,2043,96815
3,-4.85063840945561e-13,2043,96815
4,-4.85063840945561e-13,2043,96815
5,-4.85063840945561e-13,2043,96815
6,-26.7539533765126,2043,96815
7,-4.85063840945561e-13,2043,96815
8,-4.85063840945561e-13,2043,96815
9,-4.85063840945561e-13,2043,96815
10,-4.85063840945561e-13,2043,96815
11,-4.85063840945561e-13,2043,96815
12,-4.85063840945561e-13,2043,96815
13,-4.85063840945561e-13,2043,96815
14,-4.85063840945561e-13,2043,96815
15,-4.85063840945561e-13,2043,96815
16,-4.85063840945561e-13,2043,96815
17,-4.85063840945561e-13,2043,96815
18,-4.85063840945561e-13,2043,96815
19,-4.85063840945561e-13,2043,96815
20,-4.85063840945561e-13,2043,96815
21,-4.85063840945561e-13,2043,96815
22,-4.85063840945561e-13,2043,96815
23,-26.7539533787567,2043,96815
1,-1.01863406598568e-11,2066,96706
2,-1.01863406598568e-11,2066,96706
3,-1.01863406598568e-11,2066,96706
4,-1.01863406598568e-11,2066,96706
5,-1.01863406598568e-11,2066,96706
6,-1.01863406598568e-11,2066,96706
7,-1.01863406598568e-11,2066,96706
8,-1.01863406598568e-11,2066,96706
9,-1.01863406598568e-11,2066,96706
10,-17.3215405506649,2066,96706
11,-1.01863406598568e-11,2066,96706
12,-1.01863406598568e-11,2066,96706
13,-1.01863406598568e-11,2066,96706
14,-1.01863406598568e-11,2066,96706
15,-1.01863406598568e-11,2066,96706
16,-1.01863406598568e-11,2066,96706
17,-1.01863406598568e-11,2066,96706
18,-1.01863406598568e-11,2066,96706
19,-1.01863406598568e-11,2066,96706
20,-1.01863406598568e-11,2066,96706
21,-1.01863406598568e-11,2066,96706
22,-1.01863406598568e-11,2066,96706
23,-17.3215405506649,2066,96706
1,-6.3058299322923e-12,2073,96816
2,-6.3058299322923e-12,2073,96816
3,-6.3058299322923e-12,2073,96816
4,-6.3058299322923e-12,2073,96816
5,-6.3058299322923e-12,2073,96816
6,-6.3058299322923e-12,2073,96816
7,-6.3058299322923e-12,2073,96816
8,-6.3058299322923e-12,2073,96816
9,-6.3058299322923e-12,2073,96816
10,-6.3058299322923e-12,2073,96816
11,-6.3058299322923e-12,2073,96816
12,-6.3058299322923e-12,2073,96816
13,-6.3058299322923e-12,2073,96816
14,-89.236328188245,2073,96816
15,-6.3058299322923e-12,2073,96816
16,-6.3058299322923e-12,2073,96816
17,-6.3058299322923e-12,2073,96816
18,-6.3058299322923e-12,2073,96816
19,-6.3058299322923e-12,2073,96816
20,-6.3058299322923e-12,2073,96816
21,-6.3058299322923e-12,2073,96816
22,-6.3058299322923e-12,2073,96816
23,-89.236328188245,2073,96816
1,-7.76102145512899e-12,2075,96744
2,-7.76102145512899e-12,2075,96744
3,-7.76102145512899e-12,2075,96744
4,-7.76102145512899e-12,2075,96744
5,-7.76102145512899e-12,2075,96744
6,-7.76102145512899e-12,2075,96744
7,-7.76102145512899e-12,2075,96744
8,-7.76102145512899e-12,2075,96744
9,-7.76102145512899e-12,2075,96744
10,-7.76102145512899e-12,2075,96744
11,-7.76102145512899e-12,2075,96744
12,-7.76102145512899e-12,2075,96744
13,-7.76102145512899e-12,2075,96744
14,-23.1463255550746,2075,96744
15,-7.76102145512899e-12,2075,96744
16,-7.76102145512899e-12,2075,96744
17,-7.76102145512899e-12,2075,96744
18,-7.76102145512899e-12,2075,96744
19,-7.76102145512899e-12,2075,96744
20,-7.76102145512899e-12,2075,96744
21,-7.76102145512899e-12,2075,96744
22,-7.76102145512899e-12,2075,96744
23,-23.1463255550746,2075,96744
1,-6.79089377323786e-12,2080,96734
2,-6.79089377323786e-12,2080,96734
3,-6.79089377323786e-12,2080,96734
4,-6.79089377323786e-12,2080,96734
5,-6.79089377323786e-12,2080,96734
6,-6.79089377323786e-12,2080,96734
7,-6.79089377323786e-12,2080,96734
8,-19.8737094029294,2080,96734
9,-6.79089377323786e-12,2080,96734
10,-6.79089377323786e-12,2080,96734
11,-6.79089377323786e-12,2080,96734
12,-6.79089377323786e-12,2080,96734
13,-6.79089377323786e-12,2080,96734
14,-6.79089377323786e-12,2080,96734
15,-6.79089377323786e-12,2080,96734
16,-6.79089377323786e-12,2080,96734
17,-6.79089377323786e-12,2080,96734
18,-6.79089377323786e-12,2080,96734
19,-6.79089377323786e-12,2080,96734
20,-6.79089377323786e-12,2080,96734
21,-6.79089377323786e-12,2080,96734
22,-6.79089377323786e-12,2080,96734
23,-19.8737094029294,2080,96734
1,-7.5184895346562e-12,2084,96786
2,-7.5184895346562e-12,2084,96786
3,-7.5184895346562e-12,2084,96786
4,-7.5184895346562e-12,2084,96786
5,-7.5184895346562e-12,2084,96786
6,-7.5184895346562e-12,2084,96786
7,-7.5184895346562e-12,2084,96786
8,-7.5184895346562e-12,2084,96786
9,-7.5184895346562e-12,2084,96786
10,-7.5184895346562e-12,2084,96786
11,-7.5184895346562e-12,2084,96786
12,-7.5184895346562e-12,2084,96786
13,-7.5184895346562e-12,2084,96786
14,-173.697078228078,2084,96786
15,-7.5184895346562e-12,2084,96786
16,-7.5184895346562e-12,2084,96786
17,-7.5184895346562e-12,2084,96786
18,-7.5184895346562e-12,2084,96786
19,-7.5184895346562e-12,2084,96786
20,-7.5184895346562e-12,2084,96786
21,-7.5184895346562e-12,2084,96786
22,-7.5184895346562e-12,2084,96786
23,-173.697078242431,2084,96786
1,5.82076609134674e-12,2097,96797
2,5.82076609134674e-12,2097,96797
3,5.82076609134674e-12,2097,96797
4,5.82076609134674e-12,2097,96797
5,5.82076609134674e-12,2097,96797
6,5.82076609134674e-12,2097,96797
7,5.82076609134674e-12,2097,96797
8,5.82076609134674e-12,2097,96797
9,5.82076609134674e-12,2097,96797
10,5.82076609134674e-12,2097,96797
11,5.82076609134674e-12,2097,96797
12,5.82076609134674e-12,2097,96797
13,5.82076609134674e-12,2097,96797
14,-22.5764426389762,2097,96797
15,5.82076609134674e-12,2097,96797
16,5.82076609134674e-12,2097,96797
17,5.82076609134674e-12,2097,96797
18,5.82076609134674e-12,2097,96797
19,5.82076609134674e-12,2097,96797
20,5.82076609134674e-12,2097,96797
21,5.82076609134674e-12,2097,96797
22,5.82076609134674e-12,2097,96797
23,-22.5764426389762,2097,96797
1,-1.2126596023639e-11,2099,96816
2,-1.2126596023639e-11,2099,96816
3,-1.2126596023639e-11,2099,96816
4,-1.2126596023639e-11,2099,96816
5,-1.2126596023639e-11,2099,96816
6,-1.2126596023639e-11,2099,96816
7,-1.2126596023639e-11,2099,96816
8,-1.2126596023639e-11,2099,96816
9,-1.2126596023639e-11,2099,96816
10,-1.2126596023639e-11,2099,96816
11,-1.2126596023639e-11,2099,96816
12,-1.2126596023639e-11,2099,96816
13,-1.2126596023639e-11,2099,96816
14,-33.1159171309395,2099,96816
15,-1.2126596023639e-11,2099,96816
16,-1.2126596023639e-11,2099,96816
17,-1.2126596023639e-11,2099,96816
18,-1.2126596023639e-11,2099,96816
19,-1.2126596023639e-11,2099,96816
20,-1.2126596023639e-11,2099,96816
21,-1.2126596023639e-11,2099,96816
22,-1.2126596023639e-11,2099,96816
23,-33.1159171309395,2099,96816
1,-3.8805107275645e-12,5586,96746
2,-3.8805107275645e-12,5586,96746
3,-3.8805107275645e-12,5586,96746
4,-3.8805107275645e-12,5586,96746
5,-3.8805107275645e-12,5586,96746
6,-3.8805107275645e-12,5586,96746
7,-3.8805107275645e-12,5586,96746
8,-3.8805107275645e-12,5586,96746
9,-3.8805107275645e-12,5586,96746
10,-3.8805107275645e-12,5586,96746
11,-3.8805107275645e-12,5586,96746
12,-3.8805107275645e-12,5586,96746
13,-3.8805107275645e-12,5586,96746
14,-21.8996368199378,5586,96746
15,-3.8805107275645e-12,5586,96746
16,-3.8805107275645e-12,5586,96746
17,-3.8805107275645e-12,5586,96746
18,-3.8805107275645e-12,5586,96746
19,-3.8805107275645e-12,5586,96746
20,-3.8805107275645e-12,5586,96746
21,-3.8805107275645e-12,5586,96746
22,-3.8805107275645e-12,5586,96746
23,-21.8996368199378,5586,96746
1,-7.27595761418343e-12,2103,96766
2,-7.27595761418343e-12,2103,96766
3,-7.27595761418343e-12,2103,96766
4,-7.27595761418343e-12,2103,96766
5,-7.27595761418343e-12,2103,96766
6,-7.27595761418343e-12,2103,96766
7,-7.27595761418343e-12,2103,96766
8,-7.27595761418343e-12,2103,96766
9,-7.27595761418343e-12,2103,96766
10,-7.27595761418343e-12,2103,96766
11,-7.27595761418343e-12,2103,96766
12,-7.27595761418343e-12,2103,96766
13,-7.27595761418343e-12,2103,96766
14,-68.1687256141415,2103,96766
15,-7.27595761418343e-12,2103,96766
16,-7.27595761418343e-12,2103,96766
17,-7.27595761418343e-12,2103,96766
18,-7.27595761418343e-12,2103,96766
19,-7.27595761418343e-12,2103,96766
20,-7.27595761418343e-12,2103,96766
21,-7.27595761418343e-12,2103,96766
22,-7.27595761418343e-12,2103,96766
23,-68.1687256141415,2103,96766
1,-5.33570225040118e-12,5589,96752
2,-5.33570225040118e-12,5589,96752
3,-5.33570225040118e-12,5589,96752
4,-5.33570225040118e-12,5589,96752
5,-5.33570225040118e-12,5589,96752
6,-5.33570225040118e-12,5589,96752
7,-5.33570225040118e-12,5589,96752
8,-5.33570225040118e-12,5589,96752
9,-5.33570225040118e-12,5589,96752
10,-5.33570225040118e-12,5589,96752
11,-5.33570225040118e-12,5589,96752
12,-5.33570225040118e-12,5589,96752
13,-5.33570225040118e-12,5589,96752
14,-94.9305150374015,5589,96752
15,-5.33570225040118e-12,5589,96752
16,-5.33570225040118e-12,5589,96752
17,-5.33570225040118e-12,5589,96752
18,-5.33570225040118e-12,5589,96752
19,-5.33570225040118e-12,5589,96752
20,-5.33570225040118e-12,5589,96752
21,-5.33570225040118e-12,5589,96752
22,-5.33570225040118e-12,5589,96752
23,-94.9305150489764,5589,96752
1,-4.36557456851005e-12,2113,96792
2,-4.36557456851005e-12,2113,96792
3,-4.36557456851005e-12,2113,96792
4,-4.36557456851005e-12,2113,96792
5,-4.36557456851005e-12,2113,96792
6,-4.36557456851005e-12,2113,96792
7,-4.36557456851005e-12,2113,96792
8,-4.36557456851005e-12,2113,96792
9,-4.36557456851005e-12,2113,96792
10,-4.36557456851005e-12,2113,96792
11,-4.36557456851005e-12,2113,96792
12,-4.36557456851005e-12,2113,96792
13,-4.36557456851005e-12,2113,96792
14,-22.9629324079149,2113,96792
15,-4.36557456851005e-12,2113,96792
16,-4.36557456851005e-12,2113,96792
17,-4.36557456851005e-12,2113,96792
18,-4.36557456851005e-12,2113,96792
19,-4.36557456851005e-12,2113,96792
20,-4.36557456851005e-12,2113,96792
21,-4.36557456851005e-12,2113,96792
22,-4.36557456851005e-12,2113,96792
23,-22.9629324079149,2113,96792
1,-3.39544688661893e-12,2130,96749
2,-3.39544688661893e-12,2130,96749
3,-3.39544688661893e-12,2130,96749
4,-3.39544688661893e-12,2130,96749
5,-3.39544688661893e-12,2130,96749
6,-3.39544688661893e-12,2130,96749
7,-3.39544688661893e-12,2130,96749
8,-3.39544688661893e-12,2130,96749
9,-3.39544688661893e-12,2130,96749
10,-3.39544688661893e-12,2130,96749
11,-3.39544688661893e-12,2130,96749
12,-3.39544688661893e-12,2130,96749
13,-3.39544688661893e-12,2130,96749
14,-22.4031975173925,2130,96749
15,-3.39544688661893e-12,2130,96749
16,-3.39544688661893e-12,2130,96749
17,-3.39544688661893e-12,2130,96749
18,-3.39544688661893e-12,2130,96749
19,-3.39544688661893e-12,2130,96749
20,-3.39544688661893e-12,2130,96749
21,-3.39544688661893e-12,2130,96749
22,-3.39544688661893e-12,2130,96749
23,-22.4031975173925,2130,96749
1,-4.85063840945566e-13,2136,96816
2,-4.85063840945566e-13,2136,96816
3,-4.85063840945566e-13,2136,96816
4,-4.85063840945566e-13,2136,96816
5,-4.85063840945566e-13,2136,96816
6,-4.85063840945566e-13,2136,96816
7,-4.85063840945566e-13,2136,96816
8,-4.85063840945566e-13,2136,96816
9,-4.85063840945566e-13,2136,96816
10,-4.85063840945566e-13,2136,96816
11,-116.931426674555,2136,96816
12,-4.85063840945566e-13,2136,96816
13,-4.85063840945566e-13,2136,96816
14,-4.85063840945566e-13,2136,96816
15,-4.85063840945566e-13,2136,96816
16,-4.85063840945566e-13,2136,96816
17,-4.85063840945566e-13,2136,96816
18,-4.85063840945566e-13,2136,96816
19,-4.85063840945566e-13,2136,96816
20,-4.85063840945566e-13,2136,96816
21,-4.85063840945566e-13,2136,96816
22,-4.85063840945566e-13,2136,96816
23,-116.931426674555,2136,96816
1,-9.70127681891125e-13,2145,96791
2,-9.70127681891125e-13,2145,96791
3,-9.70127681891125e-13,2145,96791
4,-9.70127681891125e-13,2145,96791
5,-10.5362404047143,2145,96791
6,-9.70127681891125e-13,2145,96791
7,-9.70127681891125e-13,2145,96791
8,-9.70127681891125e-13,2145,96791
9,-9.70127681891125e-13,2145,96791
10,-9.70127681891125e-13,2145,96791
11,-9.70127681891125e-13,2145,96791
12,-9.70127681891125e-13,2145,96791
13,-9.70127681891125e-13,2145,96791
14,-26.2325116882848,2145,96791
15,-9.70127681891125e-13,2145,96791
16,-9.70127681891125e-13,2145,96791
17,-9.70127681891125e-13,2145,96791
18,-9.70127681891125e-13,2145,96791
19,-9.70127681891125e-13,2145,96791
20,-9.70127681891125e-13,2145,96791
21,-9.70127681891125e-13,2145,96791
22,-9.70127681891125e-13,2145,96791
23,-36.7939305423293,2145,96791
1,-5.33570225040118e-12,5597,96746
2,-5.33570225040118e-12,5597,96746
3,-5.33570225040118e-12,5597,96746
4,-5.33570225040118e-12,5597,96746
5,-5.33570225040118e-12,5597,96746
6,-5.33570225040118e-12,5597,96746
7,-5.33570225040118e-12,5597,96746
8,-5.33570225040118e-12,5597,96746
9,-5.33570225040118e-12,5597,96746
10,-5.33570225040118e-12,5597,96746
11,-5.33570225040118e-12,5597,96746
12,-5.33570225040118e-12,5597,96746
13,-5.33570225040118e-12,5597,96746
14,-5.33570225040118e-12,5597,96746
15,-5.33570225040118e-12,5597,96746
16,-5.33570225040118e-12,5597,96746
17,-5.33570225040118e-12,5597,96746
18,-5.33570225040118e-12,5597,96746
19,-5.33570225040118e-12,5597,96746
20,-117.877292534324,5597,96746
21,-5.33570225040118e-12,5597,96746
22,-5.33570225040118e-12,5597,96746
23,-117.877292534324,5597,96746
1,-1.35817875464757e-11,2146,96789
2,-1.35817875464757e-11,2146,96789
3,-1.35817875464757e-11,2146,96789
4,-1.35817875464757e-11,2146,96789
5,-1.35817875464757e-11,2146,96789
6,-1.35817875464757e-11,2146,96789
7,-1.35817875464757e-11,2146,96789
8,-1.35817875464757e-11,2146,96789
9,-1.35817875464757e-11,2146,96789
10,-1.35817875464757e-11,2146,96789
11,-1.35817875464757e-11,2146,96789
12,-1.35817875464757e-11,2146,96789
13,-1.35817875464757e-11,2146,96789
14,-239.416824514621,2146,96789
15,-1.35817875464757e-11,2146,96789
16,-1.35817875464757e-11,2146,96789
17,-1.35817875464757e-11,2146,96789
18,-1.35817875464757e-11,2146,96789
19,-1.35817875464757e-11,2146,96789
20,-1.35817875464757e-11,2146,96789
21,-1.35817875464757e-11,2146,96789
22,-1.35817875464757e-11,2146,96789
23,-239.416824514621,2146,96789
1,-4.85063840945562e-12,2152,96754
2,-4.85063840945562e-12,2152,96754
3,-4.85063840945562e-12,2152,96754
4,-4.85063840945562e-12,2152,96754
5,-4.85063840945562e-12,2152,96754
6,-4.85063840945562e-12,2152,96754
7,-4.85063840945562e-12,2152,96754
8,-4.85063840945562e-12,2152,96754
9,-4.85063840945562e-12,2152,96754
10,-4.85063840945562e-12,2152,96754
11,-4.85063840945562e-12,2152,96754
12,-4.85063840945562e-12,2152,96754
13,-4.85063840945562e-12,2152,96754
14,-4.85063840945562e-12,2152,96754
15,-4.85063840945562e-12,2152,96754
16,-4.85063840945562e-12,2152,96754
17,-29.9661585244801,2152,96754
18,-4.85063840945562e-12,2152,96754
19,-4.85063840945562e-12,2152,96754
20,-4.85063840945562e-12,2152,96754
21,-4.85063840945562e-12,2152,96754
22,-4.85063840945562e-12,2152,96754
23,-29.9661585244801,2152,96754
1,-6.79089377323786e-12,2157,96746
2,-6.79089377323786e-12,2157,96746
3,-6.79089377323786e-12,2157,96746
4,-6.79089377323786e-12,2157,96746
5,-6.79089377323786e-12,2157,96746
6,-6.79089377323786e-12,2157,96746
7,-6.79089377323786e-12,2157,96746
8,-6.79089377323786e-12,2157,96746
9,-6.79089377323786e-12,2157,96746
10,-6.79089377323786e-12,2157,96746
11,-6.79089377323786e-12,2157,96746
12,-6.79089377323786e-12,2157,96746
13,-6.79089377323786e-12,2157,96746
14,-23.1574467319418,2157,96746
15,-6.79089377323786e-12,2157,96746
16,-6.79089377323786e-12,2157,96746
17,-6.79089377323786e-12,2157,96746
18,-6.79089377323786e-12,2157,96746
19,-6.79089377323786e-12,2157,96746
20,-6.79089377323786e-12,2157,96746
21,-6.79089377323786e-12,2157,96746
22,-6.79089377323786e-12,2157,96746
23,-23.1574467319418,2157,96746
1,-5.82076609134674e-12,2159,96754
2,-5.82076609134674e-12,2159,96754
3,-5.82076609134674e-12,2159,96754
4,-5.82076609134674e-12,2159,96754
5,-5.82076609134674e-12,2159,96754
6,-5.82076609134674e-12,2159,96754
7,-5.82076609134674e-12,2159,96754
8,-5.82076609134674e-12,2159,96754
9,-5.82076609134674e-12,2159,96754
10,-5.82076609134674e-12,2159,96754
11,-5.82076609134674e-12,2159,96754
12,-5.82076609134674e-12,2159,96754
13,-5.82076609134674e-12,2159,96754
14,-34.6472405898928,2159,96754
15,-5.82076609134674e-12,2159,96754
16,-5.82076609134674e-12,2159,96754
17,-5.82076609134674e-12,2159,96754
18,-5.82076609134674e-12,2159,96754
19,-5.82076609134674e-12,2159,96754
20,-5.82076609134674e-12,2159,96754
21,-5.82076609134674e-12,2159,96754
22,-5.82076609134674e-12,2159,96754
23,-34.6472405898928,2159,96754
1,-9.21621297796568e-12,2161,96740
2,-9.21621297796568e-12,2161,96740
3,-9.21621297796568e-12,2161,96740
4,-9.21621297796568e-12,2161,96740
5,-9.21621297796568e-12,2161,96740
6,-19.9948172269233,2161,96740
7,-9.21621297796568e-12,2161,96740
8,-9.21621297796568e-12,2161,96740
9,-9.21621297796568e-12,2161,96740
10,-9.21621297796568e-12,2161,96740
11,-9.21621297796568e-12,2161,96740
12,-9.21621297796568e-12,2161,96740
13,-9.21621297796568e-12,2161,96740
14,-9.21621297796568e-12,2161,96740
15,-9.21621297796568e-12,2161,96740
16,-9.21621297796568e-12,2161,96740
17,-9.21621297796568e-12,2161,96740
18,-9.21621297796568e-12,2161,96740
19,-9.21621297796568e-12,2161,96740
20,-9.21621297796568e-12,2161,96740
21,-9.21621297796568e-12,2161,96740
22,-9.21621297796568e-12,2161,96740
23,-19.9948172272338,2161,96740
1,1.94025536378225e-12,2168,96766
2,1.94025536378225e-12,2168,96766
3,1.94025536378225e-12,2168,96766
4,1.94025536378225e-12,2168,96766
5,1.94025536378225e-12,2168,96766
6,1.94025536378225e-12,2168,96766
7,1.94025536378225e-12,2168,96766
8,1.94025536378225e-12,2168,96766
9,1.94025536378225e-12,2168,96766
10,-4.77318275972211,2168,96766
11,1.94025536378225e-12,2168,96766
12,1.94025536378225e-12,2168,96766
13,1.94025536378225e-12,2168,96766
14,1.94025536378225e-12,2168,96766
15,1.94025536378225e-12,2168,96766
16,1.94025536378225e-12,2168,96766
17,1.94025536378225e-12,2168,96766
18,1.94025536378225e-12,2168,96766
19,1.94025536378225e-12,2168,96766
20,1.94025536378225e-12,2168,96766
21,1.94025536378225e-12,2168,96766
22,1.94025536378225e-12,2168,96766
23,-4.77318275972211,2168,96766
1,-2.91038304567337e-12,2172,96817
2,-2.91038304567337e-12,2172,96817
3,-2.91038304567337e-12,2172,96817
4,-2.91038304567337e-12,2172,96817
5,-2.91038304567337e-12,2172,96817
6,-2.91038304567337e-12,2172,96817
7,-2.91038304567337e-12,2172,96817
8,-2.91038304567337e-12,2172,96817
9,-2.91038304567337e-12,2172,96817
10,-2.91038304567337e-12,2172,96817
11,-2.91038304567337e-12,2172,96817
12,-2.91038304567337e-12,2172,96817
13,-2.91038304567337e-12,2172,96817
14,-2.91038304567337e-12,2172,96817
15,-2.91038304567337e-12,2172,96817
16,-2.91038304567337e-12,2172,96817
17,-2.91038304567337e-12,2172,96817
18,-2.91038304567337e-12,2172,96817
19,-9.6672786004201,2172,96817
20,-2.91038304567337e-12,2172,96817
21,-2.91038304567337e-12,2172,96817
22,-2.91038304567337e-12,2172,96817
23,-9.6672786004201,2172,96817
1,-1.01863406598568e-11,2178,96746
2,-1.01863406598568e-11,2178,96746
3,-1.01863406598568e-11,2178,96746
4,-1.01863406598568e-11,2178,96746
5,-1.01863406598568e-11,2178,96746
6,-1.01863406598568e-11,2178,96746
7,-1.01863406598568e-11,2178,96746
8,-30.2870314807534,2178,96746
9,-1.01863406598568e-11,2178,96746
10,-1.01863406598568e-11,2178,96746
11,-1.01863406598568e-11,2178,96746
12,-1.01863406598568e-11,2178,96746
13,-1.01863406598568e-11,2178,96746
14,-1.01863406598568e-11,2178,96746
15,-1.01863406598568e-11,2178,96746
16,-1.01863406598568e-11,2178,96746
17,-1.01863406598568e-11,2178,96746
18,-1.01863406598568e-11,2178,96746
19,-1.01863406598568e-11,2178,96746
20,-1.01863406598568e-11,2178,96746
21,-1.01863406598568e-11,2178,96746
22,-1.01863406598568e-11,2178,96746
23,-30.2870314807534,2178,96746
1,1.30967237055302e-11,2185,96815
2,1.30967237055302e-11,2185,96815
3,1.30967237055302e-11,2185,96815
4,1.30967237055302e-11,2185,96815
5,1.30967237055302e-11,2185,96815
6,1.30967237055302e-11,2185,96815
7,1.30967237055302e-11,2185,96815
8,-19.0696893850414,2185,96815
9,1.30967237055302e-11,2185,96815
10,1.30967237055302e-11,2185,96815
11,1.30967237055302e-11,2185,96815
12,1.30967237055302e-11,2185,96815
13,1.30967237055302e-11,2185,96815
14,-81.1001935496021,2185,96815
15,1.30967237055302e-11,2185,96815
16,1.30967237055302e-11,2185,96815
17,1.30967237055302e-11,2185,96815
18,1.30967237055302e-11,2185,96815
19,1.30967237055302e-11,2185,96815
20,1.30967237055302e-11,2185,96815
21,1.30967237055302e-11,2185,96815
22,1.30967237055302e-11,2185,96815
23,-100.264832803429,2185,96815
1,-9.21621297796568e-12,5608,96760
2,-9.21621297796568e-12,5608,96760
3,-9.21621297796568e-12,5608,96760
4,-9.21621297796568e-12,5608,96760
5,-9.21621297796568e-12,5608,96760
6,-9.21621297796568e-12,5608,96760
7,-37.2543589726891,5608,96760
8,-9.21621297796568e-12,5608,96760
9,-9.21621297796568e-12,5608,96760
10,-9.21621297796568e-12,5608,96760
11,-9.21621297796568e-12,5608,96760
12,-9.21621297796568e-12,5608,96760
13,-9.21621297796568e-12,5608,96760
14,-9.21621297796568e-12,5608,96760
15,-9.21621297796568e-12,5608,96760
16,-9.21621297796568e-12,5608,96760
17,-9.21621297796568e-12,5608,96760
18,-9.21621297796568e-12,5608,96760
19,-9.21621297796568e-12,5608,96760
20,-9.21621297796568e-12,5608,96760
21,-9.21621297796568e-12,5608,96760
22,-9.21621297796568e-12,5608,96760
23,-37.2543589726891,5608,96760
1,-1.16415321826935e-11,2189,96789
2,-1.16415321826935e-11,2189,96789
3,-1.16415321826935e-11,2189,96789
4,-1.16415321826935e-11,2189,96789
5,-1.16415321826935e-11,2189,96789
6,-1.16415321826935e-11,2189,96789
7,-1.16415321826935e-11,2189,96789
8,-1.16415321826935e-11,2189,96789
9,-1.16415321826935e-11,2189,96789
10,-1.16415321826935e-11,2189,96789
11,-1.16415321826935e-11,2189,96789
12,-1.16415321826935e-11,2189,96789
13,-5.21265172473941,2189,96789
14,-1.16415321826935e-11,2189,96789
15,-1.16415321826935e-11,2189,96789
16,-1.16415321826935e-11,2189,96789
17,-1.16415321826935e-11,2189,96789
18,-1.16415321826935e-11,2189,96789
19,-1.16415321826935e-11,2189,96789
20,-1.16415321826935e-11,2189,96789
21,-1.16415321826935e-11,2189,96789
22,-1.16415321826935e-11,2189,96789
23,-5.21265172473941,2189,96789
1,2.42531920472781e-12,2191,96766
2,2.42531920472781e-12,2191,96766
3,2.42531920472781e-12,2191,96766
4,2.42531920472781e-12,2191,96766
5,2.42531920472781e-12,2191,96766
6,2.42531920472781e-12,2191,96766
7,2.42531920472781e-12,2191,96766
8,-18.1976587015694,2191,96766
9,2.42531920472781e-12,2191,96766
10,2.42531920472781e-12,2191,96766
11,2.42531920472781e-12,2191,96766
12,2.42531920472781e-12,2191,96766
13,2.42531920472781e-12,2191,96766
14,2.42531920472781e-12,2191,96766
15,2.42531920472781e-12,2191,96766
16,2.42531920472781e-12,2191,96766
17,2.42531920472781e-12,2191,96766
18,2.42531920472781e-12,2191,96766
19,2.42531920472781e-12,2191,96766
20,2.42531920472781e-12,2191,96766
21,2.42531920472781e-12,2191,96766
22,2.42531920472781e-12,2191,96766
23,-18.1976587015694,2191,96766
1,-8.24608529607455e-12,2192,96707
2,-8.24608529607455e-12,2192,96707
3,-8.24608529607455e-12,2192,96707
4,-8.24608529607455e-12,2192,96707
5,-8.24608529607455e-12,2192,96707
6,-8.24608529607455e-12,2192,96707
7,-8.24608529607455e-12,2192,96707
8,-8.24608529607455e-12,2192,96707
9,-8.24608529607455e-12,2192,96707
10,-8.24608529607455e-12,2192,96707
11,-8.24608529607455e-12,2192,96707
12,-8.24608529607455e-12,2192,96707
13,-8.24608529607455e-12,2192,96707
14,-42.610025486178,2192,96707
15,-8.24608529607455e-12,2192,96707
16,-8.24608529607455e-12,2192,96707
17,-8.24608529607455e-12,2192,96707
18,-8.24608529607455e-12,2192,96707
19,-8.24608529607455e-12,2192,96707
20,-8.24608529607455e-12,2192,96707
21,-8.24608529607455e-12,2192,96707
22,-8.24608529607455e-12,2192,96707
23,-42.6100254867847,2192,96707
1,-2.42531920472781e-12,5607,96712
2,-2.42531920472781e-12,5607,96712
3,-2.42531920472781e-12,5607,96712
4,-2.42531920472781e-12,5607,96712
5,-2.42531920472781e-12,5607,96712
6,-2.42531920472781e-12,5607,96712
7,-2.42531920472781e-12,5607,96712
8,-2.42531920472781e-12,5607,96712
9,-2.42531920472781e-12,5607,96712
10,-2.42531920472781e-12,5607,96712
11,-26.7577945699919,5607,96712
12,-2.42531920472781e-12,5607,96712
13,-2.42531920472781e-12,5607,96712
14,-2.42531920472781e-12,5607,96712
15,-2.42531920472781e-12,5607,96712
16,-2.42531920472781e-12,5607,96712
17,-2.42531920472781e-12,5607,96712
18,-2.42531920472781e-12,5607,96712
19,-2.42531920472781e-12,5607,96712
20,-2.42531920472781e-12,5607,96712
21,-2.42531920472781e-12,5607,96712
22,-2.42531920472781e-12,5607,96712
23,-26.7577945781547,5607,96712
1,-4.85063840945562e-12,2195,96792
2,-4.85063840945562e-12,2195,96792
3,-4.85063840945562e-12,2195,96792
4,-4.85063840945562e-12,2195,96792
5,-4.85063840945562e-12,2195,96792
6,-4.85063840945562e-12,2195,96792
7,-4.85063840945562e-12,2195,96792
8,-16.2113534092501,2195,96792
9,-4.85063840945562e-12,2195,96792
10,-4.85063840945562e-12,2195,96792
11,-4.85063840945562e-12,2195,96792
12,-4.85063840945562e-12,2195,96792
13,-4.85063840945562e-12,2195,96792
14,-4.85063840945562e-12,2195,96792
15,-4.85063840945562e-12,2195,96792
16,-4.85063840945562e-12,2195,96792
17,-4.85063840945562e-12,2195,96792
18,-4.85063840945562e-12,2195,96792
19,-4.85063840945562e-12,2195,96792
20,-4.85063840945562e-12,2195,96792
21,-4.85063840945562e-12,2195,96792
22,-4.85063840945562e-12,2195,96792
23,-16.2113534092501,2195,96792
1,-2.91038304567337e-12,5611,96792
2,-2.91038304567337e-12,5611,96792
3,-2.91038304567337e-12,5611,96792
4,-2.91038304567337e-12,5611,96792
5,-2.91038304567337e-12,5611,96792
6,-2.91038304567337e-12,5611,96792
7,-2.91038304567337e-12,5611,96792
8,-2.91038304567337e-12,5611,96792
9,-2.91038304567337e-12,5611,96792
10,-2.91038304567337e-12,5611,96792
11,-6.03164749824681,5611,96792
12,-2.91038304567337e-12,5611,96792
13,-2.91038304567337e-12,5611,96792
14,-2.91038304567337e-12,5611,96792
15,-2.91038304567337e-12,5611,96792
16,-2.91038304567337e-12,5611,96792
17,-2.91038304567337e-12,5611,96792
18,-2.91038304567337e-12,5611,96792
19,-2.91038304567337e-12,5611,96792
20,-2.91038304567337e-12,5611,96792
21,-2.91038304567337e-12,5611,96792
22,-2.91038304567337e-12,5611,96792
23,-6.03164749830709,5611,96792
1,5.82076609134674e-12,2198,96746
2,5.82076609134674e-12,2198,96746
3,5.82076609134674e-12,2198,96746
4,5.82076609134674e-12,2198,96746
5,5.82076609134674e-12,2198,96746
6,5.82076609134674e-12,2198,96746
7,5.82076609134674e-12,2198,96746
8,5.82076609134674e-12,2198,96746
9,5.82076609134674e-12,2198,96746
10,5.82076609134674e-12,2198,96746
11,5.82076609134674e-12,2198,96746
12,5.82076609134674e-12,2198,96746
13,5.82076609134674e-12,2198,96746
14,-22.5764426389762,2198,96746
15,5.82076609134674e-12,2198,96746
16,5.82076609134674e-12,2198,96746
17,5.82076609134674e-12,2198,96746
18,5.82076609134674e-12,2198,96746
19,5.82076609134674e-12,2198,96746
20,5.82076609134674e-12,2198,96746
21,5.82076609134674e-12,2198,96746
22,5.82076609134674e-12,2198,96746
23,-22.5764426389762,2198,96746
1,7.27595761418343e-12,2209,96747
2,7.27595761418343e-12,2209,96747
3,7.27595761418343e-12,2209,96747
4,7.27595761418343e-12,2209,96747
5,7.27595761418343e-12,2209,96747
6,-33.6208788145925,2209,96747
7,7.27595761418343e-12,2209,96747
8,7.27595761418343e-12,2209,96747
9,7.27595761418343e-12,2209,96747
10,7.27595761418343e-12,2209,96747
11,7.27595761418343e-12,2209,96747
12,7.27595761418343e-12,2209,96747
13,7.27595761418343e-12,2209,96747
14,7.27595761418343e-12,2209,96747
15,-30.4426905015323,2209,96747
16,7.27595761418343e-12,2209,96747
17,7.27595761418343e-12,2209,96747
18,7.27595761418343e-12,2209,96747
19,7.27595761418343e-12,2209,96747
20,7.27595761418343e-12,2209,96747
21,7.27595761418343e-12,2209,96747
22,7.27595761418343e-12,2209,96747
23,-64.1596934476998,2209,96747
1,2.18278728425503e-12,2212,96768
2,2.18278728425503e-12,2212,96768
3,2.18278728425503e-12,2212,96768
4,2.18278728425503e-12,2212,96768
5,2.18278728425503e-12,2212,96768
6,2.18278728425503e-12,2212,96768
7,2.18278728425503e-12,2212,96768
8,2.18278728425503e-12,2212,96768
9,2.18278728425503e-12,2212,96768
10,2.18278728425503e-12,2212,96768
11,2.18278728425503e-12,2212,96768
12,2.18278728425503e-12,2212,96768
13,2.18278728425503e-12,2212,96768
14,-18.3076385053879,2212,96768
15,2.18278728425503e-12,2212,96768
16,2.18278728425503e-12,2212,96768
17,2.18278728425503e-12,2212,96768
18,2.18278728425503e-12,2212,96768
19,2.18278728425503e-12,2212,96768
20,2.18278728425503e-12,2212,96768
21,2.18278728425503e-12,2212,96768
22,2.18278728425503e-12,2212,96768
23,-18.3076385053879,2212,96768
1,-3.39544688661893e-12,2221,96706
2,-3.39544688661893e-12,2221,96706
3,-3.39544688661893e-12,2221,96706
4,-3.39544688661893e-12,2221,96706
5,-3.39544688661893e-12,2221,96706
6,-3.39544688661893e-12,2221,96706
7,-3.39544688661893e-12,2221,96706
8,-3.39544688661893e-12,2221,96706
9,-9.96038621540113,2221,96706
10,-3.39544688661893e-12,2221,96706
11,-3.39544688661893e-12,2221,96706
12,-3.39544688661893e-12,2221,96706
13,-3.39544688661893e-12,2221,96706
14,-3.39544688661893e-12,2221,96706
15,-3.39544688661893e-12,2221,96706
16,-3.39544688661893e-12,2221,96706
17,-3.39544688661893e-12,2221,96706
18,-3.39544688661893e-12,2221,96706
19,-3.39544688661893e-12,2221,96706
20,-3.39544688661893e-12,2221,96706
21,-3.39544688661893e-12,2221,96706
22,-3.39544688661893e-12,2221,96706
23,-9.96038621540113,2221,96706
1,2.91038304567337e-12,2222,96712
2,2.91038304567337e-12,2222,96712
3,2.91038304567337e-12,2222,96712
4,2.91038304567337e-12,2222,96712
5,2.91038304567337e-12,2222,96712
6,2.91038304567337e-12,2222,96712
7,2.91038304567337e-12,2222,96712
8,2.91038304567337e-12,2222,96712
9,2.91038304567337e-12,2222,96712
10,2.91038304567337e-12,2222,96712
11,2.91038304567337e-12,2222,96712
12,2.91038304567337e-12,2222,96712
13,2.91038304567337e-12,2222,96712
14,2.91038304567337e-12,2222,96712
15,-30.0458466902215,2222,96712
16,2.91038304567337e-12,2222,96712
17,2.91038304567337e-12,2222,96712
18,2.91038304567337e-12,2222,96712
19,2.91038304567337e-12,2222,96712
20,2.91038304567337e-12,2222,96712
21,2.91038304567337e-12,2222,96712
22,2.91038304567337e-12,2222,96712
23,-30.0458466902215,2222,96712
1,-8.24608529607455e-12,2246,96779
2,-8.24608529607455e-12,2246,96779
3,-8.24608529607455e-12,2246,96779
4,-8.24608529607455e-12,2246,96779
5,-8.24608529607455e-12,2246,96779
6,-8.24608529607455e-12,2246,96779
7,-8.24608529607455e-12,2246,96779
8,-8.24608529607455e-12,2246,96779
9,-8.24608529607455e-12,2246,96779
10,-8.24608529607455e-12,2246,96779
11,-8.24608529607455e-12,2246,96779
12,-8.24608529607455e-12,2246,96779
13,-12.1603593520752,2246,96779
14,-8.24608529607455e-12,2246,96779
15,-8.24608529607455e-12,2246,96779
16,-8.24608529607455e-12,2246,96779
17,-8.24608529607455e-12,2246,96779
18,-8.24608529607455e-12,2246,96779
19,-8.24608529607455e-12,2246,96779
20,-8.24608529607455e-12,2246,96779
21,-8.24608529607455e-12,2246,96779
22,-8.24608529607455e-12,2246,96779
23,-12.1603593520752,2246,96779
1,-7.27595761418343e-12,5615,96706
2,-7.27595761418343e-12,5615,96706
3,-7.27595761418343e-12,5615,96706
4,-7.27595761418343e-12,5615,96706
5,-7.27595761418343e-12,5615,96706
6,-18.6587872081918,5615,96706
7,-7.27595761418343e-12,5615,96706
8,-7.27595761418343e-12,5615,96706
9,-7.27595761418343e-12,5615,96706
10,-7.27595761418343e-12,5615,96706
11,-7.27595761418343e-12,5615,96706
12,-7.27595761418343e-12,5615,96706
13,-7.27595761418343e-12,5615,96706
14,-7.27595761418343e-12,5615,96706
15,-7.27595761418343e-12,5615,96706
16,-7.27595761418343e-12,5615,96706
17,-7.27595761418343e-12,5615,96706
18,-7.27595761418343e-12,5615,96706
19,-7.27595761418343e-12,5615,96706
20,-7.27595761418343e-12,5615,96706
21,-7.27595761418343e-12,5615,96706
22,-7.27595761418343e-12,5615,96706
23,-18.65878721159,5615,96706
1,-2.42531920472781e-12,2253,96756
2,-2.42531920472781e-12,2253,96756
3,-2.42531920472781e-12,2253,96756
4,-2.42531920472781e-12,2253,96756
5,-2.42531920472781e-12,2253,96756
6,-2.42531920472781e-12,2253,96756
7,-2.42531920472781e-12,2253,96756
8,-2.42531920472781e-12,2253,96756
9,-2.42531920472781e-12,2253,96756
10,-2.42531920472781e-12,2253,96756
11,-2.42531920472781e-12,2253,96756
12,-2.42531920472781e-12,2253,96756
13,-2.42531920472781e-12,2253,96756
14,-21.854463916838,2253,96756
15,-2.42531920472781e-12,2253,96756
16,-2.42531920472781e-12,2253,96756
17,-2.42531920472781e-12,2253,96756
18,-2.42531920472781e-12,2253,96756
19,-2.42531920472781e-12,2253,96756
20,-2.42531920472781e-12,2253,96756
21,-2.42531920472781e-12,2253,96756
22,-2.42531920472781e-12,2253,96756
23,-21.854463916838,2253,96756
1,-41.8326365067055,5620,96789
2,3.39544688661893e-12,5620,96789
3,3.39544688661893e-12,5620,96789
4,3.39544688661893e-12,5620,96789
5,3.39544688661893e-12,5620,96789
6,3.39544688661893e-12,5620,96789
7,3.39544688661893e-12,5620,96789
8,3.39544688661893e-12,5620,96789
9,3.39544688661893e-12,5620,96789
10,3.39544688661893e-12,5620,96789
11,3.39544688661893e-12,5620,96789
12,3.39544688661893e-12,5620,96789
13,3.39544688661893e-12,5620,96789
14,3.39544688661893e-12,5620,96789
15,3.39544688661893e-12,5620,96789
16,3.39544688661893e-12,5620,96789
17,3.39544688661893e-12,5620,96789
18,3.39544688661893e-12,5620,96789
19,3.39544688661893e-12,5620,96789
20,3.39544688661893e-12,5620,96789
21,3.39544688661893e-12,5620,96789
22,3.39544688661893e-12,5620,96789
23,-41.8326365092347,5620,96789
1,-8.73114913702011e-12,5622,96722
2,-8.73114913702011e-12,5622,96722
3,-8.73114913702011e-12,5622,96722
4,-8.73114913702011e-12,5622,96722
5,-8.73114913702011e-12,5622,96722
6,-8.73114913702011e-12,5622,96722
7,-8.73114913702011e-12,5622,96722
8,-8.73114913702011e-12,5622,96722
9,-8.73114913702011e-12,5622,96722
10,-8.73114913702011e-12,5622,96722
11,-8.73114913702011e-12,5622,96722
12,-8.73114913702011e-12,5622,96722
13,-8.73114913702011e-12,5622,96722
14,-8.73114913702011e-12,5622,96722
15,-64.7382492716322,5622,96722
16,-8.73114913702011e-12,5622,96722
17,-8.73114913702011e-12,5622,96722
18,-8.73114913702011e-12,5622,96722
19,-8.73114913702011e-12,5622,96722
20,-8.73114913702011e-12,5622,96722
21,-8.73114913702011e-12,5622,96722
22,-8.73114913702011e-12,5622,96722
23,-64.7382492749714,5622,96722
1,-3.8805107275645e-12,2269,96752
2,-3.8805107275645e-12,2269,96752
3,-3.8805107275645e-12,2269,96752
4,-3.8805107275645e-12,2269,96752
5,-3.8805107275645e-12,2269,96752
6,-3.8805107275645e-12,2269,96752
7,-3.8805107275645e-12,2269,96752
8,-22.7632020686743,2269,96752
9,-3.8805107275645e-12,2269,96752
10,-3.8805107275645e-12,2269,96752
11,-3.8805107275645e-12,2269,96752
12,-3.8805107275645e-12,2269,96752
13,-3.8805107275645e-12,2269,96752
14,-3.8805107275645e-12,2269,96752
15,-3.8805107275645e-12,2269,96752
16,-3.8805107275645e-12,2269,96752
17,-3.8805107275645e-12,2269,96752
18,-3.8805107275645e-12,2269,96752
19,-3.8805107275645e-12,2269,96752
20,-3.8805107275645e-12,2269,96752
21,-3.8805107275645e-12,2269,96752
22,-3.8805107275645e-12,2269,96752
23,-22.7632020686743,2269,96752
1,9.70127681891125e-13,2273,96795
2,9.70127681891125e-13,2273,96795
3,9.70127681891125e-13,2273,96795
4,9.70127681891125e-13,2273,96795
5,9.70127681891125e-13,2273,96795
6,-103.56902583516,2273,96795
7,9.70127681891125e-13,2273,96795
8,9.70127681891125e-13,2273,96795
9,9.70127681891125e-13,2273,96795
10,9.70127681891125e-13,2273,96795
11,9.70127681891125e-13,2273,96795
12,9.70127681891125e-13,2273,96795
13,9.70127681891125e-13,2273,96795
14,9.70127681891125e-13,2273,96795
15,9.70127681891125e-13,2273,96795
16,9.70127681891125e-13,2273,96795
17,9.70127681891125e-13,2273,96795
18,9.70127681891125e-13,2273,96795
19,9.70127681891125e-13,2273,96795
20,9.70127681891125e-13,2273,96795
21,-101.590127538375,2273,96795
22,9.70127681891125e-13,2273,96795
23,-206.493258088283,2273,96795
1,-1.45519152283667e-12,2277,96756
2,-1.45519152283667e-12,2277,96756
3,-1.45519152283667e-12,2277,96756
4,-1.45519152283667e-12,2277,96756
5,-1.45519152283667e-12,2277,96756
6,-1.45519152283667e-12,2277,96756
7,-1.45519152283667e-12,2277,96756
8,-1.45519152283667e-12,2277,96756
9,-1.45519152283667e-12,2277,96756
10,-1.45519152283667e-12,2277,96756
11,-1.45519152283667e-12,2277,96756
12,-1.45519152283667e-12,2277,96756
13,-1.45519152283667e-12,2277,96756
14,-18.8421258760262,2277,96756
15,-1.45519152283667e-12,2277,96756
16,-1.45519152283667e-12,2277,96756
17,-1.45519152283667e-12,2277,96756
18,-1.45519152283667e-12,2277,96756
19,-1.45519152283667e-12,2277,96756
20,-1.45519152283667e-12,2277,96756
21,-1.45519152283667e-12,2277,96756
22,-1.45519152283667e-12,2277,96756
23,-18.8421258760262,2277,96756
1,-4.85063840945561e-13,2289,96766
2,-4.85063840945561e-13,2289,96766
3,-4.85063840945561e-13,2289,96766
4,-4.85063840945561e-13,2289,96766
5,-4.85063840945561e-13,2289,96766
6,-4.85063840945561e-13,2289,96766
7,-4.85063840945561e-13,2289,96766
8,-4.85063840945561e-13,2289,96766
9,-4.85063840945561e-13,2289,96766
10,-4.85063840945561e-13,2289,96766
11,-4.85063840945561e-13,2289,96766
12,-4.85063840945561e-13,2289,96766
13,-4.85063840945561e-13,2289,96766
14,-31.9997600887858,2289,96766
15,-4.85063840945561e-13,2289,96766
16,-4.85063840945561e-13,2289,96766
17,-4.85063840945561e-13,2289,96766
18,-4.85063840945561e-13,2289,96766
19,-4.85063840945561e-13,2289,96766
20,-4.85063840945561e-13,2289,96766
21,-4.85063840945561e-13,2289,96766
22,-4.85063840945561e-13,2289,96766
23,-31.9997600887858,2289,96766
1,-6.3058299322923e-12,2290,96822
2,-6.501535784653,2290,96822
3,-6.3058299322923e-12,2290,96822
4,-6.3058299322923e-12,2290,96822
5,-6.3058299322923e-12,2290,96822
6,-6.3058299322923e-12,2290,96822
7,-6.3058299322923e-12,2290,96822
8,-6.3058299322923e-12,2290,96822
9,-6.3058299322923e-12,2290,96822
10,-6.3058299322923e-12,2290,96822
11,-5.65684044844238,2290,96822
12,-6.3058299322923e-12,2290,96822
13,-6.3058299322923e-12,2290,96822
14,-6.3058299322923e-12,2290,96822
15,-6.3058299322923e-12,2290,96822
16,-6.3058299322923e-12,2290,96822
17,-6.3058299322923e-12,2290,96822
18,-6.3058299322923e-12,2290,96822
19,-6.3058299322923e-12,2290,96822
20,-6.3058299322923e-12,2290,96822
21,-6.3058299322923e-12,2290,96822
22,-6.3058299322923e-12,2290,96822
23,-12.1618467436133,2290,96822
1,-5.33570225040118e-12,2291,96754
2,-5.33570225040118e-12,2291,96754
3,-5.33570225040118e-12,2291,96754
4,-5.33570225040118e-12,2291,96754
5,-5.33570225040118e-12,2291,96754
6,-32.9523284580447,2291,96754
7,-5.33570225040118e-12,2291,96754
8,-5.33570225040118e-12,2291,96754
9,-5.33570225040118e-12,2291,96754
10,-5.33570225040118e-12,2291,96754
11,-5.33570225040118e-12,2291,96754
12,-5.33570225040118e-12,2291,96754
13,-5.33570225040118e-12,2291,96754
14,-5.33570225040118e-12,2291,96754
15,-5.33570225040118e-12,2291,96754
16,-5.33570225040118e-12,2291,96754
17,-5.33570225040118e-12,2291,96754
18,-5.33570225040118e-12,2291,96754
19,-5.33570225040118e-12,2291,96754
20,-5.33570225040118e-12,2291,96754
21,-5.33570225040118e-12,2291,96754
22,-5.33570225040118e-12,2291,96754
23,-32.9523284580447,2291,96754
1,-1.11564683417479e-11,2305,96785
2,-1.11564683417479e-11,2305,96785
3,-1.11564683417479e-11,2305,96785
4,-1.11564683417479e-11,2305,96785
5,-1.11564683417479e-11,2305,96785
6,-1.11564683417479e-11,2305,96785
7,-1.11564683417479e-11,2305,96785
8,-1.11564683417479e-11,2305,96785
9,-1.11564683417479e-11,2305,96785
10,-1.11564683417479e-11,2305,96785
11,-1.11564683417479e-11,2305,96785
12,-1.11564683417479e-11,2305,96785
13,-1.11564683417479e-11,2305,96785
14,-1.11564683417479e-11,2305,96785
15,-67.5913377900532,2305,96785
16,-1.11564683417479e-11,2305,96785
17,-1.11564683417479e-11,2305,96785
18,-1.11564683417479e-11,2305,96785
19,-1.11564683417479e-11,2305,96785
20,-1.11564683417479e-11,2305,96785
21,-1.11564683417479e-11,2305,96785
22,-1.11564683417479e-11,2305,96785
23,-67.5913377959674,2305,96785
1,3.8805107275645e-12,5632,96734
2,3.8805107275645e-12,5632,96734
3,3.8805107275645e-12,5632,96734
4,3.8805107275645e-12,5632,96734
5,3.8805107275645e-12,5632,96734
6,3.8805107275645e-12,5632,96734
7,3.8805107275645e-12,5632,96734
8,3.8805107275645e-12,5632,96734
9,3.8805107275645e-12,5632,96734
10,3.8805107275645e-12,5632,96734
11,3.8805107275645e-12,5632,96734
12,3.8805107275645e-12,5632,96734
13,3.8805107275645e-12,5632,96734
14,-44.6301876835913,5632,96734
15,3.8805107275645e-12,5632,96734
16,3.8805107275645e-12,5632,96734
17,3.8805107275645e-12,5632,96734
18,3.8805107275645e-12,5632,96734
19,3.8805107275645e-12,5632,96734
20,3.8805107275645e-12,5632,96734
21,3.8805107275645e-12,5632,96734
22,3.8805107275645e-12,5632,96734
23,-44.6301876835913,5632,96734
1,2.91038304567337e-12,2311,96761
2,2.91038304567337e-12,2311,96761
3,2.91038304567337e-12,2311,96761
4,2.91038304567337e-12,2311,96761
5,2.91038304567337e-12,2311,96761
6,2.91038304567337e-12,2311,96761
7,2.91038304567337e-12,2311,96761
8,2.91038304567337e-12,2311,96761
9,2.91038304567337e-12,2311,96761
10,2.91038304567337e-12,2311,96761
11,2.91038304567337e-12,2311,96761
12,2.91038304567337e-12,2311,96761
13,2.91038304567337e-12,2311,96761
14,-33.0972224850625,2311,96761
15,2.91038304567337e-12,2311,96761
16,2.91038304567337e-12,2311,96761
17,2.91038304567337e-12,2311,96761
18,2.91038304567337e-12,2311,96761
19,2.91038304567337e-12,2311,96761
20,2.91038304567337e-12,2311,96761
21,2.91038304567337e-12,2311,96761
22,2.91038304567337e-12,2311,96761
23,-33.0972224850625,2311,96761
1,-4.85063840945562e-12,2316,96789
2,-4.85063840945562e-12,2316,96789
3,-4.85063840945562e-12,2316,96789
4,-4.85063840945562e-12,2316,96789
5,-4.85063840945562e-12,2316,96789
6,-4.85063840945562e-12,2316,96789
7,-4.85063840945562e-12,2316,96789
8,-4.85063840945562e-12,2316,96789
9,-4.85063840945562e-12,2316,96789
10,-4.85063840945562e-12,2316,96789
11,-4.85063840945562e-12,2316,96789
12,-4.85063840945562e-12,2316,96789
13,-4.85063840945562e-12,2316,96789
14,-33.4879949263865,2316,96789
15,-4.85063840945562e-12,2316,96789
16,-4.85063840945562e-12,2316,96789
17,-4.85063840945562e-12,2316,96789
18,-4.85063840945562e-12,2316,96789
19,-4.85063840945562e-12,2316,96789
20,-4.85063840945562e-12,2316,96789
21,-4.85063840945562e-12,2316,96789
22,-4.85063840945562e-12,2316,96789
23,-33.4879949263865,2316,96789
1,-6.79089377323786e-12,5633,96720
2,-6.79089377323786e-12,5633,96720
3,-6.79089377323786e-12,5633,96720
4,-6.79089377323786e-12,5633,96720
5,-6.79089377323786e-12,5633,96720
6,-6.79089377323786e-12,5633,96720
7,-6.79089377323786e-12,5633,96720
8,-19.8737093995651,5633,96720
9,-6.79089377323786e-12,5633,96720
10,-6.79089377323786e-12,5633,96720
11,-6.79089377323786e-12,5633,96720
12,-6.79089377323786e-12,5633,96720
13,-6.79089377323786e-12,5633,96720
14,-6.79089377323786e-12,5633,96720
15,-6.79089377323786e-12,5633,96720
16,-6.79089377323786e-12,5633,96720
17,-6.79089377323786e-12,5633,96720
18,-6.79089377323786e-12,5633,96720
19,-6.79089377323786e-12,5633,96720
20,-6.79089377323786e-12,5633,96720
21,-6.79089377323786e-12,5633,96720
22,-6.79089377323786e-12,5633,96720
23,-19.8737094029294,5633,96720
1,-7.76102145512899e-12,2321,96734
2,-7.76102145512899e-12,2321,96734
3,-7.76102145512899e-12,2321,96734
4,-7.76102145512899e-12,2321,96734
5,-7.76102145512899e-12,2321,96734
6,-7.76102145512899e-12,2321,96734
7,-7.76102145512899e-12,2321,96734
8,-7.76102145512899e-12,2321,96734
9,-7.76102145512899e-12,2321,96734
10,-7.76102145512899e-12,2321,96734
11,-7.76102145512899e-12,2321,96734
12,-7.76102145512899e-12,2321,96734
13,-7.76102145512899e-12,2321,96734
14,-7.76102145512899e-12,2321,96734
15,-7.76102145512899e-12,2321,96734
16,-7.76102145512899e-12,2321,96734
17,-18.8136100516033,2321,96734
18,-7.76102145512899e-12,2321,96734
19,-7.76102145512899e-12,2321,96734
20,-7.76102145512899e-12,2321,96734
21,-7.76102145512899e-12,2321,96734
22,-7.76102145512899e-12,2321,96734
23,-18.8136100520225,2321,96734
1,-1.06714045008024e-11,2330,96707
2,-1.06714045008024e-11,2330,96707
3,-1.06714045008024e-11,2330,96707
4,-1.06714045008024e-11,2330,96707
5,-1.06714045008024e-11,2330,96707
6,-1.06714045008024e-11,2330,96707
7,-1.06714045008024e-11,2330,96707
8,-21.9011744110986,2330,96707
9,-1.06714045008024e-11,2330,96707
10,-1.06714045008024e-11,2330,96707
11,-1.06714045008024e-11,2330,96707
12,-1.06714045008024e-11,2330,96707
13,-1.06714045008024e-11,2330,96707
14,-1.06714045008024e-11,2330,96707
15,-1.06714045008024e-11,2330,96707
16,-1.06714045008024e-11,2330,96707
17,-1.06714045008024e-11,2330,96707
18,-1.06714045008024e-11,2330,96707
19,-1.06714045008024e-11,2330,96707
20,-1.06714045008024e-11,2330,96707
21,-1.06714045008024e-11,2330,96707
22,-1.06714045008024e-11,2330,96707
23,-21.9011744110986,2330,96707
1,-5.82076609134674e-12,2340,96819
2,-5.82076609134674e-12,2340,96819
3,-5.82076609134674e-12,2340,96819
4,-5.82076609134674e-12,2340,96819
5,-5.82076609134674e-12,2340,96819
6,-5.82076609134674e-12,2340,96819
7,-5.82076609134674e-12,2340,96819
8,-5.82076609134674e-12,2340,96819
9,-5.82076609134674e-12,2340,96819
10,-5.82076609134674e-12,2340,96819
11,-5.82076609134674e-12,2340,96819
12,-5.82076609134674e-12,2340,96819
13,-5.82076609134674e-12,2340,96819
14,-5.82076609134674e-12,2340,96819
15,-17.5988992570938,2340,96819
16,-5.82076609134674e-12,2340,96819
17,-5.82076609134674e-12,2340,96819
18,-5.82076609134674e-12,2340,96819
19,-5.82076609134674e-12,2340,96819
20,-5.82076609134674e-12,2340,96819
21,-5.82076609134674e-12,2340,96819
22,-5.82076609134674e-12,2340,96819
23,-17.5988992570938,2340,96819
1,-8.73114913702011e-12,2345,96818
2,-8.73114913702011e-12,2345,96818
3,-8.73114913702011e-12,2345,96818
4,-8.73114913702011e-12,2345,96818
5,-8.73114913702011e-12,2345,96818
6,-8.73114913702011e-12,2345,96818
7,-8.73114913702011e-12,2345,96818
8,-8.73114913702011e-12,2345,96818
9,-8.73114913702011e-12,2345,96818
10,-8.73114913702011e-12,2345,96818
11,-8.73114913702011e-12,2345,96818
12,-8.73114913702011e-12,2345,96818
13,-8.73114913702011e-12,2345,96818
14,-28.6883483075236,2345,96818
15,-8.73114913702011e-12,2345,96818
16,-8.73114913702011e-12,2345,96818
17,-8.73114913702011e-12,2345,96818
18,-8.73114913702011e-12,2345,96818
19,-8.73114913702011e-12,2345,96818
20,-8.73114913702011e-12,2345,96818
21,-8.73114913702011e-12,2345,96818
22,-8.73114913702011e-12,2345,96818
23,-28.6883483075236,2345,96818
1,-1.64921705921491e-11,2350,96746
2,-1.64921705921491e-11,2350,96746
3,-1.64921705921491e-11,2350,96746
4,-1.64921705921491e-11,2350,96746
5,-1.64921705921491e-11,2350,96746
6,-1.64921705921491e-11,2350,96746
7,-1.64921705921491e-11,2350,96746
8,-1.64921705921491e-11,2350,96746
9,-1.64921705921491e-11,2350,96746
10,-1.64921705921491e-11,2350,96746
11,-1.64921705921491e-11,2350,96746
12,-1.64921705921491e-11,2350,96746
13,-1.64921705921491e-11,2350,96746
14,-1.64921705921491e-11,2350,96746
15,-1.64921705921491e-11,2350,96746
16,-1.64921705921491e-11,2350,96746
17,-1.64921705921491e-11,2350,96746
18,-1.64921705921491e-11,2350,96746
19,-1.64921705921491e-11,2350,96746
20,-1.64921705921491e-11,2350,96746
21,-120.113397204101,2350,96746
22,-1.64921705921491e-11,2350,96746
23,-120.113397242171,2350,96746
1,-5.57823417087396e-12,2359,96707
2,-5.57823417087396e-12,2359,96707
3,-5.57823417087396e-12,2359,96707
4,-5.57823417087396e-12,2359,96707
5,-5.57823417087396e-12,2359,96707
6,-5.57823417087396e-12,2359,96707
7,-5.57823417087396e-12,2359,96707
8,-5.57823417087396e-12,2359,96707
9,-5.57823417087396e-12,2359,96707
10,-5.57823417087396e-12,2359,96707
11,-5.57823417087396e-12,2359,96707
12,-5.57823417087396e-12,2359,96707
13,-5.57823417087396e-12,2359,96707
14,-5.57823417087396e-12,2359,96707
15,-5.57823417087396e-12,2359,96707
16,-5.57823417087396e-12,2359,96707
17,-5.57823417087396e-12,2359,96707
18,-5.57823417087396e-12,2359,96707
19,-5.57823417087396e-12,2359,96707
20,-22.0683677848288,2359,96707
21,-5.57823417087396e-12,2359,96707
22,-5.57823417087396e-12,2359,96707
23,-22.0683677898021,2359,96707
1,1.2126596023639e-11,2364,96826
2,1.2126596023639e-11,2364,96826
3,1.2126596023639e-11,2364,96826
4,1.2126596023639e-11,2364,96826
5,1.2126596023639e-11,2364,96826
6,-40.5372082370159,2364,96826
7,1.2126596023639e-11,2364,96826
8,1.2126596023639e-11,2364,96826
9,1.2126596023639e-11,2364,96826
10,1.2126596023639e-11,2364,96826
11,1.2126596023639e-11,2364,96826
12,1.2126596023639e-11,2364,96826
13,1.2126596023639e-11,2364,96826
14,1.2126596023639e-11,2364,96826
15,-36.751192935187,2364,96826
16,1.2126596023639e-11,2364,96826
17,1.2126596023639e-11,2364,96826
18,1.2126596023639e-11,2364,96826
19,1.2126596023639e-11,2364,96826
20,1.2126596023639e-11,2364,96826
21,1.2126596023639e-11,2364,96826
22,1.2126596023639e-11,2364,96826
23,-77.4279340590287,2364,96826
1,-1.94025536378225e-12,2361,96746
2,-1.94025536378225e-12,2361,96746
3,-1.94025536378225e-12,2361,96746
4,-1.94025536378225e-12,2361,96746
5,-1.94025536378225e-12,2361,96746
6,-30.2160077730752,2361,96746
7,-1.94025536378225e-12,2361,96746
8,-1.94025536378225e-12,2361,96746
9,-1.94025536378225e-12,2361,96746
10,-1.94025536378225e-12,2361,96746
11,-81.5642218629471,2361,96746
12,-1.94025536378225e-12,2361,96746
13,-1.94025536378225e-12,2361,96746
14,-1.94025536378225e-12,2361,96746
15,-1.94025536378225e-12,2361,96746
16,-1.94025536378225e-12,2361,96746
17,-1.94025536378225e-12,2361,96746
18,-1.94025536378225e-12,2361,96746
19,-1.94025536378225e-12,2361,96746
20,-1.94025536378225e-12,2361,96746
21,-1.94025536378225e-12,2361,96746
22,-1.94025536378225e-12,2361,96746
23,-111.974299398074,2361,96746
1,-1.45519152283669e-12,2366,96746
2,-1.45519152283669e-12,2366,96746
3,-1.45519152283669e-12,2366,96746
4,-1.45519152283669e-12,2366,96746
5,-1.45519152283669e-12,2366,96746
6,-1.45519152283669e-12,2366,96746
7,-1.45519152283669e-12,2366,96746
8,-1.45519152283669e-12,2366,96746
9,-1.45519152283669e-12,2366,96746
10,-1.45519152283669e-12,2366,96746
11,-1.45519152283669e-12,2366,96746
12,-1.45519152283669e-12,2366,96746
13,-1.45519152283669e-12,2366,96746
14,-1.45519152283669e-12,2366,96746
15,-1.45519152283669e-12,2366,96746
16,-1.45519152283669e-12,2366,96746
17,-1.45519152283669e-12,2366,96746
18,-1.45519152283669e-12,2366,96746
19,-1.45519152283669e-12,2366,96746
20,-20.5384777808615,2366,96746
21,-1.45519152283669e-12,2366,96746
22,-1.45519152283669e-12,2366,96746
23,-20.5384777808615,2366,96746
1,-5.33570225040118e-12,2379,96791
2,-5.33570225040118e-12,2379,96791
3,-5.33570225040118e-12,2379,96791
4,-5.33570225040118e-12,2379,96791
5,-5.33570225040118e-12,2379,96791
6,-5.33570225040118e-12,2379,96791
7,-5.33570225040118e-12,2379,96791
8,-5.33570225040118e-12,2379,96791
9,-5.33570225040118e-12,2379,96791
10,-5.33570225040118e-12,2379,96791
11,-5.33570225040118e-12,2379,96791
12,-5.33570225040118e-12,2379,96791
13,-5.33570225040118e-12,2379,96791
14,-24.3862026807498,2379,96791
15,-5.33570225040118e-12,2379,96791
16,-5.33570225040118e-12,2379,96791
17,-5.33570225040118e-12,2379,96791
18,-5.33570225040118e-12,2379,96791
19,-5.33570225040118e-12,2379,96791
20,-5.33570225040118e-12,2379,96791
21,-5.33570225040118e-12,2379,96791
22,-5.33570225040118e-12,2379,96791
23,-24.3862026807498,2379,96791
1,-1.40668513874213e-11,2384,96766
2,-1.40668513874213e-11,2384,96766
3,-1.40668513874213e-11,2384,96766
4,-1.40668513874213e-11,2384,96766
5,-1.40668513874213e-11,2384,96766
6,-1.40668513874213e-11,2384,96766
7,-1.40668513874213e-11,2384,96766
8,-1.40668513874213e-11,2384,96766
9,-1.40668513874213e-11,2384,96766
10,-1.40668513874213e-11,2384,96766
11,-1.40668513874213e-11,2384,96766
12,-1.40668513874213e-11,2384,96766
13,-1.40668513874213e-11,2384,96766
14,-1.40668513874213e-11,2384,96766
15,-1.40668513874213e-11,2384,96766
16,-1.40668513874213e-11,2384,96766
17,-20.8709565592932,2384,96766
18,-1.40668513874213e-11,2384,96766
19,-1.40668513874213e-11,2384,96766
20,-1.40668513874213e-11,2384,96766
21,-1.40668513874213e-11,2384,96766
22,-1.40668513874213e-11,2384,96766
23,-20.8709565593284,2384,96766
1,-4.85063840945562e-12,2386,96744
2,-4.85063840945562e-12,2386,96744
3,-4.85063840945562e-12,2386,96744
4,-4.85063840945562e-12,2386,96744
5,-4.85063840945562e-12,2386,96744
6,-4.85063840945562e-12,2386,96744
7,-4.85063840945562e-12,2386,96744
8,-4.85063840945562e-12,2386,96744
9,-4.85063840945562e-12,2386,96744
10,-4.85063840945562e-12,2386,96744
11,-4.85063840945562e-12,2386,96744
12,-4.85063840945562e-12,2386,96744
13,-4.85063840945562e-12,2386,96744
14,-4.85063840945562e-12,2386,96744
15,-108.116375840654,2386,96744
16,-4.85063840945562e-12,2386,96744
17,-4.85063840945562e-12,2386,96744
18,-4.85063840945562e-12,2386,96744
19,-4.85063840945562e-12,2386,96744
20,-4.85063840945562e-12,2386,96744
21,-4.85063840945562e-12,2386,96744
22,-4.85063840945562e-12,2386,96744
23,-108.116375840654,2386,96744
1,-1.01863406598568e-11,2388,96822
2,-1.01863406598568e-11,2388,96822
3,-1.01863406598568e-11,2388,96822
4,-1.01863406598568e-11,2388,96822
5,-1.01863406598568e-11,2388,96822
6,-1.01863406598568e-11,2388,96822
7,-1.01863406598568e-11,2388,96822
8,-1.01863406598568e-11,2388,96822
9,-1.01863406598568e-11,2388,96822
10,-1.01863406598568e-11,2388,96822
11,-1.01863406598568e-11,2388,96822
12,-1.01863406598568e-11,2388,96822
13,-1.01863406598568e-11,2388,96822
14,-27.0382314857367,2388,96822
15,-1.01863406598568e-11,2388,96822
16,-1.01863406598568e-11,2388,96822
17,-1.01863406598568e-11,2388,96822
18,-1.01863406598568e-11,2388,96822
19,-1.01863406598568e-11,2388,96822
20,-1.01863406598568e-11,2388,96822
21,-1.01863406598568e-11,2388,96822
22,-1.01863406598568e-11,2388,96822
23,-27.0382314857367,2388,96822
1,-4.85063840945561e-13,5649,96818
2,-4.85063840945561e-13,5649,96818
3,-4.85063840945561e-13,5649,96818
4,-4.85063840945561e-13,5649,96818
5,-4.85063840945561e-13,5649,96818
6,-4.85063840945561e-13,5649,96818
7,-4.85063840945561e-13,5649,96818
8,-4.85063840945561e-13,5649,96818
9,-4.85063840945561e-13,5649,96818
10,-4.85063840945561e-13,5649,96818
11,-4.85063840945561e-13,5649,96818
12,-4.85063840945561e-13,5649,96818
13,-4.85063840945561e-13,5649,96818
14,-31.9997600858156,5649,96818
15,-4.85063840945561e-13,5649,96818
16,-4.85063840945561e-13,5649,96818
17,-4.85063840945561e-13,5649,96818
18,-4.85063840945561e-13,5649,96818
19,-4.85063840945561e-13,5649,96818
20,-4.85063840945561e-13,5649,96818
21,-4.85063840945561e-13,5649,96818
22,-4.85063840945561e-13,5649,96818
23,-31.9997600887858,5649,96818
1,1.94025536378225e-12,1952,96782
2,1.94025536378225e-12,1952,96782
3,1.94025536378225e-12,1952,96782
4,1.94025536378225e-12,1952,96782
5,1.94025536378225e-12,1952,96782
6,1.94025536378225e-12,1952,96782
7,1.94025536378225e-12,1952,96782
8,1.94025536378225e-12,1952,96782
9,1.94025536378225e-12,1952,96782
10,1.94025536378225e-12,1952,96782
11,-18.6552433793064,1952,96782
12,1.94025536378225e-12,1952,96782
13,1.94025536378225e-12,1952,96782
14,1.94025536378225e-12,1952,96782
15,1.94025536378225e-12,1952,96782
16,1.94025536378225e-12,1952,96782
17,1.94025536378225e-12,1952,96782
18,1.94025536378225e-12,1952,96782
19,1.94025536378225e-12,1952,96782
20,1.94025536378225e-12,1952,96782
21,1.94025536378225e-12,1952,96782
22,1.94025536378225e-12,1952,96782
23,-18.6552433793064,1952,96782
1,-6.79089377323787e-12,2402,96819
2,-6.79089377323787e-12,2402,96819
3,-6.79089377323787e-12,2402,96819
4,-6.79089377323787e-12,2402,96819
5,-6.79089377323787e-12,2402,96819
6,-6.79089377323787e-12,2402,96819
7,-6.79089377323787e-12,2402,96819
8,-6.79089377323787e-12,2402,96819
9,-6.79089377323787e-12,2402,96819
10,-6.79089377323787e-12,2402,96819
11,-6.79089377323787e-12,2402,96819
12,-6.79089377323787e-12,2402,96819
13,-6.79089377323787e-12,2402,96819
14,-32.7438520598904,2402,96819
15,-6.79089377323787e-12,2402,96819
16,-6.79089377323787e-12,2402,96819
17,-6.79089377323787e-12,2402,96819
18,-6.79089377323787e-12,2402,96819
19,-6.79089377323787e-12,2402,96819
20,-6.79089377323787e-12,2402,96819
21,-6.79089377323787e-12,2402,96819
22,-6.79089377323787e-12,2402,96819
23,-32.7438520598904,2402,96819
1,-2.91038304567337e-12,2403,96813
2,-2.91038304567337e-12,2403,96813
3,-2.91038304567337e-12,2403,96813
4,-2.91038304567337e-12,2403,96813
5,-2.91038304567337e-12,2403,96813
6,-2.91038304567337e-12,2403,96813
7,-2.91038304567337e-12,2403,96813
8,-2.91038304567337e-12,2403,96813
9,-2.91038304567337e-12,2403,96813
10,-2.91038304567337e-12,2403,96813
11,-2.91038304567337e-12,2403,96813
12,-2.91038304567337e-12,2403,96813
13,-2.91038304567337e-12,2403,96813
14,-2.91038304567337e-12,2403,96813
15,-19.4881161197557,2403,96813
16,-2.91038304567337e-12,2403,96813
17,-2.91038304567337e-12,2403,96813
18,-2.91038304567337e-12,2403,96813
19,-2.91038304567337e-12,2403,96813
20,-2.91038304567337e-12,2403,96813
21,-2.91038304567337e-12,2403,96813
22,-2.91038304567337e-12,2403,96813
23,-19.4881161238676,2403,96813
1,-8.00355337560177e-12,2405,96786
2,-8.00355337560177e-12,2405,96786
3,-8.00355337560177e-12,2405,96786
4,-8.00355337560177e-12,2405,96786
5,-8.00355337560177e-12,2405,96786
6,-8.00355337560177e-12,2405,96786
7,-8.00355337560177e-12,2405,96786
8,-8.00355337560177e-12,2405,96786
9,-8.00355337560177e-12,2405,96786
10,-8.00355337560177e-12,2405,96786
11,-8.00355337560177e-12,2405,96786
12,-8.00355337560177e-12,2405,96786
13,-8.00355337560177e-12,2405,96786
14,-8.00355337560177e-12,2405,96786
15,-8.00355337560177e-12,2405,96786
16,-8.00355337560177e-12,2405,96786
17,-90.3501377335036,2405,96786
18,-8.00355337560177e-12,2405,96786
19,-8.00355337560177e-12,2405,96786
20,-8.00355337560177e-12,2405,96786
21,-8.00355337560177e-12,2405,96786
22,-8.00355337560177e-12,2405,96786
23,-90.3501377450348,2405,96786
1,-2.42531920472781e-12,5652,96818
2,-2.42531920472781e-12,5652,96818
3,-2.42531920472781e-12,5652,96818
4,-2.42531920472781e-12,5652,96818
5,-2.42531920472781e-12,5652,96818
6,-2.42531920472781e-12,5652,96818
7,-2.42531920472781e-12,5652,96818
8,-21.9067381986992,5652,96818
9,-2.42531920472781e-12,5652,96818
10,-2.42531920472781e-12,5652,96818
11,-2.42531920472781e-12,5652,96818
12,-2.42531920472781e-12,5652,96818
13,-2.42531920472781e-12,5652,96818
14,-2.42531920472781e-12,5652,96818
15,-2.42531920472781e-12,5652,96818
16,-2.42531920472781e-12,5652,96818
17,-2.42531920472781e-12,5652,96818
18,-2.42531920472781e-12,5652,96818
19,-2.42531920472781e-12,5652,96818
20,-2.42531920472781e-12,5652,96818
21,-2.42531920472781e-12,5652,96818
22,-2.42531920472781e-12,5652,96818
23,-21.9067381987862,5652,96818
1,-2.3283064365387e-11,2423,96813
2,-2.3283064365387e-11,2423,96813
3,-2.3283064365387e-11,2423,96813
4,-2.3283064365387e-11,2423,96813
5,-2.3283064365387e-11,2423,96813
6,-2.3283064365387e-11,2423,96813
7,-2.3283064365387e-11,2423,96813
8,-2.3283064365387e-11,2423,96813
9,-2.3283064365387e-11,2423,96813
10,-2.3283064365387e-11,2423,96813
11,-2.3283064365387e-11,2423,96813
12,-2.3283064365387e-11,2423,96813
13,-2.3283064365387e-11,2423,96813
14,-333.914307927721,2423,96813
15,-2.3283064365387e-11,2423,96813
16,-2.3283064365387e-11,2423,96813
17,-2.3283064365387e-11,2423,96813
18,-2.3283064365387e-11,2423,96813
19,-2.3283064365387e-11,2423,96813
20,-2.3283064365387e-11,2423,96813
21,-2.3283064365387e-11,2423,96813
22,-2.3283064365387e-11,2423,96813
23,-333.914307927721,2423,96813
1,-9.70127681891125e-13,5659,96712
2,-9.70127681891125e-13,5659,96712
3,-9.70127681891125e-13,5659,96712
4,-9.70127681891125e-13,5659,96712
5,-9.70127681891125e-13,5659,96712
6,-9.70127681891125e-13,5659,96712
7,-9.70127681891125e-13,5659,96712
8,-9.70127681891125e-13,5659,96712
9,-9.70127681891125e-13,5659,96712
10,-9.70127681891125e-13,5659,96712
11,-9.70127681891125e-13,5659,96712
12,-9.70127681891125e-13,5659,96712
13,-9.70127681891125e-13,5659,96712
14,-23.8919162509189,5659,96712
15,-9.70127681891125e-13,5659,96712
16,-9.70127681891125e-13,5659,96712
17,-9.70127681891125e-13,5659,96712
18,-9.70127681891125e-13,5659,96712
19,-9.70127681891125e-13,5659,96712
20,-9.70127681891125e-13,5659,96712
21,-9.70127681891125e-13,5659,96712
22,-9.70127681891125e-13,5659,96712
23,-23.8919162509189,5659,96712
1,-4.36557456851005e-12,2441,96734
2,-4.36557456851005e-12,2441,96734
3,-4.36557456851005e-12,2441,96734
4,-4.36557456851005e-12,2441,96734
5,-4.36557456851005e-12,2441,96734
6,-4.36557456851005e-12,2441,96734
7,-4.36557456851005e-12,2441,96734
8,-4.36557456851005e-12,2441,96734
9,-4.36557456851005e-12,2441,96734
10,-4.36557456851005e-12,2441,96734
11,-4.36557456851005e-12,2441,96734
12,-4.36557456851005e-12,2441,96734
13,-4.36557456851005e-12,2441,96734
14,-22.9629324079149,2441,96734
15,-4.36557456851005e-12,2441,96734
16,-4.36557456851005e-12,2441,96734
17,-4.36557456851005e-12,2441,96734
18,-4.36557456851005e-12,2441,96734
19,-4.36557456851005e-12,2441,96734
20,-4.36557456851005e-12,2441,96734
21,-4.36557456851005e-12,2441,96734
22,-4.36557456851005e-12,2441,96734
23,-22.9629324079149,2441,96734
1,-4.85063840945562e-12,2442,96797
2,-4.85063840945562e-12,2442,96797
3,-4.85063840945562e-12,2442,96797
4,-4.85063840945562e-12,2442,96797
5,-4.85063840945562e-12,2442,96797
6,-4.85063840945562e-12,2442,96797
7,-4.85063840945562e-12,2442,96797
8,-4.85063840945562e-12,2442,96797
9,-4.85063840945562e-12,2442,96797
10,-4.85063840945562e-12,2442,96797
11,-4.85063840945562e-12,2442,96797
12,-4.85063840945562e-12,2442,96797
13,-4.85063840945562e-12,2442,96797
14,-19.97758128102,2442,96797
15,-4.85063840945562e-12,2442,96797
16,-4.85063840945562e-12,2442,96797
17,-4.85063840945562e-12,2442,96797
18,-4.85063840945562e-12,2442,96797
19,-4.85063840945562e-12,2442,96797
20,-4.85063840945562e-12,2442,96797
21,-4.85063840945562e-12,2442,96797
22,-4.85063840945562e-12,2442,96797
23,-19.97758128102,2442,96797
1,-1.74622982740402e-11,2444,96707
2,-1.74622982740402e-11,2444,96707
3,-1.74622982740402e-11,2444,96707
4,-1.74622982740402e-11,2444,96707
5,-1.74622982740402e-11,2444,96707
6,-1.74622982740402e-11,2444,96707
7,-1.74622982740402e-11,2444,96707
8,-1.74622982740402e-11,2444,96707
9,-1.74622982740402e-11,2444,96707
10,-13.6807504762542,2444,96707
11,-1.74622982740402e-11,2444,96707
12,-1.74622982740402e-11,2444,96707
13,-1.74622982740402e-11,2444,96707
14,-1.74622982740402e-11,2444,96707
15,-1.74622982740402e-11,2444,96707
16,-1.74622982740402e-11,2444,96707
17,-1.74622982740402e-11,2444,96707
18,-1.74622982740402e-11,2444,96707
19,-1.74622982740402e-11,2444,96707
20,-1.74622982740402e-11,2444,96707
21,-1.74622982740402e-11,2444,96707
22,-1.74622982740402e-11,2444,96707
23,-13.68075047967,2444,96707
1,-4.36557456851005e-12,2446,96791
2,-4.36557456851005e-12,2446,96791
3,-111.518058651899,2446,96791
4,-4.36557456851005e-12,2446,96791
5,-4.36557456851005e-12,2446,96791
6,-4.36557456851005e-12,2446,96791
7,-4.36557456851005e-12,2446,96791
8,-4.36557456851005e-12,2446,96791
9,-4.36557456851005e-12,2446,96791
10,-4.36557456851005e-12,2446,96791
11,-4.36557456851005e-12,2446,96791
12,-4.36557456851005e-12,2446,96791
13,-4.36557456851005e-12,2446,96791
14,-4.36557456851005e-12,2446,96791
15,-4.36557456851005e-12,2446,96791
16,-4.36557456851005e-12,2446,96791
17,-4.36557456851005e-12,2446,96791
18,-4.36557456851005e-12,2446,96791
19,-4.36557456851005e-12,2446,96791
20,-4.36557456851005e-12,2446,96791
21,-4.36557456851005e-12,2446,96791
22,-4.36557456851005e-12,2446,96791
23,-111.5180587746,2446,96791
1,-7.03342569371064e-12,2457,96786
2,-7.03342569371064e-12,2457,96786
3,-7.03342569371064e-12,2457,96786
4,-7.03342569371064e-12,2457,96786
5,-7.03342569371064e-12,2457,96786
6,-7.03342569371064e-12,2457,96786
7,-7.03342569371064e-12,2457,96786
8,-19.226031969808,2457,96786
9,-7.03342569371064e-12,2457,96786
10,-7.03342569371064e-12,2457,96786
11,-7.03342569371064e-12,2457,96786
12,-13.9277092278258,2457,96786
13,-7.03342569371064e-12,2457,96786
14,-7.03342569371064e-12,2457,96786
15,-7.03342569371064e-12,2457,96786
16,-7.03342569371064e-12,2457,96786
17,-7.03342569371064e-12,2457,96786
18,-7.03342569371064e-12,2457,96786
19,-7.03342569371064e-12,2457,96786
20,-7.03342569371064e-12,2457,96786
21,-7.03342569371064e-12,2457,96786
22,-7.03342569371064e-12,2457,96786
23,-33.1870603325207,2457,96786
1,-1.45519152283667e-12,2461,96817
2,-1.45519152283667e-12,2461,96817
3,-1.45519152283667e-12,2461,96817
4,-1.45519152283667e-12,2461,96817
5,-1.45519152283667e-12,2461,96817
6,-1.45519152283667e-12,2461,96817
7,-1.45519152283667e-12,2461,96817
8,-1.45519152283667e-12,2461,96817
9,-1.45519152283667e-12,2461,96817
10,-1.45519152283667e-12,2461,96817
11,-1.45519152283667e-12,2461,96817
12,-1.45519152283667e-12,2461,96817
13,-1.45519152283667e-12,2461,96817
14,-18.8421258760262,2461,96817
15,-1.45519152283667e-12,2461,96817
16,-1.45519152283667e-12,2461,96817
17,-1.45519152283667e-12,2461,96817
18,-1.45519152283667e-12,2461,96817
19,-1.45519152283667e-12,2461,96817
20,-1.45519152283667e-12,2461,96817
21,-1.45519152283667e-12,2461,96817
22,-1.45519152283667e-12,2461,96817
23,-18.8421258760262,2461,96817
1,-8.24608529607455e-12,2471,96789
2,-8.24608529607455e-12,2471,96789
3,-8.24608529607455e-12,2471,96789
4,-8.24608529607455e-12,2471,96789
5,-8.24608529607455e-12,2471,96789
6,-8.24608529607455e-12,2471,96789
7,-8.24608529607455e-12,2471,96789
8,-8.24608529607455e-12,2471,96789
9,-8.24608529607455e-12,2471,96789
10,-8.24608529607455e-12,2471,96789
11,-0.871046508525435,2471,96789
12,-8.24608529607455e-12,2471,96789
13,-8.24608529607455e-12,2471,96789
14,-8.24608529607455e-12,2471,96789
15,-8.24608529607455e-12,2471,96789
16,-8.24608529607455e-12,2471,96789
17,-8.24608529607455e-12,2471,96789
18,-8.24608529607455e-12,2471,96789
19,-8.24608529607455e-12,2471,96789
20,-8.24608529607455e-12,2471,96789
21,-0.972003753668425,2471,96789
22,-8.24608529607455e-12,2471,96789
23,-1.84314504986057,2471,96789
1,-1.01863406598568e-11,1953,96818
2,-1.01863406598568e-11,1953,96818
3,-1.01863406598568e-11,1953,96818
4,-1.01863406598568e-11,1953,96818
5,-1.01863406598568e-11,1953,96818
6,-1.01863406598568e-11,1953,96818
7,-1.01863406598568e-11,1953,96818
8,-1.01863406598568e-11,1953,96818
9,-1.01863406598568e-11,1953,96818
10,-1.01863406598568e-11,1953,96818
11,-1.01863406598568e-11,1953,96818
12,-1.01863406598568e-11,1953,96818
13,-1.01863406598568e-11,1953,96818
14,-1.01863406598568e-11,1953,96818
15,-1.01863406598568e-11,1953,96818
16,-1.01863406598568e-11,1953,96818
17,-21.6296332917181,1953,96818
18,-1.01863406598568e-11,1953,96818
19,-1.01863406598568e-11,1953,96818
20,-1.01863406598568e-11,1953,96818
21,-1.01863406598568e-11,1953,96818
22,-1.01863406598568e-11,1953,96818
23,-21.6296332917181,1953,96818
1,-9.70127681891127e-13,2495,96791
2,-9.70127681891127e-13,2495,96791
3,-9.70127681891127e-13,2495,96791
4,-4.89300334880657,2495,96791
5,-9.70127681891127e-13,2495,96791
6,-9.70127681891127e-13,2495,96791
7,-9.70127681891127e-13,2495,96791
8,-9.70127681891127e-13,2495,96791
9,-9.70127681891127e-13,2495,96791
10,-9.70127681891127e-13,2495,96791
11,-9.70127681891127e-13,2495,96791
12,-9.70127681891127e-13,2495,96791
13,-9.70127681891127e-13,2495,96791
14,-9.70127681891127e-13,2495,96791
15,-9.70127681891127e-13,2495,96791
16,-9.70127681891127e-13,2495,96791
17,-9.70127681891127e-13,2495,96791
18,-9.70127681891127e-13,2495,96791
19,-9.70127681891127e-13,2495,96791
20,-9.70127681891127e-13,2495,96791
21,-9.70127681891127e-13,2495,96791
22,-9.70127681891127e-13,2495,96791
23,-4.89300334880657,2495,96791
1,-1.26116598645846e-11,2496,96761
2,-1.26116598645846e-11,2496,96761
3,-1.26116598645846e-11,2496,96761
4,-1.26116598645846e-11,2496,96761
5,-1.26116598645846e-11,2496,96761
6,-1.26116598645846e-11,2496,96761
7,-1.26116598645846e-11,2496,96761
8,-1.26116598645846e-11,2496,96761
9,-1.26116598645846e-11,2496,96761
10,-1.26116598645846e-11,2496,96761
11,-1.26116598645846e-11,2496,96761
12,-1.26116598645846e-11,2496,96761
13,-1.26116598645846e-11,2496,96761
14,-1.26116598645846e-11,2496,96761
15,-21.3512135861661,2496,96761
16,-1.26116598645846e-11,2496,96761
17,-1.26116598645846e-11,2496,96761
18,-1.26116598645846e-11,2496,96761
19,-1.26116598645846e-11,2496,96761
20,-1.26116598645846e-11,2496,96761
21,-1.26116598645846e-11,2496,96761
22,-1.26116598645846e-11,2496,96761
23,-21.3512135903205,2496,96761
1,-122.727471332945,5674,96766
2,-2.42531920472781e-12,5674,96766
3,-2.42531920472781e-12,5674,96766
4,-2.42531920472781e-12,5674,96766
5,-2.42531920472781e-12,5674,96766
6,-2.42531920472781e-12,5674,96766
7,-2.42531920472781e-12,5674,96766
8,-2.42531920472781e-12,5674,96766
9,-2.42531920472781e-12,5674,96766
10,-2.42531920472781e-12,5674,96766
11,-2.42531920472781e-12,5674,96766
12,-2.42531920472781e-12,5674,96766
13,-2.42531920472781e-12,5674,96766
14,-2.42531920472781e-12,5674,96766
15,-2.42531920472781e-12,5674,96766
16,-2.42531920472781e-12,5674,96766
17,-2.42531920472781e-12,5674,96766
18,-2.42531920472781e-12,5674,96766
19,-2.42531920472781e-12,5674,96766
20,-2.42531920472781e-12,5674,96766
21,-2.42531920472781e-12,5674,96766
22,-2.42531920472781e-12,5674,96766
23,-122.727471407408,5674,96766
1,-41.8326365092347,2502,96734
2,3.39544688661893e-12,2502,96734
3,3.39544688661893e-12,2502,96734
4,3.39544688661893e-12,2502,96734
5,3.39544688661893e-12,2502,96734
6,3.39544688661893e-12,2502,96734
7,3.39544688661893e-12,2502,96734
8,3.39544688661893e-12,2502,96734
9,3.39544688661893e-12,2502,96734
10,3.39544688661893e-12,2502,96734
11,3.39544688661893e-12,2502,96734
12,3.39544688661893e-12,2502,96734
13,3.39544688661893e-12,2502,96734
14,3.39544688661893e-12,2502,96734
15,3.39544688661893e-12,2502,96734
16,3.39544688661893e-12,2502,96734
17,3.39544688661893e-12,2502,96734
18,3.39544688661893e-12,2502,96734
19,3.39544688661893e-12,2502,96734
20,3.39544688661893e-12,2502,96734
21,3.39544688661893e-12,2502,96734
22,3.39544688661893e-12,2502,96734
23,-41.8326365092347,2502,96734
1,-1.9887617478768e-11,2503,96746
2,-1.9887617478768e-11,2503,96746
3,-1.9887617478768e-11,2503,96746
4,-1.9887617478768e-11,2503,96746
5,-33.4744653982518,2503,96746
6,-1.9887617478768e-11,2503,96746
7,-1.9887617478768e-11,2503,96746
8,-1.9887617478768e-11,2503,96746
9,-1.9887617478768e-11,2503,96746
10,-1.9887617478768e-11,2503,96746
11,-1.9887617478768e-11,2503,96746
12,-1.9887617478768e-11,2503,96746
13,-1.9887617478768e-11,2503,96746
14,-1.9887617478768e-11,2503,96746
15,-1.9887617478768e-11,2503,96746
16,-1.9887617478768e-11,2503,96746
17,-1.9887617478768e-11,2503,96746
18,-1.9887617478768e-11,2503,96746
19,-1.9887617478768e-11,2503,96746
20,-1.9887617478768e-11,2503,96746
21,-1.9887617478768e-11,2503,96746
22,-1.9887617478768e-11,2503,96746
23,-33.4744653982518,2503,96746
1,4.85063840945562e-13,2509,96782
2,4.85063840945562e-13,2509,96782
3,4.85063840945562e-13,2509,96782
4,4.85063840945562e-13,2509,96782
5,4.85063840945562e-13,2509,96782
6,4.85063840945562e-13,2509,96782
7,4.85063840945562e-13,2509,96782
8,4.85063840945562e-13,2509,96782
9,4.85063840945562e-13,2509,96782
10,4.85063840945562e-13,2509,96782
11,4.85063840945562e-13,2509,96782
12,4.85063840945562e-13,2509,96782
13,4.85063840945562e-13,2509,96782
14,-19.585280195547,2509,96782
15,4.85063840945562e-13,2509,96782
16,4.85063840945562e-13,2509,96782
17,4.85063840945562e-13,2509,96782
18,4.85063840945562e-13,2509,96782
19,4.85063840945562e-13,2509,96782
20,4.85063840945562e-13,2509,96782
21,4.85063840945562e-13,2509,96782
22,4.85063840945562e-13,2509,96782
23,-19.585280195547,2509,96782
1,7.76102145512899e-12,2510,96792
2,7.76102145512899e-12,2510,96792
3,7.76102145512899e-12,2510,96792
4,7.76102145512899e-12,2510,96792
5,7.76102145512899e-12,2510,96792
6,-21.6918323925103,2510,96792
7,7.76102145512899e-12,2510,96792
8,7.76102145512899e-12,2510,96792
9,7.76102145512899e-12,2510,96792
10,7.76102145512899e-12,2510,96792
11,7.76102145512899e-12,2510,96792
12,7.76102145512899e-12,2510,96792
13,7.76102145512899e-12,2510,96792
14,7.76102145512899e-12,2510,96792
15,7.76102145512899e-12,2510,96792
16,7.76102145512899e-12,2510,96792
17,7.76102145512899e-12,2510,96792
18,7.76102145512899e-12,2510,96792
19,7.76102145512899e-12,2510,96792
20,7.76102145512899e-12,2510,96792
21,7.76102145512899e-12,2510,96792
22,7.76102145512899e-12,2510,96792
23,-21.6918323963158,2510,96792
1,-4.85063840945566e-13,2512,96756
2,-4.85063840945566e-13,2512,96756
3,-4.85063840945566e-13,2512,96756
4,-4.85063840945566e-13,2512,96756
5,-4.85063840945566e-13,2512,96756
6,-4.85063840945566e-13,2512,96756
7,-4.85063840945566e-13,2512,96756
8,-4.85063840945566e-13,2512,96756
9,-4.85063840945566e-13,2512,96756
10,-4.85063840945566e-13,2512,96756
11,-4.85063840945566e-13,2512,96756
12,-4.85063840945566e-13,2512,96756
13,-4.85063840945566e-13,2512,96756
14,-22.4138706718288,2512,96756
15,-4.85063840945566e-13,2512,96756
16,-4.85063840945566e-13,2512,96756
17,-4.85063840945566e-13,2512,96756
18,-4.85063840945566e-13,2512,96756
19,-4.85063840945566e-13,2512,96756
20,-4.85063840945566e-13,2512,96756
21,-4.85063840945566e-13,2512,96756
22,-4.85063840945566e-13,2512,96756
23,-22.4138706718494,2512,96756
1,-3.63797880709171e-12,2516,96821
2,-3.63797880709171e-12,2516,96821
3,-3.63797880709171e-12,2516,96821
4,-3.63797880709171e-12,2516,96821
5,-3.63797880709171e-12,2516,96821
6,-3.63797880709171e-12,2516,96821
7,-27.9075022407252,2516,96821
8,-3.63797880709171e-12,2516,96821
9,-3.63797880709171e-12,2516,96821
10,-3.63797880709171e-12,2516,96821
11,-3.63797880709171e-12,2516,96821
12,-3.63797880709171e-12,2516,96821
13,-3.63797880709171e-12,2516,96821
14,-3.63797880709171e-12,2516,96821
15,-3.63797880709171e-12,2516,96821
16,-3.63797880709171e-12,2516,96821
17,-3.63797880709171e-12,2516,96821
18,-3.63797880709171e-12,2516,96821
19,-3.63797880709171e-12,2516,96821
20,-3.63797880709171e-12,2516,96821
21,-3.63797880709171e-12,2516,96821
22,-3.63797880709171e-12,2516,96821
23,-27.9075022407252,2516,96821
1,1.26116598645846e-11,5681,96703
2,1.26116598645846e-11,5681,96703
3,1.26116598645846e-11,5681,96703
4,1.26116598645846e-11,5681,96703
5,1.26116598645846e-11,5681,96703
6,1.26116598645846e-11,5681,96703
7,1.26116598645846e-11,5681,96703
8,1.26116598645846e-11,5681,96703
9,1.26116598645846e-11,5681,96703
10,1.26116598645846e-11,5681,96703
11,1.26116598645846e-11,5681,96703
12,1.26116598645846e-11,5681,96703
13,1.26116598645846e-11,5681,96703
14,1.26116598645846e-11,5681,96703
15,-133.413417402744,5681,96703
16,1.26116598645846e-11,5681,96703
17,1.26116598645846e-11,5681,96703
18,1.26116598645846e-11,5681,96703
19,1.26116598645846e-11,5681,96703
20,1.26116598645846e-11,5681,96703
21,1.26116598645846e-11,5681,96703
22,1.26116598645846e-11,5681,96703
23,-133.413417402744,5681,96703
1,-9.21621297796568e-12,2538,96817
2,-9.21621297796568e-12,2538,96817
3,-9.21621297796568e-12,2538,96817
4,-9.21621297796568e-12,2538,96817
5,-9.21621297796568e-12,2538,96817
6,-9.21621297796568e-12,2538,96817
7,-9.21621297796568e-12,2538,96817
8,-9.21621297796568e-12,2538,96817
9,-8.5271764235149,2538,96817
10,-9.21621297796568e-12,2538,96817
11,-9.21621297796568e-12,2538,96817
12,-9.21621297796568e-12,2538,96817
13,-9.21621297796568e-12,2538,96817
14,-9.21621297796568e-12,2538,96817
15,-9.21621297796568e-12,2538,96817
16,-9.21621297796568e-12,2538,96817
17,-9.21621297796568e-12,2538,96817
18,-9.21621297796568e-12,2538,96817
19,-9.21621297796568e-12,2538,96817
20,-9.21621297796568e-12,2538,96817
21,-9.21621297796568e-12,2538,96817
22,-9.21621297796568e-12,2538,96817
23,-8.5271764235149,2538,96817
1,0,2539,96744
2,0,2539,96744
3,0,2539,96744
4,0,2539,96744
5,0,2539,96744
6,0,2539,96744
7,0,2539,96744
8,0,2539,96744
9,0,2539,96744
10,0,2539,96744
11,0,2539,96744
12,0,2539,96744
13,0,2539,96744
14,0,2539,96744
15,0,2539,96744
16,0,2539,96744
17,-29.2069257018321,2539,96744
18,0,2539,96744
19,0,2539,96744
20,0,2539,96744
21,0,2539,96744
22,0,2539,96744
23,-29.2069257018321,2539,96744
1,-2.42531920472781e-12,2540,96782
2,-2.42531920472781e-12,2540,96782
3,-2.42531920472781e-12,2540,96782
4,-2.42531920472781e-12,2540,96782
5,-2.42531920472781e-12,2540,96782
6,-2.42531920472781e-12,2540,96782
7,-2.42531920472781e-12,2540,96782
8,-2.42531920472781e-12,2540,96782
9,-2.42531920472781e-12,2540,96782
10,-2.42531920472781e-12,2540,96782
11,-2.42531920472781e-12,2540,96782
12,-2.42531920472781e-12,2540,96782
13,-2.42531920472781e-12,2540,96782
14,-21.854463916838,2540,96782
15,-2.42531920472781e-12,2540,96782
16,-2.42531920472781e-12,2540,96782
17,-2.42531920472781e-12,2540,96782
18,-2.42531920472781e-12,2540,96782
19,-2.42531920472781e-12,2540,96782
20,-2.42531920472781e-12,2540,96782
21,-2.42531920472781e-12,2540,96782
22,-2.42531920472781e-12,2540,96782
23,-21.854463916838,2540,96782
1,-4.85063840945566e-13,2543,96743
2,-4.85063840945566e-13,2543,96743
3,-4.85063840945566e-13,2543,96743
4,-4.85063840945566e-13,2543,96743
5,-4.85063840945566e-13,2543,96743
6,-4.85063840945566e-13,2543,96743
7,-4.85063840945566e-13,2543,96743
8,-4.85063840945566e-13,2543,96743
9,-4.85063840945566e-13,2543,96743
10,-4.85063840945566e-13,2543,96743
11,-4.85063840945566e-13,2543,96743
12,-4.85063840945566e-13,2543,96743
13,-4.85063840945566e-13,2543,96743
14,-22.4138706718494,2543,96743
15,-4.85063840945566e-13,2543,96743
16,-4.85063840945566e-13,2543,96743
17,-4.85063840945566e-13,2543,96743
18,-4.85063840945566e-13,2543,96743
19,-4.85063840945566e-13,2543,96743
20,-4.85063840945566e-13,2543,96743
21,-4.85063840945566e-13,2543,96743
22,-4.85063840945566e-13,2543,96743
23,-22.4138706718494,2543,96743
1,-5.82076609134674e-12,1955,96792
2,-5.82076609134674e-12,1955,96792
3,-5.82076609134674e-12,1955,96792
4,-5.82076609134674e-12,1955,96792
5,-5.82076609134674e-12,1955,96792
6,-5.82076609134674e-12,1955,96792
7,-5.82076609134674e-12,1955,96792
8,-5.82076609134674e-12,1955,96792
9,-5.82076609134674e-12,1955,96792
10,-5.82076609134674e-12,1955,96792
11,-5.82076609134674e-12,1955,96792
12,-5.82076609134674e-12,1955,96792
13,-5.82076609134674e-12,1955,96792
14,-77.735021055922,1955,96792
15,-5.82076609134674e-12,1955,96792
16,-5.82076609134674e-12,1955,96792
17,-5.82076609134674e-12,1955,96792
18,-5.82076609134674e-12,1955,96792
19,-5.82076609134674e-12,1955,96792
20,-5.82076609134674e-12,1955,96792
21,-5.82076609134674e-12,1955,96792
22,-5.82076609134674e-12,1955,96792
23,-77.735021055922,1955,96792
1,-1.26116598645846e-11,2550,96782
2,-1.26116598645846e-11,2550,96782
3,-1.26116598645846e-11,2550,96782
4,-1.26116598645846e-11,2550,96782
5,-1.26116598645846e-11,2550,96782
6,-1.26116598645846e-11,2550,96782
7,-1.26116598645846e-11,2550,96782
8,-1.26116598645846e-11,2550,96782
9,-1.26116598645846e-11,2550,96782
10,-1.26116598645846e-11,2550,96782
11,-1.26116598645846e-11,2550,96782
12,-1.26116598645846e-11,2550,96782
13,-1.26116598645846e-11,2550,96782
14,-1.26116598645846e-11,2550,96782
15,-21.3512135903205,2550,96782
16,-1.26116598645846e-11,2550,96782
17,-1.26116598645846e-11,2550,96782
18,-1.26116598645846e-11,2550,96782
19,-1.26116598645846e-11,2550,96782
20,-1.26116598645846e-11,2550,96782
21,-1.26116598645846e-11,2550,96782
22,-1.26116598645846e-11,2550,96782
23,-21.3512135903205,2550,96782
1,-6.79089377323786e-12,2559,96818
2,-29.0603726865266,2559,96818
3,-6.79089377323786e-12,2559,96818
4,-6.79089377323786e-12,2559,96818
5,-6.79089377323786e-12,2559,96818
6,-6.79089377323786e-12,2559,96818
7,-6.79089377323786e-12,2559,96818
8,-6.79089377323786e-12,2559,96818
9,-6.79089377323786e-12,2559,96818
10,-6.79089377323786e-12,2559,96818
11,-6.79089377323786e-12,2559,96818
12,-6.79089377323786e-12,2559,96818
13,-6.79089377323786e-12,2559,96818
14,-6.79089377323786e-12,2559,96818
15,-30.0458821048997,2559,96818
16,-6.79089377323786e-12,2559,96818
17,-6.79089377323786e-12,2559,96818
18,-6.79089377323786e-12,2559,96818
19,-6.79089377323786e-12,2559,96818
20,-6.79089377323786e-12,2559,96818
21,-28.1972716576433,2559,96818
22,-6.79089377323786e-12,2559,96818
23,-87.5264932214447,2559,96818
1,-21.1820801263139,2576,96825
2,-4.36557456851005e-12,2576,96825
3,-4.36557456851005e-12,2576,96825
4,-4.36557456851005e-12,2576,96825
5,-4.36557456851005e-12,2576,96825
6,-4.36557456851005e-12,2576,96825
7,-4.36557456851005e-12,2576,96825
8,-4.36557456851005e-12,2576,96825
9,-4.36557456851005e-12,2576,96825
10,-4.36557456851005e-12,2576,96825
11,-4.36557456851005e-12,2576,96825
12,-4.36557456851005e-12,2576,96825
13,-4.36557456851005e-12,2576,96825
14,-4.36557456851005e-12,2576,96825
15,-4.36557456851005e-12,2576,96825
16,-4.36557456851005e-12,2576,96825
17,-4.36557456851005e-12,2576,96825
18,-4.36557456851005e-12,2576,96825
19,-4.36557456851005e-12,2576,96825
20,-4.36557456851005e-12,2576,96825
21,-4.36557456851005e-12,2576,96825
22,-4.36557456851005e-12,2576,96825
23,-21.1820801263139,2576,96825
1,-4.85063840945562e-12,5694,96863
2,-4.85063840945562e-12,5694,96863
3,-4.85063840945562e-12,5694,96863
4,-4.85063840945562e-12,5694,96863
5,-4.85063840945562e-12,5694,96863
6,-4.85063840945562e-12,5694,96863
7,-4.85063840945562e-12,5694,96863
8,-24.0556049052888,5694,96863
9,-4.85063840945562e-12,5694,96863
10,-4.85063840945562e-12,5694,96863
11,-4.85063840945562e-12,5694,96863
12,-4.85063840945562e-12,5694,96863
13,-4.85063840945562e-12,5694,96863
14,-4.85063840945562e-12,5694,96863
15,-4.85063840945562e-12,5694,96863
16,-4.85063840945562e-12,5694,96863
17,-4.85063840945562e-12,5694,96863
18,-4.85063840945562e-12,5694,96863
19,-4.85063840945562e-12,5694,96863
20,-4.85063840945562e-12,5694,96863
21,-4.85063840945562e-12,5694,96863
22,-4.85063840945562e-12,5694,96863
23,-24.0556049052888,5694,96863
1,-1.60071067512035e-11,5695,96734
2,-1.60071067512035e-11,5695,96734
3,-1.60071067512035e-11,5695,96734
4,-1.60071067512035e-11,5695,96734
5,-1.60071067512035e-11,5695,96734
6,-1.60071067512035e-11,5695,96734
7,-1.60071067512035e-11,5695,96734
8,-1.60071067512035e-11,5695,96734
9,-1.60071067512035e-11,5695,96734
10,-1.60071067512035e-11,5695,96734
11,-1.60071067512035e-11,5695,96734
12,-1.60071067512035e-11,5695,96734
13,-1.60071067512035e-11,5695,96734
14,-26.2325059965103,5695,96734
15,-1.60071067512035e-11,5695,96734
16,-1.60071067512035e-11,5695,96734
17,-1.60071067512035e-11,5695,96734
18,-1.60071067512035e-11,5695,96734
19,-1.60071067512035e-11,5695,96734
20,-1.60071067512035e-11,5695,96734
21,-1.60071067512035e-11,5695,96734
22,-1.60071067512035e-11,5695,96734
23,-26.2325059965103,5695,96734
1,-1.06714045008024e-11,2589,96746
2,-1.06714045008024e-11,2589,96746
3,-1.06714045008024e-11,2589,96746
4,-1.06714045008024e-11,2589,96746
5,-1.06714045008024e-11,2589,96746
6,-1.06714045008024e-11,2589,96746
7,-1.06714045008024e-11,2589,96746
8,-1.06714045008024e-11,2589,96746
9,-1.06714045008024e-11,2589,96746
10,-1.06714045008024e-11,2589,96746
11,-1.06714045008024e-11,2589,96746
12,-1.06714045008024e-11,2589,96746
13,-1.06714045008024e-11,2589,96746
14,-22.643188798219,2589,96746
15,-1.06714045008024e-11,2589,96746
16,-1.06714045008024e-11,2589,96746
17,-1.06714045008024e-11,2589,96746
18,-1.06714045008024e-11,2589,96746
19,-1.06714045008024e-11,2589,96746
20,-1.06714045008024e-11,2589,96746
21,-1.06714045008024e-11,2589,96746
22,-1.06714045008024e-11,2589,96746
23,-22.643188798219,2589,96746
1,2.91038304567337e-12,2596,96706
2,2.91038304567337e-12,2596,96706
3,2.91038304567337e-12,2596,96706
4,2.91038304567337e-12,2596,96706
5,2.91038304567337e-12,2596,96706
6,2.91038304567337e-12,2596,96706
7,2.91038304567337e-12,2596,96706
8,2.91038304567337e-12,2596,96706
9,2.91038304567337e-12,2596,96706
10,2.91038304567337e-12,2596,96706
11,2.91038304567337e-12,2596,96706
12,2.91038304567337e-12,2596,96706
13,2.91038304567337e-12,2596,96706
14,2.91038304567337e-12,2596,96706
15,-30.0458466902215,2596,96706
16,2.91038304567337e-12,2596,96706
17,2.91038304567337e-12,2596,96706
18,2.91038304567337e-12,2596,96706
19,2.91038304567337e-12,2596,96706
20,2.91038304567337e-12,2596,96706
21,2.91038304567337e-12,2596,96706
22,2.91038304567337e-12,2596,96706
23,-30.0458466902215,2596,96706
1,-3.39544688661893e-12,5700,96701
2,-3.39544688661893e-12,5700,96701
3,-3.39544688661893e-12,5700,96701
4,-3.39544688661893e-12,5700,96701
5,-3.39544688661893e-12,5700,96701
6,-3.39544688661893e-12,5700,96701
7,-3.39544688661893e-12,5700,96701
8,-3.39544688661893e-12,5700,96701
9,-3.39544688661893e-12,5700,96701
10,-3.39544688661893e-12,5700,96701
11,-3.39544688661893e-12,5700,96701
12,-3.39544688661893e-12,5700,96701
13,-3.39544688661893e-12,5700,96701
14,-3.39544688661893e-12,5700,96701
15,-21.3512200061628,5700,96701
16,-3.39544688661893e-12,5700,96701
17,-20.8709639705139,5700,96701
18,-3.39544688661893e-12,5700,96701
19,-3.39544688661893e-12,5700,96701
20,-3.39544688661893e-12,5700,96701
21,-3.39544688661893e-12,5700,96701
22,-3.39544688661893e-12,5700,96701
23,-42.2683387111514,5700,96701
1,-2.18278728425503e-12,2603,96752
2,-2.18278728425503e-12,2603,96752
3,-2.18278728425503e-12,2603,96752
4,-2.18278728425503e-12,2603,96752
5,-2.18278728425503e-12,2603,96752
6,-2.18278728425503e-12,2603,96752
7,-2.18278728425503e-12,2603,96752
8,-2.18278728425503e-12,2603,96752
9,-2.18278728425503e-12,2603,96752
10,-2.18278728425503e-12,2603,96752
11,-2.18278728425503e-12,2603,96752
12,-2.18278728425503e-12,2603,96752
13,-2.18278728425503e-12,2603,96752
14,-2.18278728425503e-12,2603,96752
15,-2.18278728425503e-12,2603,96752
16,-15.6398355407027,2603,96752
17,-2.18278728425503e-12,2603,96752
18,-2.18278728425503e-12,2603,96752
19,-2.18278728425503e-12,2603,96752
20,-2.18278728425503e-12,2603,96752
21,-2.18278728425503e-12,2603,96752
22,-2.18278728425503e-12,2603,96752
23,-15.6398355502914,2603,96752
1,-1.06714045008024e-11,2604,96813
2,-1.06714045008024e-11,2604,96813
3,-1.06714045008024e-11,2604,96813
4,-1.06714045008024e-11,2604,96813
5,-1.06714045008024e-11,2604,96813
6,-1.06714045008024e-11,2604,96813
7,-1.06714045008024e-11,2604,96813
8,-21.9011744110986,2604,96813
9,-1.06714045008024e-11,2604,96813
10,-1.06714045008024e-11,2604,96813
11,-1.06714045008024e-11,2604,96813
12,-1.06714045008024e-11,2604,96813
13,-1.06714045008024e-11,2604,96813
14,-1.06714045008024e-11,2604,96813
15,-1.06714045008024e-11,2604,96813
16,-1.06714045008024e-11,2604,96813
17,-1.06714045008024e-11,2604,96813
18,-1.06714045008024e-11,2604,96813
19,-1.06714045008024e-11,2604,96813
20,-1.06714045008024e-11,2604,96813
21,-1.06714045008024e-11,2604,96813
22,-1.06714045008024e-11,2604,96813
23,-21.9011744110986,2604,96813
1,-5.33570225040118e-12,2605,96746
2,-5.33570225040118e-12,2605,96746
3,-5.33570225040118e-12,2605,96746
4,-5.33570225040118e-12,2605,96746
5,-5.33570225040118e-12,2605,96746
6,-5.33570225040118e-12,2605,96746
7,-5.33570225040118e-12,2605,96746
8,-5.33570225040118e-12,2605,96746
9,-5.33570225040118e-12,2605,96746
10,-5.33570225040118e-12,2605,96746
11,-5.33570225040118e-12,2605,96746
12,-5.33570225040118e-12,2605,96746
13,-5.33570225040118e-12,2605,96746
14,-5.33570225040118e-12,2605,96746
15,-5.33570225040118e-12,2605,96746
16,-5.33570225040118e-12,2605,96746
17,-5.33570225040118e-12,2605,96746
18,-5.33570225040118e-12,2605,96746
19,-5.33570225040118e-12,2605,96746
20,-117.877292534324,2605,96746
21,-5.33570225040118e-12,2605,96746
22,-5.33570225040118e-12,2605,96746
23,-117.877292534324,2605,96746
1,-1.01863406598568e-11,2618,96826
2,-1.01863406598568e-11,2618,96826
3,-1.01863406598568e-11,2618,96826
4,-1.01863406598568e-11,2618,96826
5,-1.01863406598568e-11,2618,96826
6,-1.01863406598568e-11,2618,96826
7,-1.01863406598568e-11,2618,96826
8,-1.01863406598568e-11,2618,96826
9,-1.01863406598568e-11,2618,96826
10,-1.01863406598568e-11,2618,96826
11,-1.01863406598568e-11,2618,96826
12,-1.01863406598568e-11,2618,96826
13,-1.01863406598568e-11,2618,96826
14,-33.9319532831966,2618,96826
15,-1.01863406598568e-11,2618,96826
16,-1.01863406598568e-11,2618,96826
17,-1.01863406598568e-11,2618,96826
18,-1.01863406598568e-11,2618,96826
19,-1.01863406598568e-11,2618,96826
20,-1.01863406598568e-11,2618,96826
21,-1.01863406598568e-11,2618,96826
22,-1.01863406598568e-11,2618,96826
23,-33.9319532831966,2618,96826
1,-8.73114913702011e-12,2623,96734
2,-8.73114913702011e-12,2623,96734
3,-8.73114913702011e-12,2623,96734
4,-8.73114913702011e-12,2623,96734
5,-8.73114913702011e-12,2623,96734
6,-8.73114913702011e-12,2623,96734
7,-8.73114913702011e-12,2623,96734
8,-8.73114913702011e-12,2623,96734
9,-8.73114913702011e-12,2623,96734
10,-8.73114913702011e-12,2623,96734
11,-8.73114913702011e-12,2623,96734
12,-8.73114913702011e-12,2623,96734
13,-8.73114913702011e-12,2623,96734
14,-8.73114913702011e-12,2623,96734
15,-8.73114913702011e-12,2623,96734
16,-8.73114913702011e-12,2623,96734
17,-8.73114913702011e-12,2623,96734
18,-8.73114913702011e-12,2623,96734
19,-8.73114913702011e-12,2623,96734
20,-27.1225633337832,2623,96734
21,-8.73114913702011e-12,2623,96734
22,-8.73114913702011e-12,2623,96734
23,-27.1225633337832,2623,96734
1,-1.30967237055302e-11,2628,96746
2,-1.30967237055302e-11,2628,96746
3,-1.30967237055302e-11,2628,96746
4,-1.30967237055302e-11,2628,96746
5,-1.30967237055302e-11,2628,96746
6,-1.30967237055302e-11,2628,96746
7,-1.30967237055302e-11,2628,96746
8,-1.30967237055302e-11,2628,96746
9,-1.30967237055302e-11,2628,96746
10,-1.30967237055302e-11,2628,96746
11,-1.30967237055302e-11,2628,96746
12,-1.30967237055302e-11,2628,96746
13,-1.30967237055302e-11,2628,96746
14,-1.30967237055302e-11,2628,96746
15,-1.30967237055302e-11,2628,96746
16,-1.30967237055302e-11,2628,96746
17,-1.30967237055302e-11,2628,96746
18,-1.30967237055302e-11,2628,96746
19,-1.30967237055302e-11,2628,96746
20,-25.4662673001153,2628,96746
21,-1.30967237055302e-11,2628,96746
22,-1.30967237055302e-11,2628,96746
23,-25.4662673001153,2628,96746
1,-6.3058299322923e-12,2639,96816
2,-6.3058299322923e-12,2639,96816
3,-6.3058299322923e-12,2639,96816
4,-6.3058299322923e-12,2639,96816
5,-6.3058299322923e-12,2639,96816
6,-6.3058299322923e-12,2639,96816
7,-6.3058299322923e-12,2639,96816
8,-6.3058299322923e-12,2639,96816
9,-6.3058299322923e-12,2639,96816
10,-6.3058299322923e-12,2639,96816
11,-6.3058299322923e-12,2639,96816
12,-6.3058299322923e-12,2639,96816
13,-6.3058299322923e-12,2639,96816
14,-6.3058299322923e-12,2639,96816
15,-6.3058299322923e-12,2639,96816
16,-6.3058299322923e-12,2639,96816
17,-16.7020106204292,2639,96816
18,-6.3058299322923e-12,2639,96816
19,-6.3058299322923e-12,2639,96816
20,-6.3058299322923e-12,2639,96816
21,-6.3058299322923e-12,2639,96816
22,-6.3058299322923e-12,2639,96816
23,-16.7020106223567,2639,96816
1,-1.94025536378225e-11,2656,96756
2,-1.94025536378225e-11,2656,96756
3,-1.94025536378225e-11,2656,96756
4,-1.94025536378225e-11,2656,96756
5,-1.94025536378225e-11,2656,96756
6,-1.94025536378225e-11,2656,96756
7,-1.94025536378225e-11,2656,96756
8,-25.9615359939232,2656,96756
9,-1.94025536378225e-11,2656,96756
10,-1.94025536378225e-11,2656,96756
11,-1.94025536378225e-11,2656,96756
12,-1.94025536378225e-11,2656,96756
13,-1.94025536378225e-11,2656,96756
14,-29.0604139298133,2656,96756
15,-1.94025536378225e-11,2656,96756
16,-1.94025536378225e-11,2656,96756
17,-1.94025536378225e-11,2656,96756
18,-1.94025536378225e-11,2656,96756
19,-1.94025536378225e-11,2656,96756
20,-1.94025536378225e-11,2656,96756
21,-1.94025536378225e-11,2656,96756
22,-1.94025536378225e-11,2656,96756
23,-55.0987571739761,2656,96756
1,2.42531920472781e-12,1959,96818
2,2.42531920472781e-12,1959,96818
3,2.42531920472781e-12,1959,96818
4,2.42531920472781e-12,1959,96818
5,2.42531920472781e-12,1959,96818
6,2.42531920472781e-12,1959,96818
7,2.42531920472781e-12,1959,96818
8,2.42531920472781e-12,1959,96818
9,2.42531920472781e-12,1959,96818
10,2.42531920472781e-12,1959,96818
11,2.42531920472781e-12,1959,96818
12,2.42531920472781e-12,1959,96818
13,2.42531920472781e-12,1959,96818
14,2.42531920472781e-12,1959,96818
15,2.42531920472781e-12,1959,96818
16,2.42531920472781e-12,1959,96818
17,2.42531920472781e-12,1959,96818
18,2.42531920472781e-12,1959,96818
19,2.42531920472781e-12,1959,96818
20,2.42531920472781e-12,1959,96818
21,-119.090231083336,1959,96818
22,2.42531920472781e-12,1959,96818
23,-119.090231104431,1959,96818
1,-4.36557456851006e-12,2663,96818
2,-4.36557456851006e-12,2663,96818
3,-4.36557456851006e-12,2663,96818
4,-4.36557456851006e-12,2663,96818
5,-4.36557456851006e-12,2663,96818
6,-4.36557456851006e-12,2663,96818
7,-4.36557456851006e-12,2663,96818
8,-4.36557456851006e-12,2663,96818
9,-4.36557456851006e-12,2663,96818
10,-4.36557456851006e-12,2663,96818
11,-4.36557456851006e-12,2663,96818
12,-4.36557456851006e-12,2663,96818
13,-4.36557456851006e-12,2663,96818
14,-4.36557456851006e-12,2663,96818
15,-4.36557456851006e-12,2663,96818
16,-4.36557456851006e-12,2663,96818
17,-24.339675334452,2663,96818
18,-4.36557456851006e-12,2663,96818
19,-4.36557456851006e-12,2663,96818
20,-4.36557456851006e-12,2663,96818
21,-4.36557456851006e-12,2663,96818
22,-4.36557456851006e-12,2663,96818
23,-24.339675334452,2663,96818
1,-8.73114913702012e-12,2669,96740
2,-8.73114913702012e-12,2669,96740
3,-8.73114913702012e-12,2669,96740
4,-8.73114913702012e-12,2669,96740
5,-8.73114913702012e-12,2669,96740
6,-8.73114913702012e-12,2669,96740
7,-8.73114913702012e-12,2669,96740
8,-8.73114913702012e-12,2669,96740
9,-8.73114913702012e-12,2669,96740
10,-8.73114913702012e-12,2669,96740
11,-8.73114913702012e-12,2669,96740
12,-8.73114913702012e-12,2669,96740
13,-8.73114913702012e-12,2669,96740
14,-24.6587086674127,2669,96740
15,-8.73114913702012e-12,2669,96740
16,-8.73114913702012e-12,2669,96740
17,-8.73114913702012e-12,2669,96740
18,-8.73114913702012e-12,2669,96740
19,-8.73114913702012e-12,2669,96740
20,-8.73114913702012e-12,2669,96740
21,-8.73114913702012e-12,2669,96740
22,-8.73114913702012e-12,2669,96740
23,-24.6587086674127,2669,96740
1,9.70127681891125e-13,5714,96766
2,9.70127681891125e-13,5714,96766
3,9.70127681891125e-13,5714,96766
4,9.70127681891125e-13,5714,96766
5,-25.5459030916919,5714,96766
6,9.70127681891125e-13,5714,96766
7,9.70127681891125e-13,5714,96766
8,9.70127681891125e-13,5714,96766
9,9.70127681891125e-13,5714,96766
10,9.70127681891125e-13,5714,96766
11,9.70127681891125e-13,5714,96766
12,9.70127681891125e-13,5714,96766
13,9.70127681891125e-13,5714,96766
14,9.70127681891125e-13,5714,96766
15,9.70127681891125e-13,5714,96766
16,9.70127681891125e-13,5714,96766
17,9.70127681891125e-13,5714,96766
18,9.70127681891125e-13,5714,96766
19,9.70127681891125e-13,5714,96766
20,9.70127681891125e-13,5714,96766
21,9.70127681891125e-13,5714,96766
22,9.70127681891125e-13,5714,96766
23,-25.5459030916919,5714,96766
1,-5.82076609134674e-12,5715,96766
2,-5.82076609134674e-12,5715,96766
3,-5.82076609134674e-12,5715,96766
4,-5.82076609134674e-12,5715,96766
5,-5.82076609134674e-12,5715,96766
6,-5.82076609134674e-12,5715,96766
7,-5.82076609134674e-12,5715,96766
8,-5.82076609134674e-12,5715,96766
9,-5.82076609134674e-12,5715,96766
10,-5.82076609134674e-12,5715,96766
11,-5.82076609134674e-12,5715,96766
12,-5.82076609134674e-12,5715,96766
13,-5.82076609134674e-12,5715,96766
14,-5.82076609134674e-12,5715,96766
15,-5.82076609134674e-12,5715,96766
16,-5.82076609134674e-12,5715,96766
17,-17.2969020013343,5715,96766
18,-5.82076609134674e-12,5715,96766
19,-5.82076609134674e-12,5715,96766
20,-5.82076609134674e-12,5715,96766
21,-5.82076609134674e-12,5715,96766
22,-5.82076609134674e-12,5715,96766
23,-17.2969020013343,5715,96766
1,-6.3058299322923e-12,2679,96741
2,-6.3058299322923e-12,2679,96741
3,-6.3058299322923e-12,2679,96741
4,-6.3058299322923e-12,2679,96741
5,-6.3058299322923e-12,2679,96741
6,-6.3058299322923e-12,2679,96741
7,-6.3058299322923e-12,2679,96741
8,-6.3058299322923e-12,2679,96741
9,-6.3058299322923e-12,2679,96741
10,-6.3058299322923e-12,2679,96741
11,-13.5347235953789,2679,96741
12,-6.3058299322923e-12,2679,96741
13,-6.3058299322923e-12,2679,96741
14,-6.3058299322923e-12,2679,96741
15,-17.0605625380413,2679,96741
16,-6.3058299322923e-12,2679,96741
17,-6.3058299322923e-12,2679,96741
18,-6.3058299322923e-12,2679,96741
19,-6.3058299322923e-12,2679,96741
20,-6.3058299322923e-12,2679,96741
21,-6.3058299322923e-12,2679,96741
22,-6.3058299322923e-12,2679,96741
23,-30.6249372145607,2679,96741
1,-1.11564683417479e-11,2690,96814
2,-1.11564683417479e-11,2690,96814
3,-1.11564683417479e-11,2690,96814
4,-1.11564683417479e-11,2690,96814
5,-1.11564683417479e-11,2690,96814
6,-1.11564683417479e-11,2690,96814
7,-1.11564683417479e-11,2690,96814
8,-21.8223897108473,2690,96814
9,-1.11564683417479e-11,2690,96814
10,-1.11564683417479e-11,2690,96814
11,-1.11564683417479e-11,2690,96814
12,-1.11564683417479e-11,2690,96814
13,-1.11564683417479e-11,2690,96814
14,-1.11564683417479e-11,2690,96814
15,-1.11564683417479e-11,2690,96814
16,-1.11564683417479e-11,2690,96814
17,-1.11564683417479e-11,2690,96814
18,-1.11564683417479e-11,2690,96814
19,-1.11564683417479e-11,2690,96814
20,-1.11564683417479e-11,2690,96814
21,-1.11564683417479e-11,2690,96814
22,-1.11564683417479e-11,2690,96814
23,-21.8223897108473,2690,96814
1,-4.85063840945562e-12,2692,96707
2,-4.85063840945562e-12,2692,96707
3,-4.85063840945562e-12,2692,96707
4,-4.85063840945562e-12,2692,96707
5,-4.85063840945562e-12,2692,96707
6,-4.85063840945562e-12,2692,96707
7,-4.85063840945562e-12,2692,96707
8,-16.2113534092501,2692,96707
9,-4.85063840945562e-12,2692,96707
10,-4.85063840945562e-12,2692,96707
11,-4.85063840945562e-12,2692,96707
12,-4.85063840945562e-12,2692,96707
13,-4.85063840945562e-12,2692,96707
14,-4.85063840945562e-12,2692,96707
15,-4.85063840945562e-12,2692,96707
16,-4.85063840945562e-12,2692,96707
17,-4.85063840945562e-12,2692,96707
18,-4.85063840945562e-12,2692,96707
19,-4.85063840945562e-12,2692,96707
20,-4.85063840945562e-12,2692,96707
21,-4.85063840945562e-12,2692,96707
22,-4.85063840945562e-12,2692,96707
23,-16.2113534092501,2692,96707
1,-1.01863406598568e-11,2704,96734
2,-1.01863406598568e-11,2704,96734
3,-1.01863406598568e-11,2704,96734
4,-1.01863406598568e-11,2704,96734
5,-1.01863406598568e-11,2704,96734
6,-1.01863406598568e-11,2704,96734
7,-1.01863406598568e-11,2704,96734
8,-30.2870314804656,2704,96734
9,-1.01863406598568e-11,2704,96734
10,-1.01863406598568e-11,2704,96734
11,-1.01863406598568e-11,2704,96734
12,-1.01863406598568e-11,2704,96734
13,-1.01863406598568e-11,2704,96734
14,-1.01863406598568e-11,2704,96734
15,-1.01863406598568e-11,2704,96734
16,-1.01863406598568e-11,2704,96734
17,-1.01863406598568e-11,2704,96734
18,-1.01863406598568e-11,2704,96734
19,-1.01863406598568e-11,2704,96734
20,-1.01863406598568e-11,2704,96734
21,-1.01863406598568e-11,2704,96734
22,-1.01863406598568e-11,2704,96734
23,-30.2870314807534,2704,96734
1,-8.73114913702011e-12,2720,96752
2,-8.73114913702011e-12,2720,96752
3,-8.73114913702011e-12,2720,96752
4,-8.73114913702011e-12,2720,96752
5,-8.73114913702011e-12,2720,96752
6,-8.73114913702011e-12,2720,96752
7,-8.73114913702011e-12,2720,96752
8,-8.73114913702011e-12,2720,96752
9,-8.73114913702011e-12,2720,96752
10,-8.73114913702011e-12,2720,96752
11,-8.73114913702011e-12,2720,96752
12,-8.73114913702011e-12,2720,96752
13,-8.73114913702011e-12,2720,96752
14,-8.73114913702011e-12,2720,96752
15,-8.73114913702011e-12,2720,96752
16,-8.73114913702011e-12,2720,96752
17,-8.73114913702011e-12,2720,96752
18,-8.73114913702011e-12,2720,96752
19,-8.73114913702011e-12,2720,96752
20,-27.1225633337832,2720,96752
21,-8.73114913702011e-12,2720,96752
22,-8.73114913702011e-12,2720,96752
23,-27.1225633337832,2720,96752
1,-9.70127681891127e-13,2729,96746
2,-9.70127681891127e-13,2729,96746
3,-9.70127681891127e-13,2729,96746
4,-9.70127681891127e-13,2729,96746
5,-9.70127681891127e-13,2729,96746
6,-9.70127681891127e-13,2729,96746
7,-9.70127681891127e-13,2729,96746
8,-9.70127681891127e-13,2729,96746
9,-9.70127681891127e-13,2729,96746
10,-9.70127681891127e-13,2729,96746
11,-9.70127681891127e-13,2729,96746
12,-9.70127681891127e-13,2729,96746
13,-9.70127681891127e-13,2729,96746
14,-9.70127681891127e-13,2729,96746
15,-9.70127681891127e-13,2729,96746
16,-9.70127681891127e-13,2729,96746
17,-34.4830129026736,2729,96746
18,-9.70127681891127e-13,2729,96746
19,-9.70127681891127e-13,2729,96746
20,-9.70127681891127e-13,2729,96746
21,-9.70127681891127e-13,2729,96746
22,-9.70127681891127e-13,2729,96746
23,-34.4830129026736,2729,96746
1,-9.70127681891126e-13,2740,96741
2,-9.70127681891126e-13,2740,96741
3,-9.70127681891126e-13,2740,96741
4,-9.70127681891126e-13,2740,96741
5,-9.70127681891126e-13,2740,96741
6,-9.70127681891126e-13,2740,96741
7,-9.70127681891126e-13,2740,96741
8,-9.70127681891126e-13,2740,96741
9,-9.70127681891126e-13,2740,96741
10,-9.70127681891126e-13,2740,96741
11,-12.7842439641676,2740,96741
12,-9.70127681891126e-13,2740,96741
13,-9.70127681891126e-13,2740,96741
14,-9.70127681891126e-13,2740,96741
15,-9.70127681891126e-13,2740,96741
16,-9.70127681891126e-13,2740,96741
17,-9.70127681891126e-13,2740,96741
18,-9.70127681891126e-13,2740,96741
19,-9.70127681891126e-13,2740,96741
20,-9.70127681891126e-13,2740,96741
21,-9.70127681891126e-13,2740,96741
22,-9.70127681891126e-13,2740,96741
23,-12.7842439667933,2740,96741
1,4.85063840945562e-12,2744,96821
2,4.85063840945562e-12,2744,96821
3,4.85063840945562e-12,2744,96821
4,4.85063840945562e-12,2744,96821
5,4.85063840945562e-12,2744,96821
6,4.85063840945562e-12,2744,96821
7,4.85063840945562e-12,2744,96821
8,4.85063840945562e-12,2744,96821
9,4.85063840945562e-12,2744,96821
10,4.85063840945562e-12,2744,96821
11,4.85063840945562e-12,2744,96821
12,4.85063840945562e-12,2744,96821
13,4.85063840945562e-12,2744,96821
14,4.85063840945562e-12,2744,96821
15,-22.1443091476719,2744,96821
16,4.85063840945562e-12,2744,96821
17,4.85063840945562e-12,2744,96821
18,4.85063840945562e-12,2744,96821
19,4.85063840945562e-12,2744,96821
20,4.85063840945562e-12,2744,96821
21,4.85063840945562e-12,2744,96821
22,4.85063840945562e-12,2744,96821
23,-22.1443091476719,2744,96821
1,-6.79089377323786e-12,2750,96712
2,-6.79089377323786e-12,2750,96712
3,-6.20453822816534,2750,96712
4,-6.79089377323786e-12,2750,96712
5,-6.79089377323786e-12,2750,96712
6,-12.1948544188296,2750,96712
7,-6.79089377323786e-12,2750,96712
8,-6.79089377323786e-12,2750,96712
9,-6.79089377323786e-12,2750,96712
10,-6.79089377323786e-12,2750,96712
11,-6.79089377323786e-12,2750,96712
12,-6.79089377323786e-12,2750,96712
13,-6.79089377323786e-12,2750,96712
14,-6.79089377323786e-12,2750,96712
15,-6.79089377323786e-12,2750,96712
16,-6.79089377323786e-12,2750,96712
17,-6.79089377323786e-12,2750,96712
18,-6.79089377323786e-12,2750,96712
19,-6.79089377323786e-12,2750,96712
20,-6.79089377323786e-12,2750,96712
21,-6.79089377323786e-12,2750,96712
22,-6.79089377323786e-12,2750,96712
23,-18.4064185506519,2750,96712
1,-2.91038304567337e-12,2752,96734
2,-2.91038304567337e-12,2752,96734
3,-2.91038304567337e-12,2752,96734
4,-2.91038304567337e-12,2752,96734
5,-2.91038304567337e-12,2752,96734
6,-2.91038304567337e-12,2752,96734
7,-2.91038304567337e-12,2752,96734
8,-2.91038304567337e-12,2752,96734
9,-2.91038304567337e-12,2752,96734
10,-2.91038304567337e-12,2752,96734
11,-2.91038304567337e-12,2752,96734
12,-2.91038304567337e-12,2752,96734
13,-2.91038304567337e-12,2752,96734
14,-2.91038304567337e-12,2752,96734
15,-2.91038304567337e-12,2752,96734
16,-2.91038304567337e-12,2752,96734
17,-2.91038304567337e-12,2752,96734
18,-92.0785531463109,2752,96734
19,-2.91038304567337e-12,2752,96734
20,-2.91038304567337e-12,2752,96734
21,-2.91038304567337e-12,2752,96734
22,-2.91038304567337e-12,2752,96734
23,-92.0785531507854,2752,96734
1,-4.85063840945566e-13,2753,96813
2,-4.85063840945566e-13,2753,96813
3,-4.85063840945566e-13,2753,96813
4,-4.85063840945566e-13,2753,96813
5,-4.85063840945566e-13,2753,96813
6,-4.85063840945566e-13,2753,96813
7,-4.85063840945566e-13,2753,96813
8,-4.85063840945566e-13,2753,96813
9,-4.85063840945566e-13,2753,96813
10,-4.85063840945566e-13,2753,96813
11,-4.85063840945566e-13,2753,96813
12,-4.85063840945566e-13,2753,96813
13,-4.85063840945566e-13,2753,96813
14,-22.4138706718494,2753,96813
15,-4.85063840945566e-13,2753,96813
16,-4.85063840945566e-13,2753,96813
17,-4.85063840945566e-13,2753,96813
18,-4.85063840945566e-13,2753,96813
19,-4.85063840945566e-13,2753,96813
20,-4.85063840945566e-13,2753,96813
21,-4.85063840945566e-13,2753,96813
22,-4.85063840945566e-13,2753,96813
23,-22.4138706718494,2753,96813
1,-4.36557456851005e-12,2754,96741
2,-4.36557456851005e-12,2754,96741
3,-4.36557456851005e-12,2754,96741
4,-4.36557456851005e-12,2754,96741
5,-22.4178057461895,2754,96741
6,-4.36557456851005e-12,2754,96741
7,-4.36557456851005e-12,2754,96741
8,-4.36557456851005e-12,2754,96741
9,-4.36557456851005e-12,2754,96741
10,-4.36557456851005e-12,2754,96741
11,-4.36557456851005e-12,2754,96741
12,-4.36557456851005e-12,2754,96741
13,-4.36557456851005e-12,2754,96741
14,-4.36557456851005e-12,2754,96741
15,-4.36557456851005e-12,2754,96741
16,-4.36557456851005e-12,2754,96741
17,-4.36557456851005e-12,2754,96741
18,-4.36557456851005e-12,2754,96741
19,-4.36557456851005e-12,2754,96741
20,-4.36557456851005e-12,2754,96741
21,-4.36557456851005e-12,2754,96741
22,-4.36557456851005e-12,2754,96741
23,-22.4178057461895,2754,96741
1,-6.79089377323786e-12,5732,96704
2,-6.79089377323786e-12,5732,96704
3,-6.79089377323786e-12,5732,96704
4,-6.79089377323786e-12,5732,96704
5,-6.79089377323786e-12,5732,96704
6,-6.79089377323786e-12,5732,96704
7,-6.79089377323786e-12,5732,96704
8,-6.79089377323786e-12,5732,96704
9,-6.79089377323786e-12,5732,96704
10,-6.79089377323786e-12,5732,96704
11,-26.0065916814827,5732,96704
12,-6.79089377323786e-12,5732,96704
13,-6.79089377323786e-12,5732,96704
14,-6.79089377323786e-12,5732,96704
15,-6.79089377323786e-12,5732,96704
16,-6.79089377323786e-12,5732,96704
17,-6.79089377323786e-12,5732,96704
18,-6.79089377323786e-12,5732,96704
19,-6.79089377323786e-12,5732,96704
20,-6.79089377323786e-12,5732,96704
21,-6.79089377323786e-12,5732,96704
22,-6.79089377323786e-12,5732,96704
23,-26.0065916814827,5732,96704
1,-2.42531920472781e-11,2765,96822
2,-2.42531920472781e-11,2765,96822
3,-2.42531920472781e-11,2765,96822
4,-2.42531920472781e-11,2765,96822
5,-2.42531920472781e-11,2765,96822
6,-2.42531920472781e-11,2765,96822
7,-2.42531920472781e-11,2765,96822
8,-2.42531920472781e-11,2765,96822
9,-2.42531920472781e-11,2765,96822
10,-2.42531920472781e-11,2765,96822
11,-556.495161341239,2765,96822
12,-2.42531920472781e-11,2765,96822
13,-2.42531920472781e-11,2765,96822
14,-2.42531920472781e-11,2765,96822
15,-2.42531920472781e-11,2765,96822
16,-2.42531920472781e-11,2765,96822
17,-2.42531920472781e-11,2765,96822
18,-2.42531920472781e-11,2765,96822
19,-2.42531920472781e-11,2765,96822
20,-2.42531920472781e-11,2765,96822
21,-2.42531920472781e-11,2765,96822
22,-2.42531920472781e-11,2765,96822
23,-556.495161341239,2765,96822
1,3.88051072756449e-12,2766,96741
2,3.88051072756449e-12,2766,96741
3,3.88051072756449e-12,2766,96741
4,3.88051072756449e-12,2766,96741
5,3.88051072756449e-12,2766,96741
6,3.88051072756449e-12,2766,96741
7,3.88051072756449e-12,2766,96741
8,3.88051072756449e-12,2766,96741
9,3.88051072756449e-12,2766,96741
10,3.88051072756449e-12,2766,96741
11,3.88051072756449e-12,2766,96741
12,3.88051072756449e-12,2766,96741
13,3.88051072756449e-12,2766,96741
14,3.88051072756449e-12,2766,96741
15,3.88051072756449e-12,2766,96741
16,3.88051072756449e-12,2766,96741
17,-25.0990698438041,2766,96741
18,3.88051072756449e-12,2766,96741
19,3.88051072756449e-12,2766,96741
20,3.88051072756449e-12,2766,96741
21,3.88051072756449e-12,2766,96741
22,3.88051072756449e-12,2766,96741
23,-25.0990698438041,2766,96741
1,-2.42531920472781e-12,2773,96816
2,-2.42531920472781e-12,2773,96816
3,-2.42531920472781e-12,2773,96816
4,-2.42531920472781e-12,2773,96816
5,-2.42531920472781e-12,2773,96816
6,-2.42531920472781e-12,2773,96816
7,-2.42531920472781e-12,2773,96816
8,-2.42531920472781e-12,2773,96816
9,-2.42531920472781e-12,2773,96816
10,-2.42531920472781e-12,2773,96816
11,-2.42531920472781e-12,2773,96816
12,-2.42531920472781e-12,2773,96816
13,-2.42531920472781e-12,2773,96816
14,-33.5364762296658,2773,96816
15,-2.42531920472781e-12,2773,96816
16,-2.42531920472781e-12,2773,96816
17,-2.42531920472781e-12,2773,96816
18,-2.42531920472781e-12,2773,96816
19,-2.42531920472781e-12,2773,96816
20,-2.42531920472781e-12,2773,96816
21,-2.42531920472781e-12,2773,96816
22,-2.42531920472781e-12,2773,96816
23,-33.5364762296658,2773,96816
1,6.3058299322923e-12,2784,96797
2,6.3058299322923e-12,2784,96797
3,6.3058299322923e-12,2784,96797
4,6.3058299322923e-12,2784,96797
5,6.3058299322923e-12,2784,96797
6,6.3058299322923e-12,2784,96797
7,6.3058299322923e-12,2784,96797
8,6.3058299322923e-12,2784,96797
9,6.3058299322923e-12,2784,96797
10,6.3058299322923e-12,2784,96797
11,-113.732108174885,2784,96797
12,6.3058299322923e-12,2784,96797
13,6.3058299322923e-12,2784,96797
14,6.3058299322923e-12,2784,96797
15,6.3058299322923e-12,2784,96797
16,6.3058299322923e-12,2784,96797
17,6.3058299322923e-12,2784,96797
18,6.3058299322923e-12,2784,96797
19,6.3058299322923e-12,2784,96797
20,6.3058299322923e-12,2784,96797
21,-125.213019876578,2784,96797
22,6.3058299322923e-12,2784,96797
23,-240.358058797299,2784,96797
1,-9.70127681891123e-12,5750,96746
2,-9.70127681891123e-12,5750,96746
3,-9.70127681891123e-12,5750,96746
4,-9.70127681891123e-12,5750,96746
5,-9.70127681891123e-12,5750,96746
6,-9.70127681891123e-12,5750,96746
7,-9.70127681891123e-12,5750,96746
8,-9.70127681891123e-12,5750,96746
9,-9.70127681891123e-12,5750,96746
10,-9.70127681891123e-12,5750,96746
11,-9.70127681891123e-12,5750,96746
12,-9.70127681891123e-12,5750,96746
13,-3.53524697059135,5750,96746
14,-9.70127681891123e-12,5750,96746
15,-9.70127681891123e-12,5750,96746
16,-9.70127681891123e-12,5750,96746
17,-9.70127681891123e-12,5750,96746
18,-9.70127681891123e-12,5750,96746
19,-9.70127681891123e-12,5750,96746
20,-9.70127681891123e-12,5750,96746
21,-9.70127681891123e-12,5750,96746
22,-9.70127681891123e-12,5750,96746
23,-3.53524697059135,5750,96746
1,-9.21621297796568e-12,2788,96781
2,-9.21621297796568e-12,2788,96781
3,-9.21621297796568e-12,2788,96781
4,-9.21621297796568e-12,2788,96781
5,-9.21621297796568e-12,2788,96781
6,-9.21621297796568e-12,2788,96781
7,-9.21621297796568e-12,2788,96781
8,-9.21621297796568e-12,2788,96781
9,-9.21621297796568e-12,2788,96781
10,-9.21621297796568e-12,2788,96781
11,-9.21621297796568e-12,2788,96781
12,-9.21621297796568e-12,2788,96781
13,-9.21621297796568e-12,2788,96781
14,-9.21621297796568e-12,2788,96781
15,-9.21621297796568e-12,2788,96781
16,-9.21621297796568e-12,2788,96781
17,-15.943430796772,2788,96781
18,-9.21621297796568e-12,2788,96781
19,-9.21621297796568e-12,2788,96781
20,-9.21621297796568e-12,2788,96781
21,-9.21621297796568e-12,2788,96781
22,-9.21621297796568e-12,2788,96781
23,-15.9434308007554,2788,96781
1,-2.18278728425503e-12,2681,96789
2,-2.18278728425503e-12,2681,96789
3,-2.18278728425503e-12,2681,96789
4,-2.18278728425503e-12,2681,96789
5,-2.18278728425503e-12,2681,96789
6,-2.18278728425503e-12,2681,96789
7,-2.18278728425503e-12,2681,96789
8,-2.18278728425503e-12,2681,96789
9,-2.18278728425503e-12,2681,96789
10,-2.18278728425503e-12,2681,96789
11,-2.18278728425503e-12,2681,96789
12,-2.18278728425503e-12,2681,96789
13,-2.18278728425503e-12,2681,96789
14,-2.18278728425503e-12,2681,96789
15,-19.7688137066948,2681,96789
16,-2.18278728425503e-12,2681,96789
17,-2.18278728425503e-12,2681,96789
18,-2.18278728425503e-12,2681,96789
19,-2.18278728425503e-12,2681,96789
20,-2.18278728425503e-12,2681,96789
21,-2.18278728425503e-12,2681,96789
22,-2.18278728425503e-12,2681,96789
23,-19.7688137066948,2681,96789
1,-4.12304264803728e-12,5755,96707
2,-4.12304264803728e-12,5755,96707
3,-4.12304264803728e-12,5755,96707
4,-4.12304264803728e-12,5755,96707
5,-4.12304264803728e-12,5755,96707
6,-4.12304264803728e-12,5755,96707
7,-4.12304264803728e-12,5755,96707
8,-4.12304264803728e-12,5755,96707
9,-4.12304264803728e-12,5755,96707
10,-4.12304264803728e-12,5755,96707
11,-4.12304264803728e-12,5755,96707
12,-4.12304264803728e-12,5755,96707
13,-4.12304264803728e-12,5755,96707
14,-4.12304264803728e-12,5755,96707
15,-4.12304264803728e-12,5755,96707
16,-4.12304264803728e-12,5755,96707
17,-102.809285351776,5755,96707
18,-4.12304264803728e-12,5755,96707
19,-4.12304264803728e-12,5755,96707
20,-4.12304264803728e-12,5755,96707
21,-4.12304264803728e-12,5755,96707
22,-4.12304264803728e-12,5755,96707
23,-102.809285351776,5755,96707
1,-9.70127681891127e-13,2804,96754
2,-9.70127681891127e-13,2804,96754
3,-9.70127681891127e-13,2804,96754
4,-9.70127681891127e-13,2804,96754
5,-9.70127681891127e-13,2804,96754
6,-9.70127681891127e-13,2804,96754
7,-9.70127681891127e-13,2804,96754
8,-9.70127681891127e-13,2804,96754
9,-9.70127681891127e-13,2804,96754
10,-9.70127681891127e-13,2804,96754
11,-9.70127681891127e-13,2804,96754
12,-9.70127681891127e-13,2804,96754
13,-9.70127681891127e-13,2804,96754
14,-9.70127681891127e-13,2804,96754
15,-63.3118375267401,2804,96754
16,-9.70127681891127e-13,2804,96754
17,-17.2969177552285,2804,96754
18,-9.70127681891127e-13,2804,96754
19,-9.70127681891127e-13,2804,96754
20,-9.70127681891127e-13,2804,96754
21,-9.70127681891127e-13,2804,96754
22,-9.70127681891127e-13,2804,96754
23,-80.6771370460847,2804,96754
1,1.45519152283669e-12,2814,96703
2,1.45519152283669e-12,2814,96703
3,1.45519152283669e-12,2814,96703
4,1.45519152283669e-12,2814,96703
5,1.45519152283669e-12,2814,96703
6,1.45519152283669e-12,2814,96703
7,1.45519152283669e-12,2814,96703
8,1.45519152283669e-12,2814,96703
9,1.45519152283669e-12,2814,96703
10,1.45519152283669e-12,2814,96703
11,-1.62031100904346,2814,96703
12,1.45519152283669e-12,2814,96703
13,1.45519152283669e-12,2814,96703
14,1.45519152283669e-12,2814,96703
15,1.45519152283669e-12,2814,96703
16,1.45519152283669e-12,2814,96703
17,1.45519152283669e-12,2814,96703
18,1.45519152283669e-12,2814,96703
19,1.45519152283669e-12,2814,96703
20,1.45519152283669e-12,2814,96703
21,1.45519152283669e-12,2814,96703
22,1.45519152283669e-12,2814,96703
23,-1.62031100904812,2814,96703
1,-1.94025536378225e-12,2816,96743
2,-1.94025536378225e-12,2816,96743
3,-1.94025536378225e-12,2816,96743
4,-1.94025536378225e-12,2816,96743
5,-1.94025536378225e-12,2816,96743
6,-1.94025536378225e-12,2816,96743
7,-1.94025536378225e-12,2816,96743
8,-1.94025536378225e-12,2816,96743
9,-1.94025536378225e-12,2816,96743
10,-1.94025536378225e-12,2816,96743
11,-1.94025536378225e-12,2816,96743
12,-1.94025536378225e-12,2816,96743
13,-1.94025536378225e-12,2816,96743
14,-1.94025536378225e-12,2816,96743
15,-1.94025536378225e-12,2816,96743
16,-1.94025536378225e-12,2816,96743
17,-18.055226465967,2816,96743
18,-1.94025536378225e-12,2816,96743
19,-1.94025536378225e-12,2816,96743
20,-1.94025536378225e-12,2816,96743
21,-1.94025536378225e-12,2816,96743
22,-1.94025536378225e-12,2816,96743
23,-18.055226465967,2816,96743
1,0,2820,96701
2,0,2820,96701
3,0,2820,96701
4,0,2820,96701
5,0,2820,96701
6,0,2820,96701
7,0,2820,96701
8,-28.5940649932493,2820,96701
9,0,2820,96701
10,0,2820,96701
11,0,2820,96701
12,0,2820,96701
13,0,2820,96701
14,0,2820,96701
15,0,2820,96701
16,0,2820,96701
17,0,2820,96701
18,0,2820,96701
19,0,2820,96701
20,0,2820,96701
21,0,2820,96701
22,0,2820,96701
23,-28.5940649932493,2820,96701
1,-3.88051072756449e-12,2825,96766
2,-3.88051072756449e-12,2825,96766
3,-3.88051072756449e-12,2825,96766
4,-3.88051072756449e-12,2825,96766
5,-3.88051072756449e-12,2825,96766
6,-3.88051072756449e-12,2825,96766
7,-3.88051072756449e-12,2825,96766
8,-3.88051072756449e-12,2825,96766
9,-3.88051072756449e-12,2825,96766
10,-3.88051072756449e-12,2825,96766
11,-3.88051072756449e-12,2825,96766
12,-3.88051072756449e-12,2825,96766
13,-3.88051072756449e-12,2825,96766
14,-3.88051072756449e-12,2825,96766
15,-3.88051072756449e-12,2825,96766
16,-3.88051072756449e-12,2825,96766
17,-112.177348248305,2825,96766
18,-3.88051072756449e-12,2825,96766
19,-3.88051072756449e-12,2825,96766
20,-3.88051072756449e-12,2825,96766
21,-3.88051072756449e-12,2825,96766
22,-3.88051072756449e-12,2825,96766
23,-112.177348384649,2825,96766
1,-9.21621297796568e-12,2828,96746
2,-9.21621297796568e-12,2828,96746
3,-9.21621297796568e-12,2828,96746
4,-9.21621297796568e-12,2828,96746
5,-9.21621297796568e-12,2828,96746
6,-9.21621297796568e-12,2828,96746
7,-37.2543589726891,2828,96746
8,-9.21621297796568e-12,2828,96746
9,-9.21621297796568e-12,2828,96746
10,-9.21621297796568e-12,2828,96746
11,-9.21621297796568e-12,2828,96746
12,-9.21621297796568e-12,2828,96746
13,-9.21621297796568e-12,2828,96746
14,-9.21621297796568e-12,2828,96746
15,-9.21621297796568e-12,2828,96746
16,-9.21621297796568e-12,2828,96746
17,-9.21621297796568e-12,2828,96746
18,-9.21621297796568e-12,2828,96746
19,-9.21621297796568e-12,2828,96746
20,-9.21621297796568e-12,2828,96746
21,-9.21621297796568e-12,2828,96746
22,-9.21621297796568e-12,2828,96746
23,-37.2543589726891,2828,96746
1,-7.76102145512899e-12,2829,96789
2,-7.76102145512899e-12,2829,96789
3,-7.76102145512899e-12,2829,96789
4,-7.76102145512899e-12,2829,96789
5,-7.76102145512899e-12,2829,96789
6,-7.76102145512899e-12,2829,96789
7,-7.76102145512899e-12,2829,96789
8,-7.76102145512899e-12,2829,96789
9,-7.76102145512899e-12,2829,96789
10,-7.76102145512899e-12,2829,96789
11,-13.4976007292076,2829,96789
12,-7.76102145512899e-12,2829,96789
13,-7.76102145512899e-12,2829,96789
14,-7.76102145512899e-12,2829,96789
15,-7.76102145512899e-12,2829,96789
16,-7.76102145512899e-12,2829,96789
17,-7.76102145512899e-12,2829,96789
18,-7.76102145512899e-12,2829,96789
19,-7.76102145512899e-12,2829,96789
20,-7.76102145512899e-12,2829,96789
21,-7.76102145512899e-12,2829,96789
22,-7.76102145512899e-12,2829,96789
23,-13.4976007292076,2829,96789
1,-2.42531920472781e-12,2849,96734
2,-2.42531920472781e-12,2849,96734
3,-2.42531920472781e-12,2849,96734
4,-2.42531920472781e-12,2849,96734
5,-2.42531920472781e-12,2849,96734
6,-2.42531920472781e-12,2849,96734
7,-2.42531920472781e-12,2849,96734
8,-2.42531920472781e-12,2849,96734
9,-2.42531920472781e-12,2849,96734
10,-2.42531920472781e-12,2849,96734
11,-2.42531920472781e-12,2849,96734
12,-2.42531920472781e-12,2849,96734
13,-2.42531920472781e-12,2849,96734
14,-21.854463916838,2849,96734
15,-2.42531920472781e-12,2849,96734
16,-2.42531920472781e-12,2849,96734
17,-2.42531920472781e-12,2849,96734
18,-2.42531920472781e-12,2849,96734
19,-2.42531920472781e-12,2849,96734
20,-2.42531920472781e-12,2849,96734
21,-2.42531920472781e-12,2849,96734
22,-2.42531920472781e-12,2849,96734
23,-21.854463916838,2849,96734
1,-8.97368105749289e-12,2850,96766
2,-8.97368105749289e-12,2850,96766
3,-8.97368105749289e-12,2850,96766
4,-8.97368105749289e-12,2850,96766
5,-8.97368105749289e-12,2850,96766
6,-8.97368105749289e-12,2850,96766
7,-8.97368105749289e-12,2850,96766
8,-19.2886601201952,2850,96766
9,-8.97368105749289e-12,2850,96766
10,-8.97368105749289e-12,2850,96766
11,-8.97368105749289e-12,2850,96766
12,-8.97368105749289e-12,2850,96766
13,-8.97368105749289e-12,2850,96766
14,-8.97368105749289e-12,2850,96766
15,-8.97368105749289e-12,2850,96766
16,-8.97368105749289e-12,2850,96766
17,-8.97368105749289e-12,2850,96766
18,-8.97368105749289e-12,2850,96766
19,-8.97368105749289e-12,2850,96766
20,-8.97368105749289e-12,2850,96766
21,-8.97368105749289e-12,2850,96766
22,-8.97368105749289e-12,2850,96766
23,-19.2886601201952,2850,96766
1,-4.85063840945563e-13,2864,96734
2,-4.85063840945563e-13,2864,96734
3,-4.85063840945563e-13,2864,96734
4,-4.85063840945563e-13,2864,96734
5,-4.85063840945563e-13,2864,96734
6,-4.85063840945563e-13,2864,96734
7,-4.85063840945563e-13,2864,96734
8,-4.85063840945563e-13,2864,96734
9,-4.85063840945563e-13,2864,96734
10,-4.85063840945563e-13,2864,96734
11,-13.5347197699811,2864,96734
12,-4.85063840945563e-13,2864,96734
13,-4.85063840945563e-13,2864,96734
14,-4.85063840945563e-13,2864,96734
15,-4.85063840945563e-13,2864,96734
16,-4.85063840945563e-13,2864,96734
17,-4.85063840945563e-13,2864,96734
18,-4.85063840945563e-13,2864,96734
19,-4.85063840945563e-13,2864,96734
20,-4.85063840945563e-13,2864,96734
21,-4.85063840945563e-13,2864,96734
22,-4.85063840945563e-13,2864,96734
23,-13.5347197701577,2864,96734
1,1.79473621149858e-11,2865,96751
2,-29.0603439794073,2865,96751
3,1.79473621149858e-11,2865,96751
4,1.79473621149858e-11,2865,96751
5,1.79473621149858e-11,2865,96751
6,1.79473621149858e-11,2865,96751
7,1.79473621149858e-11,2865,96751
8,1.79473621149858e-11,2865,96751
9,1.79473621149858e-11,2865,96751
10,1.79473621149858e-11,2865,96751
11,1.79473621149858e-11,2865,96751
12,1.79473621149858e-11,2865,96751
13,1.79473621149858e-11,2865,96751
14,1.79473621149858e-11,2865,96751
15,1.79473621149858e-11,2865,96751
16,1.79473621149858e-11,2865,96751
17,1.79473621149858e-11,2865,96751
18,1.79473621149858e-11,2865,96751
19,1.79473621149858e-11,2865,96751
20,1.79473621149858e-11,2865,96751
21,1.79473621149858e-11,2865,96751
22,1.79473621149858e-11,2865,96751
23,-29.0603439863577,2865,96751
1,-8.24608529607455e-12,2868,96826
2,-8.24608529607455e-12,2868,96826
3,-8.24608529607455e-12,2868,96826
4,-8.24608529607455e-12,2868,96826
5,-8.24608529607455e-12,2868,96826
6,-8.24608529607455e-12,2868,96826
7,-8.24608529607455e-12,2868,96826
8,-8.24608529607455e-12,2868,96826
9,-8.24608529607455e-12,2868,96826
10,-8.24608529607455e-12,2868,96826
11,-8.24608529607455e-12,2868,96826
12,-8.24608529607455e-12,2868,96826
13,-8.24608529607455e-12,2868,96826
14,-8.24608529607455e-12,2868,96826
15,-60.993789624878,2868,96826
16,-8.24608529607455e-12,2868,96826
17,-8.24608529607455e-12,2868,96826
18,-8.24608529607455e-12,2868,96826
19,-8.24608529607455e-12,2868,96826
20,-8.24608529607455e-12,2868,96826
21,-8.24608529607455e-12,2868,96826
22,-8.24608529607455e-12,2868,96826
23,-60.9937896248797,2868,96826
1,-3.8805107275645e-12,2870,96792
2,-3.8805107275645e-12,2870,96792
3,-3.8805107275645e-12,2870,96792
4,-3.8805107275645e-12,2870,96792
5,-3.8805107275645e-12,2870,96792
6,-3.8805107275645e-12,2870,96792
7,-3.8805107275645e-12,2870,96792
8,-22.7632020686743,2870,96792
9,-3.8805107275645e-12,2870,96792
10,-3.8805107275645e-12,2870,96792
11,-3.8805107275645e-12,2870,96792
12,-3.8805107275645e-12,2870,96792
13,-3.8805107275645e-12,2870,96792
14,-3.8805107275645e-12,2870,96792
15,-3.8805107275645e-12,2870,96792
16,-3.8805107275645e-12,2870,96792
17,-3.8805107275645e-12,2870,96792
18,-3.8805107275645e-12,2870,96792
19,-3.8805107275645e-12,2870,96792
20,-3.8805107275645e-12,2870,96792
21,-3.8805107275645e-12,2870,96792
22,-3.8805107275645e-12,2870,96792
23,-22.7632020686743,2870,96792
1,-2.42531920472781e-12,2872,96821
2,-2.42531920472781e-12,2872,96821
3,-2.42531920472781e-12,2872,96821
4,-2.42531920472781e-12,2872,96821
5,-2.42531920472781e-12,2872,96821
6,-2.42531920472781e-12,2872,96821
7,-2.42531920472781e-12,2872,96821
8,-2.42531920472781e-12,2872,96821
9,-2.42531920472781e-12,2872,96821
10,-2.42531920472781e-12,2872,96821
11,-2.42531920472781e-12,2872,96821
12,-2.42531920472781e-12,2872,96821
13,-2.42531920472781e-12,2872,96821
14,-88.2398666991796,2872,96821
15,-2.42531920472781e-12,2872,96821
16,-2.42531920472781e-12,2872,96821
17,-2.42531920472781e-12,2872,96821
18,-2.42531920472781e-12,2872,96821
19,-2.42531920472781e-12,2872,96821
20,-2.42531920472781e-12,2872,96821
21,-2.42531920472781e-12,2872,96821
22,-2.42531920472781e-12,2872,96821
23,-88.2398666994248,2872,96821
1,-4.85063840945562e-12,2874,96817
2,-4.85063840945562e-12,2874,96817
3,-4.85063840945562e-12,2874,96817
4,-4.85063840945562e-12,2874,96817
5,-4.85063840945562e-12,2874,96817
6,-4.85063840945562e-12,2874,96817
7,-4.85063840945562e-12,2874,96817
8,-4.85063840945562e-12,2874,96817
9,-4.85063840945562e-12,2874,96817
10,-4.85063840945562e-12,2874,96817
11,-4.85063840945562e-12,2874,96817
12,-4.85063840945562e-12,2874,96817
13,-4.85063840945562e-12,2874,96817
14,-33.4879949263865,2874,96817
15,-4.85063840945562e-12,2874,96817
16,-4.85063840945562e-12,2874,96817
17,-4.85063840945562e-12,2874,96817
18,-4.85063840945562e-12,2874,96817
19,-4.85063840945562e-12,2874,96817
20,-4.85063840945562e-12,2874,96817
21,-4.85063840945562e-12,2874,96817
22,-4.85063840945562e-12,2874,96817
23,-33.4879949263865,2874,96817
1,2.42531920472781e-12,2882,96786
2,2.42531920472781e-12,2882,96786
3,2.42531920472781e-12,2882,96786
4,2.42531920472781e-12,2882,96786
5,2.42531920472781e-12,2882,96786
6,2.42531920472781e-12,2882,96786
7,2.42531920472781e-12,2882,96786
8,-18.1976587015694,2882,96786
9,2.42531920472781e-12,2882,96786
10,2.42531920472781e-12,2882,96786
11,2.42531920472781e-12,2882,96786
12,2.42531920472781e-12,2882,96786
13,2.42531920472781e-12,2882,96786
14,2.42531920472781e-12,2882,96786
15,2.42531920472781e-12,2882,96786
16,2.42531920472781e-12,2882,96786
17,2.42531920472781e-12,2882,96786
18,2.42531920472781e-12,2882,96786
19,2.42531920472781e-12,2882,96786
20,2.42531920472781e-12,2882,96786
21,2.42531920472781e-12,2882,96786
22,2.42531920472781e-12,2882,96786
23,-18.1976587015694,2882,96786
1,-1.01863406598568e-11,2883,96706
2,-1.01863406598568e-11,2883,96706
3,-1.01863406598568e-11,2883,96706
4,-1.01863406598568e-11,2883,96706
5,-1.01863406598568e-11,2883,96706
6,-1.01863406598568e-11,2883,96706
7,-1.01863406598568e-11,2883,96706
8,-105.257222637649,2883,96706
9,-1.01863406598568e-11,2883,96706
10,-1.01863406598568e-11,2883,96706
11,-1.01863406598568e-11,2883,96706
12,-1.01863406598568e-11,2883,96706
13,-1.01863406598568e-11,2883,96706
14,-1.01863406598568e-11,2883,96706
15,-1.01863406598568e-11,2883,96706
16,-1.01863406598568e-11,2883,96706
17,-1.01863406598568e-11,2883,96706
18,-1.01863406598568e-11,2883,96706
19,-1.01863406598568e-11,2883,96706
20,-1.01863406598568e-11,2883,96706
21,-1.01863406598568e-11,2883,96706
22,-1.01863406598568e-11,2883,96706
23,-105.257222637649,2883,96706
1,-3.39544688661893e-12,2888,96782
2,-3.39544688661893e-12,2888,96782
3,-3.39544688661893e-12,2888,96782
4,-3.39544688661893e-12,2888,96782
5,-3.39544688661893e-12,2888,96782
6,-3.39544688661893e-12,2888,96782
7,-3.39544688661893e-12,2888,96782
8,-3.39544688661893e-12,2888,96782
9,-3.39544688661893e-12,2888,96782
10,-3.39544688661893e-12,2888,96782
11,-3.39544688661893e-12,2888,96782
12,-3.39544688661893e-12,2888,96782
13,-3.39544688661893e-12,2888,96782
14,-3.39544688661893e-12,2888,96782
15,-26.6292243894059,2888,96782
16,-3.39544688661893e-12,2888,96782
17,-3.39544688661893e-12,2888,96782
18,-3.39544688661893e-12,2888,96782
19,-3.39544688661893e-12,2888,96782
20,-3.39544688661893e-12,2888,96782
21,-3.39544688661893e-12,2888,96782
22,-3.39544688661893e-12,2888,96782
23,-26.6292243894059,2888,96782
1,-6.79089377323786e-12,2893,96822
2,-6.79089377323786e-12,2893,96822
3,-6.79089377323786e-12,2893,96822
4,-6.79089377323786e-12,2893,96822
5,-6.79089377323786e-12,2893,96822
6,-6.79089377323786e-12,2893,96822
7,-6.79089377323786e-12,2893,96822
8,-37.8957783384918,2893,96822
9,-6.79089377323786e-12,2893,96822
10,-6.79089377323786e-12,2893,96822
11,-6.79089377323786e-12,2893,96822
12,-6.79089377323786e-12,2893,96822
13,-6.79089377323786e-12,2893,96822
14,-6.79089377323786e-12,2893,96822
15,-6.79089377323786e-12,2893,96822
16,-6.79089377323786e-12,2893,96822
17,-6.79089377323786e-12,2893,96822
18,-6.79089377323786e-12,2893,96822
19,-6.79089377323786e-12,2893,96822
20,-6.79089377323786e-12,2893,96822
21,-6.79089377323786e-12,2893,96822
22,-6.79089377323786e-12,2893,96822
23,-37.8957783384918,2893,96822
1,-1.50369790693124e-11,5782,96734
2,-1.50369790693124e-11,5782,96734
3,-1.50369790693124e-11,5782,96734
4,-1.50369790693124e-11,5782,96734
5,-1.50369790693124e-11,5782,96734
6,-1.50369790693124e-11,5782,96734
7,-1.50369790693124e-11,5782,96734
8,-1.50369790693124e-11,5782,96734
9,-1.50369790693124e-11,5782,96734
10,-1.50369790693124e-11,5782,96734
11,-1.50369790693124e-11,5782,96734
12,-1.50369790693124e-11,5782,96734
13,-1.50369790693124e-11,5782,96734
14,-1.50369790693124e-11,5782,96734
15,-1.50369790693124e-11,5782,96734
16,-1.50369790693124e-11,5782,96734
17,-1.50369790693124e-11,5782,96734
18,-1.50369790693124e-11,5782,96734
19,-1.50369790693124e-11,5782,96734
20,-21.3247360853192,5782,96734
21,-1.50369790693124e-11,5782,96734
22,-1.50369790693124e-11,5782,96734
23,-21.3247360853192,5782,96734
1,-4.85063840945562e-12,2899,96817
2,-4.85063840945562e-12,2899,96817
3,-4.85063840945562e-12,2899,96817
4,-4.85063840945562e-12,2899,96817
5,-4.85063840945562e-12,2899,96817
6,-4.85063840945562e-12,2899,96817
7,-4.85063840945562e-12,2899,96817
8,-4.85063840945562e-12,2899,96817
9,-4.85063840945562e-12,2899,96817
10,-4.85063840945562e-12,2899,96817
11,-14.2852712189415,2899,96817
12,-4.85063840945562e-12,2899,96817
13,-4.85063840945562e-12,2899,96817
14,-4.85063840945562e-12,2899,96817
15,-4.85063840945562e-12,2899,96817
16,-4.85063840945562e-12,2899,96817
17,-4.85063840945562e-12,2899,96817
18,-4.85063840945562e-12,2899,96817
19,-4.85063840945562e-12,2899,96817
20,-4.85063840945562e-12,2899,96817
21,-4.85063840945562e-12,2899,96817
22,-4.85063840945562e-12,2899,96817
23,-14.2852712189415,2899,96817
1,-1.30967237055302e-11,2905,96707
2,-1.30967237055302e-11,2905,96707
3,-1.30967237055302e-11,2905,96707
4,-1.30967237055302e-11,2905,96707
5,-1.30967237055302e-11,2905,96707
6,-1.30967237055302e-11,2905,96707
7,-1.30967237055302e-11,2905,96707
8,-1.30967237055302e-11,2905,96707
9,-1.30967237055302e-11,2905,96707
10,-1.30967237055302e-11,2905,96707
11,-1.30967237055302e-11,2905,96707
12,-1.30967237055302e-11,2905,96707
13,-1.30967237055302e-11,2905,96707
14,-1.30967237055302e-11,2905,96707
15,-1.30967237055302e-11,2905,96707
16,-1.30967237055302e-11,2905,96707
17,-1.30967237055302e-11,2905,96707
18,-1.30967237055302e-11,2905,96707
19,-1.30967237055302e-11,2905,96707
20,-25.4662673001153,2905,96707
21,-1.30967237055302e-11,2905,96707
22,-1.30967237055302e-11,2905,96707
23,-25.4662673001153,2905,96707
1,2.91038304567337e-12,2906,96716
2,2.91038304567337e-12,2906,96716
3,2.91038304567337e-12,2906,96716
4,2.91038304567337e-12,2906,96716
5,2.91038304567337e-12,2906,96716
6,2.91038304567337e-12,2906,96716
7,2.91038304567337e-12,2906,96716
8,2.91038304567337e-12,2906,96716
9,2.91038304567337e-12,2906,96716
10,2.91038304567337e-12,2906,96716
11,2.91038304567337e-12,2906,96716
12,2.91038304567337e-12,2906,96716
13,2.91038304567337e-12,2906,96716
14,-33.0972224850625,2906,96716
15,2.91038304567337e-12,2906,96716
16,2.91038304567337e-12,2906,96716
17,2.91038304567337e-12,2906,96716
18,2.91038304567337e-12,2906,96716
19,2.91038304567337e-12,2906,96716
20,2.91038304567337e-12,2906,96716
21,2.91038304567337e-12,2906,96716
22,2.91038304567337e-12,2906,96716
23,-33.0972224850625,2906,96716
1,-9.70127681891123e-12,2908,96766
2,-9.70127681891123e-12,2908,96766
3,-9.70127681891123e-12,2908,96766
4,-9.70127681891123e-12,2908,96766
5,-9.70127681891123e-12,2908,96766
6,-9.70127681891123e-12,2908,96766
7,-9.70127681891123e-12,2908,96766
8,-9.70127681891123e-12,2908,96766
9,-9.70127681891123e-12,2908,96766
10,-9.70127681891123e-12,2908,96766
11,-9.70127681891123e-12,2908,96766
12,-9.70127681891123e-12,2908,96766
13,-9.70127681891123e-12,2908,96766
14,-9.70127681891123e-12,2908,96766
15,-9.70127681891123e-12,2908,96766
16,-9.70127681891123e-12,2908,96766
17,-9.70127681891123e-12,2908,96766
18,-9.70127681891123e-12,2908,96766
19,-9.70127681891123e-12,2908,96766
20,-9.70127681891123e-12,2908,96766
21,-29.0358116766648,2908,96766
22,-9.70127681891123e-12,2908,96766
23,-29.0358116767859,2908,96766
1,9.70127681891125e-13,5791,96756
2,9.70127681891125e-13,5791,96756
3,9.70127681891125e-13,5791,96756
4,9.70127681891125e-13,5791,96756
5,9.70127681891125e-13,5791,96756
6,9.70127681891125e-13,5791,96756
7,9.70127681891125e-13,5791,96756
8,9.70127681891125e-13,5791,96756
9,9.70127681891125e-13,5791,96756
10,9.70127681891125e-13,5791,96756
11,-353.832142146726,5791,96756
12,9.70127681891125e-13,5791,96756
13,9.70127681891125e-13,5791,96756
14,9.70127681891125e-13,5791,96756
15,9.70127681891125e-13,5791,96756
16,9.70127681891125e-13,5791,96756
17,9.70127681891125e-13,5791,96756
18,9.70127681891125e-13,5791,96756
19,9.70127681891125e-13,5791,96756
20,9.70127681891125e-13,5791,96756
21,9.70127681891125e-13,5791,96756
22,9.70127681891125e-13,5791,96756
23,-353.832142274337,5791,96756
1,2.4253192047278e-13,2930,96817
2,2.4253192047278e-13,2930,96817
3,2.4253192047278e-13,2930,96817
4,2.4253192047278e-13,2930,96817
5,2.4253192047278e-13,2930,96817
6,2.4253192047278e-13,2930,96817
7,2.4253192047278e-13,2930,96817
8,2.4253192047278e-13,2930,96817
9,2.4253192047278e-13,2930,96817
10,2.4253192047278e-13,2930,96817
11,2.4253192047278e-13,2930,96817
12,2.4253192047278e-13,2930,96817
13,2.4253192047278e-13,2930,96817
14,2.4253192047278e-13,2930,96817
15,2.4253192047278e-13,2930,96817
16,2.4253192047278e-13,2930,96817
17,2.4253192047278e-13,2930,96817
18,2.4253192047278e-13,2930,96817
19,2.4253192047278e-13,2930,96817
20,-26.3350228404117,2930,96817
21,2.4253192047278e-13,2930,96817
22,2.4253192047278e-13,2930,96817
23,-26.3350228427417,2930,96817
1,-6.79089377323786e-12,2949,96766
2,-6.79089377323786e-12,2949,96766
3,-6.79089377323786e-12,2949,96766
4,-6.79089377323786e-12,2949,96766
5,-6.79089377323786e-12,2949,96766
6,-6.79089377323786e-12,2949,96766
7,-6.79089377323786e-12,2949,96766
8,-6.79089377323786e-12,2949,96766
9,-6.79089377323786e-12,2949,96766
10,-6.79089377323786e-12,2949,96766
11,-6.79089377323786e-12,2949,96766
12,-6.79089377323786e-12,2949,96766
13,-6.79089377323786e-12,2949,96766
14,-25.129911870782,2949,96766
15,-6.79089377323786e-12,2949,96766
16,-6.79089377323786e-12,2949,96766
17,-6.79089377323786e-12,2949,96766
18,-6.79089377323786e-12,2949,96766
19,-6.79089377323786e-12,2949,96766
20,-6.79089377323786e-12,2949,96766
21,-6.79089377323786e-12,2949,96766
22,-6.79089377323786e-12,2949,96766
23,-25.129911870782,2949,96766
1,0,2950,96766
2,0,2950,96766
3,0,2950,96766
4,0,2950,96766
5,0,2950,96766
6,0,2950,96766
7,0,2950,96766
8,0,2950,96766
9,0,2950,96766
10,0,2950,96766
11,0,2950,96766
12,0,2950,96766
13,0,2950,96766
14,0,2950,96766
15,0,2950,96766
16,0,2950,96766
17,-29.2069257018321,2950,96766
18,0,2950,96766
19,0,2950,96766
20,0,2950,96766
21,0,2950,96766
22,0,2950,96766
23,-29.2069257018321,2950,96766
1,-1.16415321826935e-11,5802,96741
2,-1.16415321826935e-11,5802,96741
3,-1.16415321826935e-11,5802,96741
4,-1.16415321826935e-11,5802,96741
5,-1.16415321826935e-11,5802,96741
6,-1.16415321826935e-11,5802,96741
7,-1.16415321826935e-11,5802,96741
8,-1.16415321826935e-11,5802,96741
9,-1.16415321826935e-11,5802,96741
10,-1.16415321826935e-11,5802,96741
11,-117.296596730087,5802,96741
12,-1.16415321826935e-11,5802,96741
13,-1.16415321826935e-11,5802,96741
14,-1.16415321826935e-11,5802,96741
15,-1.16415321826935e-11,5802,96741
16,-1.16415321826935e-11,5802,96741
17,-1.16415321826935e-11,5802,96741
18,-1.16415321826935e-11,5802,96741
19,-1.16415321826935e-11,5802,96741
20,-1.16415321826935e-11,5802,96741
21,-1.16415321826935e-11,5802,96741
22,-1.16415321826935e-11,5802,96741
23,-117.296596730087,5802,96741
1,-9.70127681891127e-13,2970,96740
2,-9.70127681891127e-13,2970,96740
3,-130.050065751928,2970,96740
4,-9.70127681891127e-13,2970,96740
5,-9.70127681891127e-13,2970,96740
6,-9.70127681891127e-13,2970,96740
7,-9.70127681891127e-13,2970,96740
8,-9.70127681891127e-13,2970,96740
9,-9.70127681891127e-13,2970,96740
10,-9.70127681891127e-13,2970,96740
11,-9.70127681891127e-13,2970,96740
12,-9.70127681891127e-13,2970,96740
13,-9.70127681891127e-13,2970,96740
14,-9.70127681891127e-13,2970,96740
15,-9.70127681891127e-13,2970,96740
16,-9.70127681891127e-13,2970,96740
17,-9.70127681891127e-13,2970,96740
18,-9.70127681891127e-13,2970,96740
19,-9.70127681891127e-13,2970,96740
20,-9.70127681891127e-13,2970,96740
21,-9.70127681891127e-13,2970,96740
22,-9.70127681891127e-13,2970,96740
23,-130.0500657905,2970,96740
1,-3.39544688661893e-12,5803,96754
2,-3.39544688661893e-12,5803,96754
3,-3.39544688661893e-12,5803,96754
4,-3.39544688661893e-12,5803,96754
5,-3.39544688661893e-12,5803,96754
6,-3.39544688661893e-12,5803,96754
7,-3.39544688661893e-12,5803,96754
8,-3.39544688661893e-12,5803,96754
9,-3.39544688661893e-12,5803,96754
10,-3.39544688661893e-12,5803,96754
11,-3.39544688661893e-12,5803,96754
12,-3.39544688661893e-12,5803,96754
13,-3.39544688661893e-12,5803,96754
14,-3.39544688661893e-12,5803,96754
15,-3.39544688661893e-12,5803,96754
16,-3.39544688661893e-12,5803,96754
17,-3.39544688661893e-12,5803,96754
18,-3.39544688661893e-12,5803,96754
19,-3.39544688661893e-12,5803,96754
20,-164.919791362357,5803,96754
21,-3.39544688661893e-12,5803,96754
22,-3.39544688661893e-12,5803,96754
23,-164.919791362357,5803,96754
1,-7.76102145512899e-12,2972,96734
2,-7.76102145512899e-12,2972,96734
3,-7.76102145512899e-12,2972,96734
4,-7.76102145512899e-12,2972,96734
5,-7.76102145512899e-12,2972,96734
6,-7.76102145512899e-12,2972,96734
7,-7.76102145512899e-12,2972,96734
8,-7.76102145512899e-12,2972,96734
9,-7.76102145512899e-12,2972,96734
10,-7.76102145512899e-12,2972,96734
11,-7.76102145512899e-12,2972,96734
12,-7.76102145512899e-12,2972,96734
13,-7.76102145512899e-12,2972,96734
14,-23.1463255526306,2972,96734
15,-7.76102145512899e-12,2972,96734
16,-7.76102145512899e-12,2972,96734
17,-7.76102145512899e-12,2972,96734
18,-7.76102145512899e-12,2972,96734
19,-7.76102145512899e-12,2972,96734
20,-7.76102145512899e-12,2972,96734
21,-7.76102145512899e-12,2972,96734
22,-7.76102145512899e-12,2972,96734
23,-23.1463255550746,2972,96734
1,-7.76102145512899e-12,5804,96744
2,-7.76102145512899e-12,5804,96744
3,-7.76102145512899e-12,5804,96744
4,-7.76102145512899e-12,5804,96744
5,-7.76102145512899e-12,5804,96744
6,-7.76102145512899e-12,5804,96744
7,-7.76102145512899e-12,5804,96744
8,-7.76102145512899e-12,5804,96744
9,-10.6733977178311,5804,96744
10,-7.76102145512899e-12,5804,96744
11,-7.76102145512899e-12,5804,96744
12,-7.76102145512899e-12,5804,96744
13,-7.76102145512899e-12,5804,96744
14,-7.76102145512899e-12,5804,96744
15,-7.76102145512899e-12,5804,96744
16,-7.76102145512899e-12,5804,96744
17,-7.76102145512899e-12,5804,96744
18,-7.76102145512899e-12,5804,96744
19,-7.76102145512899e-12,5804,96744
20,-7.76102145512899e-12,5804,96744
21,-7.76102145512899e-12,5804,96744
22,-7.76102145512899e-12,5804,96744
23,-10.6733977178311,5804,96744
1,-1.40668513874213e-11,2979,96707
2,-1.40668513874213e-11,2979,96707
3,-1.40668513874213e-11,2979,96707
4,-1.40668513874213e-11,2979,96707
5,-29.9100838374492,2979,96707
6,-1.40668513874213e-11,2979,96707
7,-1.40668513874213e-11,2979,96707
8,-1.40668513874213e-11,2979,96707
9,-1.40668513874213e-11,2979,96707
10,-1.40668513874213e-11,2979,96707
11,-1.40668513874213e-11,2979,96707
12,-1.40668513874213e-11,2979,96707
13,-1.40668513874213e-11,2979,96707
14,-1.40668513874213e-11,2979,96707
15,-1.40668513874213e-11,2979,96707
16,-1.40668513874213e-11,2979,96707
17,-1.40668513874213e-11,2979,96707
18,-1.40668513874213e-11,2979,96707
19,-1.40668513874213e-11,2979,96707
20,-1.40668513874213e-11,2979,96707
21,-1.40668513874213e-11,2979,96707
22,-1.40668513874213e-11,2979,96707
23,-29.9100838374492,2979,96707
1,1.94025536378225e-12,5807,96756
2,-24.2414189840245,5807,96756
3,1.94025536378225e-12,5807,96756
4,1.94025536378225e-12,5807,96756
5,1.94025536378225e-12,5807,96756
6,1.94025536378225e-12,5807,96756
7,1.94025536378225e-12,5807,96756
8,1.94025536378225e-12,5807,96756
9,1.94025536378225e-12,5807,96756
10,1.94025536378225e-12,5807,96756
11,1.94025536378225e-12,5807,96756
12,1.94025536378225e-12,5807,96756
13,1.94025536378225e-12,5807,96756
14,1.94025536378225e-12,5807,96756
15,1.94025536378225e-12,5807,96756
16,1.94025536378225e-12,5807,96756
17,1.94025536378225e-12,5807,96756
18,1.94025536378225e-12,5807,96756
19,1.94025536378225e-12,5807,96756
20,1.94025536378225e-12,5807,96756
21,1.94025536378225e-12,5807,96756
22,1.94025536378225e-12,5807,96756
23,-24.2414189840245,5807,96756
1,1.26116598645846e-11,2984,96741
2,1.26116598645846e-11,2984,96741
3,1.26116598645846e-11,2984,96741
4,1.26116598645846e-11,2984,96741
5,1.26116598645846e-11,2984,96741
6,-19.51767733559,2984,96741
7,1.26116598645846e-11,2984,96741
8,1.26116598645846e-11,2984,96741
9,1.26116598645846e-11,2984,96741
10,1.26116598645846e-11,2984,96741
11,-13.0080855282378,2984,96741
12,1.26116598645846e-11,2984,96741
13,1.26116598645846e-11,2984,96741
14,1.26116598645846e-11,2984,96741
15,1.26116598645846e-11,2984,96741
16,1.26116598645846e-11,2984,96741
17,1.26116598645846e-11,2984,96741
18,1.26116598645846e-11,2984,96741
19,1.26116598645846e-11,2984,96741
20,1.26116598645846e-11,2984,96741
21,1.26116598645846e-11,2984,96741
22,1.26116598645846e-11,2984,96741
23,-32.5572775804899,2984,96741
1,-2.42531920472782e-13,2992,96782
2,-2.42531920472782e-13,2992,96782
3,-2.42531920472782e-13,2992,96782
4,-2.42531920472782e-13,2992,96782
5,-2.42531920472782e-13,2992,96782
6,-2.42531920472782e-13,2992,96782
7,-31.9285387945839,2992,96782
8,-2.42531920472782e-13,2992,96782
9,-2.42531920472782e-13,2992,96782
10,-2.42531920472782e-13,2992,96782
11,-2.42531920472782e-13,2992,96782
12,-2.42531920472782e-13,2992,96782
13,-2.42531920472782e-13,2992,96782
14,-2.42531920472782e-13,2992,96782
15,-2.42531920472782e-13,2992,96782
16,-2.42531920472782e-13,2992,96782
17,-2.42531920472782e-13,2992,96782
18,-2.42531920472782e-13,2992,96782
19,-2.42531920472782e-13,2992,96782
20,-2.42531920472782e-13,2992,96782
21,-2.42531920472782e-13,2992,96782
22,-2.42531920472782e-13,2992,96782
23,-31.9285387945839,2992,96782
1,-8.24608529607455e-12,2993,96720
2,-8.24608529607455e-12,2993,96720
3,-8.24608529607455e-12,2993,96720
4,-8.24608529607455e-12,2993,96720
5,-8.24608529607455e-12,2993,96720
6,-8.24608529607455e-12,2993,96720
7,-8.24608529607455e-12,2993,96720
8,-8.24608529607455e-12,2993,96720
9,-8.24608529607455e-12,2993,96720
10,-8.24608529607455e-12,2993,96720
11,-8.24608529607455e-12,2993,96720
12,-8.24608529607455e-12,2993,96720
13,-8.24608529607455e-12,2993,96720
14,-103.014651000198,2993,96720
15,-8.24608529607455e-12,2993,96720
16,-8.24608529607455e-12,2993,96720
17,-8.24608529607455e-12,2993,96720
18,-8.24608529607455e-12,2993,96720
19,-8.24608529607455e-12,2993,96720
20,-8.24608529607455e-12,2993,96720
21,-8.24608529607455e-12,2993,96720
22,-8.24608529607455e-12,2993,96720
23,-103.014651000198,2993,96720
1,-1.94025536378225e-12,2995,96744
2,-1.94025536378225e-12,2995,96744
3,-1.94025536378225e-12,2995,96744
4,-1.94025536378225e-12,2995,96744
5,-1.94025536378225e-12,2995,96744
6,-25.4176179584284,2995,96744
7,-1.94025536378225e-12,2995,96744
8,-1.94025536378225e-12,2995,96744
9,-1.94025536378225e-12,2995,96744
10,-1.94025536378225e-12,2995,96744
11,-1.94025536378225e-12,2995,96744
12,-1.94025536378225e-12,2995,96744
13,-1.94025536378225e-12,2995,96744
14,-1.94025536378225e-12,2995,96744
15,-1.94025536378225e-12,2995,96744
16,-1.94025536378225e-12,2995,96744
17,-1.94025536378225e-12,2995,96744
18,-1.94025536378225e-12,2995,96744
19,-1.94025536378225e-12,2995,96744
20,-1.94025536378225e-12,2995,96744
21,-1.94025536378225e-12,2995,96744
22,-1.94025536378225e-12,2995,96744
23,-25.4176179652733,2995,96744
1,-5.82076609134674e-12,2997,96816
2,-5.82076609134674e-12,2997,96816
3,-128.303647549058,2997,96816
4,-5.82076609134674e-12,2997,96816
5,-5.82076609134674e-12,2997,96816
6,-5.82076609134674e-12,2997,96816
7,-5.82076609134674e-12,2997,96816
8,-5.82076609134674e-12,2997,96816
9,-5.82076609134674e-12,2997,96816
10,-5.82076609134674e-12,2997,96816
11,-5.82076609134674e-12,2997,96816
12,-5.82076609134674e-12,2997,96816
13,-5.82076609134674e-12,2997,96816
14,-5.82076609134674e-12,2997,96816
15,-5.82076609134674e-12,2997,96816
16,-5.82076609134674e-12,2997,96816
17,-5.82076609134674e-12,2997,96816
18,-5.82076609134674e-12,2997,96816
19,-5.82076609134674e-12,2997,96816
20,-5.82076609134674e-12,2997,96816
21,-5.82076609134674e-12,2997,96816
22,-5.82076609134674e-12,2997,96816
23,-128.303647549058,2997,96816
1,-4.36557456851005e-12,5810,96756
2,-4.36557456851005e-12,5810,96756
3,-4.36557456851005e-12,5810,96756
4,-4.36557456851005e-12,5810,96756
5,-4.36557456851005e-12,5810,96756
6,-4.36557456851005e-12,5810,96756
7,-4.36557456851005e-12,5810,96756
8,-4.36557456851005e-12,5810,96756
9,-4.36557456851005e-12,5810,96756
10,-4.36557456851005e-12,5810,96756
11,-4.36557456851005e-12,5810,96756
12,-4.36557456851005e-12,5810,96756
13,-4.36557456851005e-12,5810,96756
14,-22.9629324079149,5810,96756
15,-4.36557456851005e-12,5810,96756
16,-4.36557456851005e-12,5810,96756
17,-4.36557456851005e-12,5810,96756
18,-4.36557456851005e-12,5810,96756
19,-4.36557456851005e-12,5810,96756
20,-4.36557456851005e-12,5810,96756
21,-4.36557456851005e-12,5810,96756
22,-4.36557456851005e-12,5810,96756
23,-22.9629324079149,5810,96756
1,-1.30967237055302e-11,3008,96746
2,-1.30967237055302e-11,3008,96746
3,-1.30967237055302e-11,3008,96746
4,-1.30967237055302e-11,3008,96746
5,-1.30967237055302e-11,3008,96746
6,-1.30967237055302e-11,3008,96746
7,-1.30967237055302e-11,3008,96746
8,-1.30967237055302e-11,3008,96746
9,-1.30967237055302e-11,3008,96746
10,-1.30967237055302e-11,3008,96746
11,-127.328030972868,3008,96746
12,-1.30967237055302e-11,3008,96746
13,-1.30967237055302e-11,3008,96746
14,-1.30967237055302e-11,3008,96746
15,-1.30967237055302e-11,3008,96746
16,-1.30967237055302e-11,3008,96746
17,-1.30967237055302e-11,3008,96746
18,-1.30967237055302e-11,3008,96746
19,-1.30967237055302e-11,3008,96746
20,-1.30967237055302e-11,3008,96746
21,-1.30967237055302e-11,3008,96746
22,-1.30967237055302e-11,3008,96746
23,-127.32803107824,3008,96746
1,-4.85063840945561e-13,3018,96818
2,-4.85063840945561e-13,3018,96818
3,-4.85063840945561e-13,3018,96818
4,-4.85063840945561e-13,3018,96818
5,-4.85063840945561e-13,3018,96818
6,-4.85063840945561e-13,3018,96818
7,-4.85063840945561e-13,3018,96818
8,-4.85063840945561e-13,3018,96818
9,-4.85063840945561e-13,3018,96818
10,-4.85063840945561e-13,3018,96818
11,-4.85063840945561e-13,3018,96818
12,-4.85063840945561e-13,3018,96818
13,-4.85063840945561e-13,3018,96818
14,-31.9997600887858,3018,96818
15,-4.85063840945561e-13,3018,96818
16,-4.85063840945561e-13,3018,96818
17,-4.85063840945561e-13,3018,96818
18,-4.85063840945561e-13,3018,96818
19,-4.85063840945561e-13,3018,96818
20,-4.85063840945561e-13,3018,96818
21,-4.85063840945561e-13,3018,96818
22,-4.85063840945561e-13,3018,96818
23,-31.9997600887858,3018,96818
1,-35.7905745202986,3021,96782
2,-5.82076609134674e-12,3021,96782
3,-5.82076609134674e-12,3021,96782
4,-5.82076609134674e-12,3021,96782
5,-5.82076609134674e-12,3021,96782
6,-5.82076609134674e-12,3021,96782
7,-5.82076609134674e-12,3021,96782
8,-5.82076609134674e-12,3021,96782
9,-5.82076609134674e-12,3021,96782
10,-5.82076609134674e-12,3021,96782
11,-5.82076609134674e-12,3021,96782
12,-5.82076609134674e-12,3021,96782
13,-5.82076609134674e-12,3021,96782
14,-5.82076609134674e-12,3021,96782
15,-5.82076609134674e-12,3021,96782
16,-5.82076609134674e-12,3021,96782
17,-5.82076609134674e-12,3021,96782
18,-5.82076609134674e-12,3021,96782
19,-5.82076609134674e-12,3021,96782
20,-5.82076609134674e-12,3021,96782
21,-5.82076609134674e-12,3021,96782
22,-5.82076609134674e-12,3021,96782
23,-35.7905745202986,3021,96782
1,4.36557456851005e-12,5820,96756
2,4.36557456851005e-12,5820,96756
3,4.36557456851005e-12,5820,96756
4,4.36557456851005e-12,5820,96756
5,4.36557456851005e-12,5820,96756
6,4.36557456851005e-12,5820,96756
7,4.36557456851005e-12,5820,96756
8,4.36557456851005e-12,5820,96756
9,4.36557456851005e-12,5820,96756
10,4.36557456851005e-12,5820,96756
11,4.36557456851005e-12,5820,96756
12,4.36557456851005e-12,5820,96756
13,4.36557456851005e-12,5820,96756
14,-20.7208124952362,5820,96756
15,4.36557456851005e-12,5820,96756
16,4.36557456851005e-12,5820,96756
17,4.36557456851005e-12,5820,96756
18,4.36557456851005e-12,5820,96756
19,4.36557456851005e-12,5820,96756
20,4.36557456851005e-12,5820,96756
21,4.36557456851005e-12,5820,96756
22,4.36557456851005e-12,5820,96756
23,-20.7208124952362,5820,96756
1,-1.11564683417479e-11,3025,96818
2,-1.11564683417479e-11,3025,96818
3,-1.11564683417479e-11,3025,96818
4,-1.11564683417479e-11,3025,96818
5,-1.11564683417479e-11,3025,96818
6,-1.11564683417479e-11,3025,96818
7,-1.11564683417479e-11,3025,96818
8,-1.11564683417479e-11,3025,96818
9,-1.11564683417479e-11,3025,96818
10,-1.11564683417479e-11,3025,96818
11,-1.11564683417479e-11,3025,96818
12,-1.11564683417479e-11,3025,96818
13,-1.11564683417479e-11,3025,96818
14,-1.11564683417479e-11,3025,96818
15,-30.8395066520243,3025,96818
16,-1.11564683417479e-11,3025,96818
17,-1.11564683417479e-11,3025,96818
18,-1.11564683417479e-11,3025,96818
19,-1.11564683417479e-11,3025,96818
20,-1.11564683417479e-11,3025,96818
21,-1.11564683417479e-11,3025,96818
22,-1.11564683417479e-11,3025,96818
23,-30.8395066520243,3025,96818
1,-1.45519152283669e-12,3031,96766
2,-1.45519152283669e-12,3031,96766
3,-1.45519152283669e-12,3031,96766
4,-1.45519152283669e-12,3031,96766
5,-1.45519152283669e-12,3031,96766
6,-1.45519152283669e-12,3031,96766
7,-1.45519152283669e-12,3031,96766
8,-1.45519152283669e-12,3031,96766
9,-1.45519152283669e-12,3031,96766
10,-1.45519152283669e-12,3031,96766
11,-1.45519152283669e-12,3031,96766
12,-1.45519152283669e-12,3031,96766
13,-1.45519152283669e-12,3031,96766
14,-1.45519152283669e-12,3031,96766
15,-1.45519152283669e-12,3031,96766
16,-1.45519152283669e-12,3031,96766
17,-1.45519152283669e-12,3031,96766
18,-1.45519152283669e-12,3031,96766
19,-1.45519152283669e-12,3031,96766
20,-20.5384777808615,3031,96766
21,-1.45519152283669e-12,3031,96766
22,-1.45519152283669e-12,3031,96766
23,-20.5384777808615,3031,96766
1,0,3038,96746
2,0,3038,96746
3,0,3038,96746
4,0,3038,96746
5,0,3038,96746
6,0,3038,96746
7,0,3038,96746
8,-28.5940649932493,3038,96746
9,0,3038,96746
10,0,3038,96746
11,0,3038,96746
12,0,3038,96746
13,0,3038,96746
14,0,3038,96746
15,0,3038,96746
16,0,3038,96746
17,0,3038,96746
18,0,3038,96746
19,0,3038,96746
20,0,3038,96746
21,0,3038,96746
22,0,3038,96746
23,-28.5940649932493,3038,96746
1,-8.73114913702011e-12,3039,96720
2,-8.73114913702011e-12,3039,96720
3,-8.73114913702011e-12,3039,96720
4,-8.73114913702011e-12,3039,96720
5,-8.73114913702011e-12,3039,96720
6,-8.73114913702011e-12,3039,96720
7,-8.73114913702011e-12,3039,96720
8,-8.73114913702011e-12,3039,96720
9,-8.73114913702011e-12,3039,96720
10,-8.73114913702011e-12,3039,96720
11,-8.73114913702011e-12,3039,96720
12,-8.73114913702011e-12,3039,96720
13,-8.73114913702011e-12,3039,96720
14,-8.73114913702011e-12,3039,96720
15,-8.73114913702011e-12,3039,96720
16,-8.73114913702011e-12,3039,96720
17,-8.73114913702011e-12,3039,96720
18,-152.698624617653,3039,96720
19,-8.73114913702011e-12,3039,96720
20,-8.73114913702011e-12,3039,96720
21,-8.73114913702011e-12,3039,96720
22,-8.73114913702011e-12,3039,96720
23,-152.698624617653,3039,96720
1,-1.40668513874213e-11,5825,96734
2,-1.40668513874213e-11,5825,96734
3,-1.40668513874213e-11,5825,96734
4,-1.40668513874213e-11,5825,96734
5,-1.40668513874213e-11,5825,96734
6,-1.40668513874213e-11,5825,96734
7,-1.40668513874213e-11,5825,96734
8,-1.40668513874213e-11,5825,96734
9,-1.40668513874213e-11,5825,96734
10,-1.40668513874213e-11,5825,96734
11,-1.40668513874213e-11,5825,96734
12,-1.40668513874213e-11,5825,96734
13,-1.40668513874213e-11,5825,96734
14,-1.40668513874213e-11,5825,96734
15,-1.40668513874213e-11,5825,96734
16,-10.2799253560265,5825,96734
17,-1.40668513874213e-11,5825,96734
18,-1.40668513874213e-11,5825,96734
19,-1.40668513874213e-11,5825,96734
20,-1.40668513874213e-11,5825,96734
21,-1.40668513874213e-11,5825,96734
22,-1.40668513874213e-11,5825,96734
23,-10.2799253563314,5825,96734
1,-4.85063840945562e-12,3050,96791
2,-4.85063840945562e-12,3050,96791
3,-4.85063840945562e-12,3050,96791
4,-4.85063840945562e-12,3050,96791
5,-4.85063840945562e-12,3050,96791
6,-4.85063840945562e-12,3050,96791
7,-4.85063840945562e-12,3050,96791
8,-4.85063840945562e-12,3050,96791
9,-4.85063840945562e-12,3050,96791
10,-4.85063840945562e-12,3050,96791
11,-4.85063840945562e-12,3050,96791
12,-4.85063840945562e-12,3050,96791
13,-4.85063840945562e-12,3050,96791
14,-19.97758128102,3050,96791
15,-4.85063840945562e-12,3050,96791
16,-4.85063840945562e-12,3050,96791
17,-4.85063840945562e-12,3050,96791
18,-4.85063840945562e-12,3050,96791
19,-4.85063840945562e-12,3050,96791
20,-4.85063840945562e-12,3050,96791
21,-4.85063840945562e-12,3050,96791
22,-4.85063840945562e-12,3050,96791
23,-19.97758128102,3050,96791
1,-4.85063840945562e-12,3060,96791
2,-4.85063840945562e-12,3060,96791
3,-4.85063840945562e-12,3060,96791
4,-4.85063840945562e-12,3060,96791
5,-4.85063840945562e-12,3060,96791
6,-4.85063840945562e-12,3060,96791
7,-4.85063840945562e-12,3060,96791
8,-21.3498620931573,3060,96791
9,-4.85063840945562e-12,3060,96791
10,-4.85063840945562e-12,3060,96791
11,-4.85063840945562e-12,3060,96791
12,-4.85063840945562e-12,3060,96791
13,-4.85063840945562e-12,3060,96791
14,-4.85063840945562e-12,3060,96791
15,-4.85063840945562e-12,3060,96791
16,-4.85063840945562e-12,3060,96791
17,-4.85063840945562e-12,3060,96791
18,-4.85063840945562e-12,3060,96791
19,-4.85063840945562e-12,3060,96791
20,-4.85063840945562e-12,3060,96791
21,-4.85063840945562e-12,3060,96791
22,-4.85063840945562e-12,3060,96791
23,-21.3498620931573,3060,96791
1,-2.42531920472781e-12,3067,96797
2,-142.181866013588,3067,96797
3,-135.636635035857,3067,96797
4,-2.42531920472781e-12,3067,96797
5,-2.42531920472781e-12,3067,96797
6,-2.42531920472781e-12,3067,96797
7,-2.42531920472781e-12,3067,96797
8,-2.42531920472781e-12,3067,96797
9,-2.42531920472781e-12,3067,96797
10,-2.42531920472781e-12,3067,96797
11,-2.42531920472781e-12,3067,96797
12,-2.42531920472781e-12,3067,96797
13,-2.42531920472781e-12,3067,96797
14,-2.42531920472781e-12,3067,96797
15,-2.42531920472781e-12,3067,96797
16,-2.42531920472781e-12,3067,96797
17,-2.42531920472781e-12,3067,96797
18,-2.42531920472781e-12,3067,96797
19,-2.42531920472781e-12,3067,96797
20,-2.42531920472781e-12,3067,96797
21,-2.42531920472781e-12,3067,96797
22,-2.42531920472781e-12,3067,96797
23,-279.145863014414,3067,96797
1,-5.33570225040118e-12,3073,96746
2,-5.33570225040118e-12,3073,96746
3,-5.33570225040118e-12,3073,96746
4,-5.33570225040118e-12,3073,96746
5,-5.33570225040118e-12,3073,96746
6,-5.33570225040118e-12,3073,96746
7,-5.33570225040118e-12,3073,96746
8,-5.33570225040118e-12,3073,96746
9,-5.33570225040118e-12,3073,96746
10,-5.33570225040118e-12,3073,96746
11,-5.33570225040118e-12,3073,96746
12,-5.33570225040118e-12,3073,96746
13,-5.33570225040118e-12,3073,96746
14,-5.33570225040118e-12,3073,96746
15,-5.33570225040118e-12,3073,96746
16,-5.33570225040118e-12,3073,96746
17,-5.33570225040118e-12,3073,96746
18,-5.33570225040118e-12,3073,96746
19,-5.33570225040118e-12,3073,96746
20,-129.969798799549,3073,96746
21,-5.33570225040118e-12,3073,96746
22,-5.33570225040118e-12,3073,96746
23,-129.969798851528,3073,96746
1,-3.8805107275645e-12,5832,96706
2,-3.8805107275645e-12,5832,96706
3,-3.8805107275645e-12,5832,96706
4,-3.8805107275645e-12,5832,96706
5,-3.8805107275645e-12,5832,96706
6,-3.8805107275645e-12,5832,96706
7,-3.8805107275645e-12,5832,96706
8,-3.8805107275645e-12,5832,96706
9,-3.8805107275645e-12,5832,96706
10,-3.8805107275645e-12,5832,96706
11,-3.8805107275645e-12,5832,96706
12,-3.8805107275645e-12,5832,96706
13,-3.8805107275645e-12,5832,96706
14,-21.8996368199378,5832,96706
15,-3.8805107275645e-12,5832,96706
16,-3.8805107275645e-12,5832,96706
17,-3.8805107275645e-12,5832,96706
18,-3.8805107275645e-12,5832,96706
19,-3.8805107275645e-12,5832,96706
20,-3.8805107275645e-12,5832,96706
21,-3.8805107275645e-12,5832,96706
22,-3.8805107275645e-12,5832,96706
23,-21.8996368199378,5832,96706
1,-2.91038304567337e-12,3076,96766
2,-2.91038304567337e-12,3076,96766
3,-2.91038304567337e-12,3076,96766
4,-2.91038304567337e-12,3076,96766
5,-2.91038304567337e-12,3076,96766
6,-2.91038304567337e-12,3076,96766
7,-2.91038304567337e-12,3076,96766
8,-2.91038304567337e-12,3076,96766
9,-2.91038304567337e-12,3076,96766
10,-2.91038304567337e-12,3076,96766
11,-110.055536244711,3076,96766
12,-2.91038304567337e-12,3076,96766
13,-2.91038304567337e-12,3076,96766
14,-2.91038304567337e-12,3076,96766
15,-2.91038304567337e-12,3076,96766
16,-2.91038304567337e-12,3076,96766
17,-2.91038304567337e-12,3076,96766
18,-2.91038304567337e-12,3076,96766
19,-2.91038304567337e-12,3076,96766
20,-2.91038304567337e-12,3076,96766
21,-2.91038304567337e-12,3076,96766
22,-2.91038304567337e-12,3076,96766
23,-110.055536593253,3076,96766
1,-1.01863406598568e-11,3095,96714
2,-1.01863406598568e-11,3095,96714
3,-1.01863406598568e-11,3095,96714
4,-1.01863406598568e-11,3095,96714
5,-1.01863406598568e-11,3095,96714
6,-1.01863406598568e-11,3095,96714
7,-1.01863406598568e-11,3095,96714
8,-1.01863406598568e-11,3095,96714
9,-1.01863406598568e-11,3095,96714
10,-1.01863406598568e-11,3095,96714
11,-1.01863406598568e-11,3095,96714
12,-1.01863406598568e-11,3095,96714
13,-1.01863406598568e-11,3095,96714
14,-1.01863406598568e-11,3095,96714
15,-1.01863406598568e-11,3095,96714
16,-1.01863406598568e-11,3095,96714
17,-1.01863406598568e-11,3095,96714
18,-1.01863406598568e-11,3095,96714
19,-1.01863406598568e-11,3095,96714
20,-26.7287826278492,3095,96714
21,-1.01863406598568e-11,3095,96714
22,-1.01863406598568e-11,3095,96714
23,-26.7287826278492,3095,96714
1,-9.70127681891127e-13,3097,96822
2,-9.70127681891127e-13,3097,96822
3,-9.70127681891127e-13,3097,96822
4,-9.70127681891127e-13,3097,96822
5,-9.70127681891127e-13,3097,96822
6,-91.3823806196727,3097,96822
7,-9.70127681891127e-13,3097,96822
8,-9.70127681891127e-13,3097,96822
9,-9.70127681891127e-13,3097,96822
10,-9.70127681891127e-13,3097,96822
11,-9.70127681891127e-13,3097,96822
12,-9.70127681891127e-13,3097,96822
13,-9.70127681891127e-13,3097,96822
14,-9.70127681891127e-13,3097,96822
15,-9.70127681891127e-13,3097,96822
16,-9.70127681891127e-13,3097,96822
17,-9.70127681891127e-13,3097,96822
18,-9.70127681891127e-13,3097,96822
19,-9.70127681891127e-13,3097,96822
20,-9.70127681891127e-13,3097,96822
21,-9.70127681891127e-13,3097,96822
22,-9.70127681891127e-13,3097,96822
23,-91.3823806264224,3097,96822
1,-1.30967237055302e-11,3104,96761
2,-1.30967237055302e-11,3104,96761
3,-1.30967237055302e-11,3104,96761
4,-1.30967237055302e-11,3104,96761
5,-1.30967237055302e-11,3104,96761
6,-1.30967237055302e-11,3104,96761
7,-1.30967237055302e-11,3104,96761
8,-1.30967237055302e-11,3104,96761
9,-1.30967237055302e-11,3104,96761
10,-1.30967237055302e-11,3104,96761
11,-1.30967237055302e-11,3104,96761
12,-1.30967237055302e-11,3104,96761
13,-1.30967237055302e-11,3104,96761
14,-26.2945294578298,3104,96761
15,-1.30967237055302e-11,3104,96761
16,-1.30967237055302e-11,3104,96761
17,-1.30967237055302e-11,3104,96761
18,-1.30967237055302e-11,3104,96761
19,-1.30967237055302e-11,3104,96761
20,-1.30967237055302e-11,3104,96761
21,-1.30967237055302e-11,3104,96761
22,-1.30967237055302e-11,3104,96761
23,-26.2945294578298,3104,96761
1,-1.94025536378225e-12,5838,96789
2,-1.94025536378225e-12,5838,96789
3,-1.94025536378225e-12,5838,96789
4,-1.94025536378225e-12,5838,96789
5,-1.94025536378225e-12,5838,96789
6,-35.6266891859384,5838,96789
7,-1.94025536378225e-12,5838,96789
8,-1.94025536378225e-12,5838,96789
9,-1.94025536378225e-12,5838,96789
10,-1.94025536378225e-12,5838,96789
11,-1.94025536378225e-12,5838,96789
12,-1.94025536378225e-12,5838,96789
13,-1.94025536378225e-12,5838,96789
14,-1.94025536378225e-12,5838,96789
15,-1.94025536378225e-12,5838,96789
16,-1.94025536378225e-12,5838,96789
17,-1.94025536378225e-12,5838,96789
18,-1.94025536378225e-12,5838,96789
19,-1.94025536378225e-12,5838,96789
20,-1.94025536378225e-12,5838,96789
21,-1.94025536378225e-12,5838,96789
22,-1.94025536378225e-12,5838,96789
23,-35.6266891859384,5838,96789
1,-1.11564683417479e-11,3108,96744
2,-1.11564683417479e-11,3108,96744
3,-1.11564683417479e-11,3108,96744
4,-1.11564683417479e-11,3108,96744
5,-1.11564683417479e-11,3108,96744
6,-1.11564683417479e-11,3108,96744
7,-1.11564683417479e-11,3108,96744
8,-1.11564683417479e-11,3108,96744
9,-1.11564683417479e-11,3108,96744
10,-1.11564683417479e-11,3108,96744
11,-1.11564683417479e-11,3108,96744
12,-1.11564683417479e-11,3108,96744
13,-1.11564683417479e-11,3108,96744
14,-1.11564683417479e-11,3108,96744
15,-30.8395066520243,3108,96744
16,-1.11564683417479e-11,3108,96744
17,-1.11564683417479e-11,3108,96744
18,-1.11564683417479e-11,3108,96744
19,-1.11564683417479e-11,3108,96744
20,-1.11564683417479e-11,3108,96744
21,-1.11564683417479e-11,3108,96744
22,-1.11564683417479e-11,3108,96744
23,-30.8395066520243,3108,96744
1,-6.79089377323786e-12,5839,96754
2,-6.79089377323786e-12,5839,96754
3,-6.79089377323786e-12,5839,96754
4,-6.79089377323786e-12,5839,96754
5,-6.79089377323786e-12,5839,96754
6,-20.3562763821198,5839,96754
7,-6.79089377323786e-12,5839,96754
8,-6.79089377323786e-12,5839,96754
9,-6.79089377323786e-12,5839,96754
10,-6.79089377323786e-12,5839,96754
11,-6.79089377323786e-12,5839,96754
12,-6.79089377323786e-12,5839,96754
13,-6.79089377323786e-12,5839,96754
14,-6.79089377323786e-12,5839,96754
15,-6.79089377323786e-12,5839,96754
16,-6.79089377323786e-12,5839,96754
17,-6.79089377323786e-12,5839,96754
18,-6.79089377323786e-12,5839,96754
19,-6.79089377323786e-12,5839,96754
20,-6.79089377323786e-12,5839,96754
21,-6.79089377323786e-12,5839,96754
22,-6.79089377323786e-12,5839,96754
23,-20.3562763821198,5839,96754
1,-1.26116598645846e-11,3112,96720
2,-1.26116598645846e-11,3112,96720
3,-1.26116598645846e-11,3112,96720
4,-1.26116598645846e-11,3112,96720
5,-1.26116598645846e-11,3112,96720
6,-1.26116598645846e-11,3112,96720
7,-1.26116598645846e-11,3112,96720
8,-1.26116598645846e-11,3112,96720
9,-1.26116598645846e-11,3112,96720
10,-1.26116598645846e-11,3112,96720
11,-1.26116598645846e-11,3112,96720
12,-1.26116598645846e-11,3112,96720
13,-1.26116598645846e-11,3112,96720
14,-1.26116598645846e-11,3112,96720
15,-21.3512135893796,3112,96720
16,-1.26116598645846e-11,3112,96720
17,-1.26116598645846e-11,3112,96720
18,-1.26116598645846e-11,3112,96720
19,-1.26116598645846e-11,3112,96720
20,-1.26116598645846e-11,3112,96720
21,-1.26116598645846e-11,3112,96720
22,-1.26116598645846e-11,3112,96720
23,-21.3512135903205,3112,96720
1,-1.16415321826935e-11,3123,96740
2,-1.16415321826935e-11,3123,96740
3,-1.16415321826935e-11,3123,96740
4,-1.16415321826935e-11,3123,96740
5,-1.16415321826935e-11,3123,96740
6,-1.16415321826935e-11,3123,96740
7,-1.16415321826935e-11,3123,96740
8,-1.16415321826935e-11,3123,96740
9,-1.16415321826935e-11,3123,96740
10,-1.16415321826935e-11,3123,96740
11,-1.16415321826935e-11,3123,96740
12,-1.16415321826935e-11,3123,96740
13,-1.16415321826935e-11,3123,96740
14,-35.4200805658484,3123,96740
15,-1.16415321826935e-11,3123,96740
16,-1.16415321826935e-11,3123,96740
17,-1.16415321826935e-11,3123,96740
18,-1.16415321826935e-11,3123,96740
19,-1.16415321826935e-11,3123,96740
20,-1.16415321826935e-11,3123,96740
21,-1.16415321826935e-11,3123,96740
22,-1.16415321826935e-11,3123,96740
23,-35.4200805658484,3123,96740
1,-1.01863406598568e-11,3125,96756
2,-1.01863406598568e-11,3125,96756
3,-1.01863406598568e-11,3125,96756
4,-1.01863406598568e-11,3125,96756
5,-1.01863406598568e-11,3125,96756
6,-1.01863406598568e-11,3125,96756
7,-1.01863406598568e-11,3125,96756
8,-1.01863406598568e-11,3125,96756
9,-1.01863406598568e-11,3125,96756
10,-1.01863406598568e-11,3125,96756
11,-1.01863406598568e-11,3125,96756
12,-1.01863406598568e-11,3125,96756
13,-1.01863406598568e-11,3125,96756
14,-25.4028516789229,3125,96756
15,-1.01863406598568e-11,3125,96756
16,-1.01863406598568e-11,3125,96756
17,-1.01863406598568e-11,3125,96756
18,-1.01863406598568e-11,3125,96756
19,-1.01863406598568e-11,3125,96756
20,-1.01863406598568e-11,3125,96756
21,-1.01863406598568e-11,3125,96756
22,-1.01863406598568e-11,3125,96756
23,-25.4028516789229,3125,96756
1,-5.82076609134674e-12,3134,96816
2,-5.82076609134674e-12,3134,96816
3,-5.82076609134674e-12,3134,96816
4,-5.82076609134674e-12,3134,96816
5,-5.82076609134674e-12,3134,96816
6,-5.82076609134674e-12,3134,96816
7,-5.82076609134674e-12,3134,96816
8,-5.82076609134674e-12,3134,96816
9,-5.82076609134674e-12,3134,96816
10,-5.82076609134674e-12,3134,96816
11,-5.82076609134674e-12,3134,96816
12,-5.82076609134674e-12,3134,96816
13,-5.82076609134674e-12,3134,96816
14,-5.82076609134674e-12,3134,96816
15,-5.82076609134674e-12,3134,96816
16,-5.82076609134674e-12,3134,96816
17,-5.82076609134674e-12,3134,96816
18,-114.051918543309,3134,96816
19,-5.82076609134674e-12,3134,96816
20,-5.82076609134674e-12,3134,96816
21,-5.82076609134674e-12,3134,96816
22,-5.82076609134674e-12,3134,96816
23,-114.051918543309,3134,96816
1,-5.82076609134674e-12,3139,96816
2,-5.82076609134674e-12,3139,96816
3,-5.82076609134674e-12,3139,96816
4,-5.82076609134674e-12,3139,96816
5,-5.82076609134674e-12,3139,96816
6,-5.82076609134674e-12,3139,96816
7,-5.82076609134674e-12,3139,96816
8,-5.82076609134674e-12,3139,96816
9,-5.82076609134674e-12,3139,96816
10,-5.82076609134674e-12,3139,96816
11,-5.82076609134674e-12,3139,96816
12,-5.82076609134674e-12,3139,96816
13,-5.82076609134674e-12,3139,96816
14,-148.314459633682,3139,96816
15,-5.82076609134674e-12,3139,96816
16,-5.82076609134674e-12,3139,96816
17,-5.82076609134674e-12,3139,96816
18,-5.82076609134674e-12,3139,96816
19,-5.82076609134674e-12,3139,96816
20,-5.82076609134674e-12,3139,96816
21,-5.82076609134674e-12,3139,96816
22,-5.82076609134674e-12,3139,96816
23,-148.314459633682,3139,96816
1,-9.70127681891127e-13,3150,96703
2,-9.70127681891127e-13,3150,96703
3,-9.70127681891127e-13,3150,96703
4,-9.70127681891127e-13,3150,96703
5,-9.70127681891127e-13,3150,96703
6,-9.70127681891127e-13,3150,96703
7,-9.70127681891127e-13,3150,96703
8,-9.70127681891127e-13,3150,96703
9,-9.70127681891127e-13,3150,96703
10,-9.70127681891127e-13,3150,96703
11,-9.70127681891127e-13,3150,96703
12,-9.70127681891127e-13,3150,96703
13,-9.70127681891127e-13,3150,96703
14,-21.1107000113664,3150,96703
15,-9.70127681891127e-13,3150,96703
16,-9.70127681891127e-13,3150,96703
17,-9.70127681891127e-13,3150,96703
18,-9.70127681891127e-13,3150,96703
19,-9.70127681891127e-13,3150,96703
20,-9.70127681891127e-13,3150,96703
21,-9.70127681891127e-13,3150,96703
22,-9.70127681891127e-13,3150,96703
23,-21.1107000113664,3150,96703
1,1.45519152283668e-12,3183,96822
2,1.45519152283668e-12,3183,96822
3,1.45519152283668e-12,3183,96822
4,1.45519152283668e-12,3183,96822
5,1.45519152283668e-12,3183,96822
6,1.45519152283668e-12,3183,96822
7,1.45519152283668e-12,3183,96822
8,-22.2814603038224,3183,96822
9,1.45519152283668e-12,3183,96822
10,1.45519152283668e-12,3183,96822
11,1.45519152283668e-12,3183,96822
12,1.45519152283668e-12,3183,96822
13,1.45519152283668e-12,3183,96822
14,-25.0307846432891,3183,96822
15,1.45519152283668e-12,3183,96822
16,1.45519152283668e-12,3183,96822
17,1.45519152283668e-12,3183,96822
18,1.45519152283668e-12,3183,96822
19,1.45519152283668e-12,3183,96822
20,1.45519152283668e-12,3183,96822
21,1.45519152283668e-12,3183,96822
22,1.45519152283668e-12,3183,96822
23,-47.3789533482995,3183,96822
1,-1.60071067512035e-11,3189,96822
2,-1.60071067512035e-11,3189,96822
3,-1.60071067512035e-11,3189,96822
4,-1.60071067512035e-11,3189,96822
5,-1.60071067512035e-11,3189,96822
6,-1.60071067512035e-11,3189,96822
7,-1.60071067512035e-11,3189,96822
8,-1.60071067512035e-11,3189,96822
9,-1.60071067512035e-11,3189,96822
10,-1.60071067512035e-11,3189,96822
11,-1.60071067512035e-11,3189,96822
12,-1.60071067512035e-11,3189,96822
13,-1.60071067512035e-11,3189,96822
14,-126.383969425902,3189,96822
15,-1.60071067512035e-11,3189,96822
16,-1.60071067512035e-11,3189,96822
17,-1.60071067512035e-11,3189,96822
18,-1.60071067512035e-11,3189,96822
19,-1.60071067512035e-11,3189,96822
20,-1.60071067512035e-11,3189,96822
21,-1.60071067512035e-11,3189,96822
22,-1.60071067512035e-11,3189,96822
23,-126.383969425902,3189,96822
1,4.85063840945563e-13,3193,96741
2,4.85063840945563e-13,3193,96741
3,4.85063840945563e-13,3193,96741
4,4.85063840945563e-13,3193,96741
5,4.85063840945563e-13,3193,96741
6,4.85063840945563e-13,3193,96741
7,4.85063840945563e-13,3193,96741
8,4.85063840945563e-13,3193,96741
9,4.85063840945563e-13,3193,96741
10,4.85063840945563e-13,3193,96741
11,4.85063840945563e-13,3193,96741
12,4.85063840945563e-13,3193,96741
13,4.85063840945563e-13,3193,96741
14,4.85063840945563e-13,3193,96741
15,-112.143969037726,3193,96741
16,4.85063840945563e-13,3193,96741
17,4.85063840945563e-13,3193,96741
18,4.85063840945563e-13,3193,96741
19,4.85063840945563e-13,3193,96741
20,-136.275950407914,3193,96741
21,4.85063840945563e-13,3193,96741
22,4.85063840945563e-13,3193,96741
23,-250.107417722286,3193,96741
1,-1.45519152283669e-12,3196,96756
2,-1.45519152283669e-12,3196,96756
3,-1.45519152283669e-12,3196,96756
4,-1.45519152283669e-12,3196,96756
5,-1.45519152283669e-12,3196,96756
6,-1.45519152283669e-12,3196,96756
7,-1.45519152283669e-12,3196,96756
8,-1.45519152283669e-12,3196,96756
9,-1.45519152283669e-12,3196,96756
10,-1.45519152283669e-12,3196,96756
11,-1.45519152283669e-12,3196,96756
12,-1.45519152283669e-12,3196,96756
13,-1.45519152283669e-12,3196,96756
14,-1.45519152283669e-12,3196,96756
15,-1.45519152283669e-12,3196,96756
16,-1.45519152283669e-12,3196,96756
17,-1.45519152283669e-12,3196,96756
18,-1.45519152283669e-12,3196,96756
19,-1.45519152283669e-12,3196,96756
20,-24.6794445195953,3196,96756
21,-1.45519152283669e-12,3196,96756
22,-1.45519152283669e-12,3196,96756
23,-24.6794445195953,3196,96756
1,-1.06714045008024e-11,3197,96701
2,-1.06714045008024e-11,3197,96701
3,-1.06714045008024e-11,3197,96701
4,-1.06714045008024e-11,3197,96701
5,-1.06714045008024e-11,3197,96701
6,-1.06714045008024e-11,3197,96701
7,-1.06714045008024e-11,3197,96701
8,-21.9011744110986,3197,96701
9,-1.06714045008024e-11,3197,96701
10,-1.06714045008024e-11,3197,96701
11,-1.06714045008024e-11,3197,96701
12,-1.06714045008024e-11,3197,96701
13,-1.06714045008024e-11,3197,96701
14,-1.06714045008024e-11,3197,96701
15,-1.06714045008024e-11,3197,96701
16,-1.06714045008024e-11,3197,96701
17,-1.06714045008024e-11,3197,96701
18,-1.06714045008024e-11,3197,96701
19,-1.06714045008024e-11,3197,96701
20,-1.06714045008024e-11,3197,96701
21,-1.06714045008024e-11,3197,96701
22,-1.06714045008024e-11,3197,96701
23,-21.9011744110986,3197,96701
1,-7.76102145512899e-12,5862,96754
2,-7.76102145512899e-12,5862,96754
3,-7.76102145512899e-12,5862,96754
4,-7.76102145512899e-12,5862,96754
5,-7.76102145512899e-12,5862,96754
6,-7.76102145512899e-12,5862,96754
7,-7.76102145512899e-12,5862,96754
8,-7.76102145512899e-12,5862,96754
9,-7.76102145512899e-12,5862,96754
10,-7.76102145512899e-12,5862,96754
11,-7.76102145512899e-12,5862,96754
12,-7.76102145512899e-12,5862,96754
13,-7.76102145512899e-12,5862,96754
14,-7.76102145512899e-12,5862,96754
15,-7.76102145512899e-12,5862,96754
16,-7.76102145512899e-12,5862,96754
17,-25.8585395947996,5862,96754
18,-7.76102145512899e-12,5862,96754
19,-7.76102145512899e-12,5862,96754
20,-7.76102145512899e-12,5862,96754
21,-7.76102145512899e-12,5862,96754
22,-7.76102145512899e-12,5862,96754
23,-25.8585395947996,5862,96754
1,-7.76102145512899e-12,3208,96706
2,-7.76102145512899e-12,3208,96706
3,-7.76102145512899e-12,3208,96706
4,-7.76102145512899e-12,3208,96706
5,-7.76102145512899e-12,3208,96706
6,-7.76102145512899e-12,3208,96706
7,-7.76102145512899e-12,3208,96706
8,-7.76102145512899e-12,3208,96706
9,-7.76102145512899e-12,3208,96706
10,-7.76102145512899e-12,3208,96706
11,-7.76102145512899e-12,3208,96706
12,-7.76102145512899e-12,3208,96706
13,-7.76102145512899e-12,3208,96706
14,-32.3529681620057,3208,96706
15,-7.76102145512899e-12,3208,96706
16,-7.76102145512899e-12,3208,96706
17,-7.76102145512899e-12,3208,96706
18,-7.76102145512899e-12,3208,96706
19,-7.76102145512899e-12,3208,96706
20,-7.76102145512899e-12,3208,96706
21,-7.76102145512899e-12,3208,96706
22,-7.76102145512899e-12,3208,96706
23,-32.3529681620057,3208,96706
1,-1.01863406598568e-11,3225,96744
2,-1.01863406598568e-11,3225,96744
3,-1.01863406598568e-11,3225,96744
4,-1.01863406598568e-11,3225,96744
5,-1.01863406598568e-11,3225,96744
6,-1.01863406598568e-11,3225,96744
7,-1.01863406598568e-11,3225,96744
8,-1.01863406598568e-11,3225,96744
9,-1.01863406598568e-11,3225,96744
10,-1.01863406598568e-11,3225,96744
11,-1.01863406598568e-11,3225,96744
12,-1.01863406598568e-11,3225,96744
13,-1.01863406598568e-11,3225,96744
14,-27.0382314857367,3225,96744
15,-1.01863406598568e-11,3225,96744
16,-1.01863406598568e-11,3225,96744
17,-1.01863406598568e-11,3225,96744
18,-1.01863406598568e-11,3225,96744
19,-1.01863406598568e-11,3225,96744
20,-1.01863406598568e-11,3225,96744
21,-1.01863406598568e-11,3225,96744
22,-1.01863406598568e-11,3225,96744
23,-27.0382314857367,3225,96744
1,1.94025536378225e-12,3227,96720
2,1.94025536378225e-12,3227,96720
3,1.94025536378225e-12,3227,96720
4,1.94025536378225e-12,3227,96720
5,1.94025536378225e-12,3227,96720
6,1.94025536378225e-12,3227,96720
7,1.94025536378225e-12,3227,96720
8,1.94025536378225e-12,3227,96720
9,1.94025536378225e-12,3227,96720
10,1.94025536378225e-12,3227,96720
11,1.94025536378225e-12,3227,96720
12,1.94025536378225e-12,3227,96720
13,1.94025536378225e-12,3227,96720
14,1.94025536378225e-12,3227,96720
15,1.94025536378225e-12,3227,96720
16,-23.5663772534205,3227,96720
17,1.94025536378225e-12,3227,96720
18,1.94025536378225e-12,3227,96720
19,1.94025536378225e-12,3227,96720
20,1.94025536378225e-12,3227,96720
21,-29.4551304610463,3227,96720
22,1.94025536378225e-12,3227,96720
23,-53.0815291848257,3227,96720
1,-2.91038304567337e-12,3237,96754
2,-2.91038304567337e-12,3237,96754
3,-2.91038304567337e-12,3237,96754
4,-2.91038304567337e-12,3237,96754
5,-2.91038304567337e-12,3237,96754
6,-2.91038304567337e-12,3237,96754
7,-2.91038304567337e-12,3237,96754
8,-2.91038304567337e-12,3237,96754
9,-2.91038304567337e-12,3237,96754
10,-2.91038304567337e-12,3237,96754
11,-2.91038304567337e-12,3237,96754
12,-2.91038304567337e-12,3237,96754
13,-2.91038304567337e-12,3237,96754
14,-2.91038304567337e-12,3237,96754
15,-2.91038304567337e-12,3237,96754
16,-2.91038304567337e-12,3237,96754
17,-2.91038304567337e-12,3237,96754
18,-92.0785531507854,3237,96754
19,-2.91038304567337e-12,3237,96754
20,-2.91038304567337e-12,3237,96754
21,-2.91038304567337e-12,3237,96754
22,-2.91038304567337e-12,3237,96754
23,-92.0785531507854,3237,96754
1,1.45519152283669e-12,3238,96756
2,1.45519152283669e-12,3238,96756
3,1.45519152283669e-12,3238,96756
4,1.45519152283669e-12,3238,96756
5,1.45519152283669e-12,3238,96756
6,1.45519152283669e-12,3238,96756
7,1.45519152283669e-12,3238,96756
8,1.45519152283669e-12,3238,96756
9,1.45519152283669e-12,3238,96756
10,1.45519152283669e-12,3238,96756
11,1.45519152283669e-12,3238,96756
12,1.45519152283669e-12,3238,96756
13,1.45519152283669e-12,3238,96756
14,-100.238339729123,3238,96756
15,1.45519152283669e-12,3238,96756
16,1.45519152283669e-12,3238,96756
17,1.45519152283669e-12,3238,96756
18,1.45519152283669e-12,3238,96756
19,1.45519152283669e-12,3238,96756
20,1.45519152283669e-12,3238,96756
21,1.45519152283669e-12,3238,96756
22,1.45519152283669e-12,3238,96756
23,-100.238340162827,3238,96756
1,-9.70127681891124e-12,3244,96766
2,-9.70127681891124e-12,3244,96766
3,-9.70127681891124e-12,3244,96766
4,-9.70127681891124e-12,3244,96766
5,-9.70127681891124e-12,3244,96766
6,-9.70127681891124e-12,3244,96766
7,-9.70127681891124e-12,3244,96766
8,-9.70127681891124e-12,3244,96766
9,-9.70127681891124e-12,3244,96766
10,-9.70127681891124e-12,3244,96766
11,-9.70127681891124e-12,3244,96766
12,-9.70127681891124e-12,3244,96766
13,-9.70127681891124e-12,3244,96766
14,-9.70127681891124e-12,3244,96766
15,-35.5600348233934,3244,96766
16,-9.70127681891124e-12,3244,96766
17,-9.70127681891124e-12,3244,96766
18,-9.70127681891124e-12,3244,96766
19,-9.70127681891124e-12,3244,96766
20,-9.70127681891124e-12,3244,96766
21,-9.70127681891124e-12,3244,96766
22,-9.70127681891124e-12,3244,96766
23,-35.5600348233934,3244,96766
1,-1.9887617478768e-11,5875,96766
2,-1.9887617478768e-11,5875,96766
3,-1.9887617478768e-11,5875,96766
4,-1.9887617478768e-11,5875,96766
5,-1.9887617478768e-11,5875,96766
6,-1.9887617478768e-11,5875,96766
7,-1.9887617478768e-11,5875,96766
8,-1.9887617478768e-11,5875,96766
9,-1.9887617478768e-11,5875,96766
10,-1.9887617478768e-11,5875,96766
11,-1.9887617478768e-11,5875,96766
12,-1.9887617478768e-11,5875,96766
13,-1.9887617478768e-11,5875,96766
14,-301.26224513748,5875,96766
15,-1.9887617478768e-11,5875,96766
16,-1.9887617478768e-11,5875,96766
17,-1.9887617478768e-11,5875,96766
18,-1.9887617478768e-11,5875,96766
19,-1.9887617478768e-11,5875,96766
20,-1.9887617478768e-11,5875,96766
21,-1.9887617478768e-11,5875,96766
22,-1.9887617478768e-11,5875,96766
23,-301.262245641516,5875,96766
1,0,3248,96752
2,0,3248,96752
3,0,3248,96752
4,0,3248,96752
5,0,3248,96752
6,0,3248,96752
7,0,3248,96752
8,-28.5940649932493,3248,96752
9,0,3248,96752
10,0,3248,96752
11,0,3248,96752
12,0,3248,96752
13,0,3248,96752
14,0,3248,96752
15,0,3248,96752
16,0,3248,96752
17,0,3248,96752
18,0,3248,96752
19,0,3248,96752
20,0,3248,96752
21,0,3248,96752
22,0,3248,96752
23,-28.5940649932493,3248,96752
1,-1.16415321826935e-11,3252,96734
2,-1.16415321826935e-11,3252,96734
3,-1.16415321826935e-11,3252,96734
4,-1.16415321826935e-11,3252,96734
5,-1.16415321826935e-11,3252,96734
6,-1.16415321826935e-11,3252,96734
7,-1.16415321826935e-11,3252,96734
8,-1.16415321826935e-11,3252,96734
9,-1.16415321826935e-11,3252,96734
10,-1.16415321826935e-11,3252,96734
11,-1.16415321826935e-11,3252,96734
12,-1.16415321826935e-11,3252,96734
13,-1.16415321826935e-11,3252,96734
14,-1.16415321826935e-11,3252,96734
15,-1.16415321826935e-11,3252,96734
16,-1.16415321826935e-11,3252,96734
17,-30.444870804629,3252,96734
18,-1.16415321826935e-11,3252,96734
19,-1.16415321826935e-11,3252,96734
20,-1.16415321826935e-11,3252,96734
21,-1.16415321826935e-11,3252,96734
22,-1.16415321826935e-11,3252,96734
23,-30.4448708046291,3252,96734
1,-3.39544688661893e-12,3259,96782
2,-3.39544688661893e-12,3259,96782
3,-3.39544688661893e-12,3259,96782
4,-3.39544688661893e-12,3259,96782
5,-3.39544688661893e-12,3259,96782
6,-3.39544688661893e-12,3259,96782
7,-3.39544688661893e-12,3259,96782
8,-18.9849312667952,3259,96782
9,-3.39544688661893e-12,3259,96782
10,-3.39544688661893e-12,3259,96782
11,-3.39544688661893e-12,3259,96782
12,-3.39544688661893e-12,3259,96782
13,-3.39544688661893e-12,3259,96782
14,-3.39544688661893e-12,3259,96782
15,-3.39544688661893e-12,3259,96782
16,-3.39544688661893e-12,3259,96782
17,-3.39544688661893e-12,3259,96782
18,-3.39544688661893e-12,3259,96782
19,-3.39544688661893e-12,3259,96782
20,-128.630729409982,3259,96782
21,-3.39544688661893e-12,3259,96782
22,-3.39544688661893e-12,3259,96782
23,-147.956493887096,3259,96782
1,-2.42531920472781e-12,3287,96817
2,-2.42531920472781e-12,3287,96817
3,-2.42531920472781e-12,3287,96817
4,-2.42531920472781e-12,3287,96817
5,-2.42531920472781e-12,3287,96817
6,-2.42531920472781e-12,3287,96817
7,-2.42531920472781e-12,3287,96817
8,-2.42531920472781e-12,3287,96817
9,-2.42531920472781e-12,3287,96817
10,-2.42531920472781e-12,3287,96817
11,-27.5701533356483,3287,96817
12,-2.42531920472781e-12,3287,96817
13,-2.42531920472781e-12,3287,96817
14,-2.42531920472781e-12,3287,96817
15,-2.42531920472781e-12,3287,96817
16,-2.42531920472781e-12,3287,96817
17,-30.8249526749409,3287,96817
18,-2.42531920472781e-12,3287,96817
19,-2.42531920472781e-12,3287,96817
20,-2.42531920472781e-12,3287,96817
21,-2.42531920472781e-12,3287,96817
22,-2.42531920472781e-12,3287,96817
23,-58.5117763217577,3287,96817
1,-9.21621297796568e-12,3290,96746
2,-9.21621297796568e-12,3290,96746
3,-9.21621297796568e-12,3290,96746
4,-9.21621297796568e-12,3290,96746
5,-9.21621297796568e-12,3290,96746
6,-19.9948172272338,3290,96746
7,-9.21621297796568e-12,3290,96746
8,-9.21621297796568e-12,3290,96746
9,-9.21621297796568e-12,3290,96746
10,-9.21621297796568e-12,3290,96746
11,-9.21621297796568e-12,3290,96746
12,-9.21621297796568e-12,3290,96746
13,-9.21621297796568e-12,3290,96746
14,-9.21621297796568e-12,3290,96746
15,-9.21621297796568e-12,3290,96746
16,-9.21621297796568e-12,3290,96746
17,-9.21621297796568e-12,3290,96746
18,-9.21621297796568e-12,3290,96746
19,-9.21621297796568e-12,3290,96746
20,-9.21621297796568e-12,3290,96746
21,-9.21621297796568e-12,3290,96746
22,-9.21621297796568e-12,3290,96746
23,-19.9948172272338,3290,96746
1,-3.39544688661893e-12,3298,96821
2,-3.39544688661893e-12,3298,96821
3,-3.39544688661893e-12,3298,96821
4,-3.39544688661893e-12,3298,96821
5,-3.39544688661893e-12,3298,96821
6,-125.703056306368,3298,96821
7,-3.39544688661893e-12,3298,96821
8,-3.39544688661893e-12,3298,96821
9,-3.39544688661893e-12,3298,96821
10,-3.39544688661893e-12,3298,96821
11,-3.39544688661893e-12,3298,96821
12,-3.39544688661893e-12,3298,96821
13,-3.39544688661893e-12,3298,96821
14,-3.39544688661893e-12,3298,96821
15,-3.39544688661893e-12,3298,96821
16,-3.39544688661893e-12,3298,96821
17,-3.39544688661893e-12,3298,96821
18,-3.39544688661893e-12,3298,96821
19,-3.39544688661893e-12,3298,96821
20,-3.39544688661893e-12,3298,96821
21,-3.39544688661893e-12,3298,96821
22,-3.39544688661893e-12,3298,96821
23,-125.703056306368,3298,96821
1,-3.8805107275645e-12,3299,96703
2,-3.8805107275645e-12,3299,96703
3,-3.8805107275645e-12,3299,96703
4,-3.8805107275645e-12,3299,96703
5,-3.8805107275645e-12,3299,96703
6,-24.081457430262,3299,96703
7,-3.8805107275645e-12,3299,96703
8,-3.8805107275645e-12,3299,96703
9,-3.8805107275645e-12,3299,96703
10,-3.8805107275645e-12,3299,96703
11,-3.8805107275645e-12,3299,96703
12,-3.8805107275645e-12,3299,96703
13,-3.8805107275645e-12,3299,96703
14,-3.8805107275645e-12,3299,96703
15,-3.8805107275645e-12,3299,96703
16,-3.8805107275645e-12,3299,96703
17,-3.8805107275645e-12,3299,96703
18,-3.8805107275645e-12,3299,96703
19,-3.8805107275645e-12,3299,96703
20,-3.8805107275645e-12,3299,96703
21,-3.8805107275645e-12,3299,96703
22,-3.8805107275645e-12,3299,96703
23,-24.081457430262,3299,96703
1,-1.2126596023639e-11,3303,96717
2,-1.2126596023639e-11,3303,96717
3,-1.2126596023639e-11,3303,96717
4,-1.2126596023639e-11,3303,96717
5,-1.2126596023639e-11,3303,96717
6,-1.2126596023639e-11,3303,96717
7,-1.2126596023639e-11,3303,96717
8,-1.2126596023639e-11,3303,96717
9,-1.2126596023639e-11,3303,96717
10,-1.2126596023639e-11,3303,96717
11,-1.2126596023639e-11,3303,96717
12,-1.2126596023639e-11,3303,96717
13,-1.2126596023639e-11,3303,96717
14,-157.916868421914,3303,96717
15,-1.2126596023639e-11,3303,96717
16,-1.2126596023639e-11,3303,96717
17,-1.2126596023639e-11,3303,96717
18,-1.2126596023639e-11,3303,96717
19,-1.2126596023639e-11,3303,96717
20,-1.2126596023639e-11,3303,96717
21,-1.2126596023639e-11,3303,96717
22,-1.2126596023639e-11,3303,96717
23,-157.916868421914,3303,96717
1,-9.21621297796568e-12,3304,96717
2,-9.21621297796568e-12,3304,96717
3,-9.21621297796568e-12,3304,96717
4,-9.21621297796568e-12,3304,96717
5,-9.21621297796568e-12,3304,96717
6,-9.21621297796568e-12,3304,96717
7,-9.21621297796568e-12,3304,96717
8,-9.21621297796568e-12,3304,96717
9,-9.21621297796568e-12,3304,96717
10,-9.21621297796568e-12,3304,96717
11,-9.21621297796568e-12,3304,96717
12,-9.21621297796568e-12,3304,96717
13,-9.21621297796568e-12,3304,96717
14,-33.8415308617094,3304,96717
15,-9.21621297796568e-12,3304,96717
16,-9.21621297796568e-12,3304,96717
17,-9.21621297796568e-12,3304,96717
18,-9.21621297796568e-12,3304,96717
19,-9.21621297796568e-12,3304,96717
20,-9.21621297796568e-12,3304,96717
21,-9.21621297796568e-12,3304,96717
22,-9.21621297796568e-12,3304,96717
23,-33.8415308617094,3304,96717
1,-6.3058299322923e-12,3305,96782
2,-6.3058299322923e-12,3305,96782
3,-6.3058299322923e-12,3305,96782
4,-6.3058299322923e-12,3305,96782
5,-6.3058299322923e-12,3305,96782
6,-32.9523447222183,3305,96782
7,-6.3058299322923e-12,3305,96782
8,-6.3058299322923e-12,3305,96782
9,-6.3058299322923e-12,3305,96782
10,-6.3058299322923e-12,3305,96782
11,-25.2554630241553,3305,96782
12,-6.3058299322923e-12,3305,96782
13,-6.3058299322923e-12,3305,96782
14,-6.3058299322923e-12,3305,96782
15,-6.3058299322923e-12,3305,96782
16,-6.3058299322923e-12,3305,96782
17,-6.3058299322923e-12,3305,96782
18,-6.3058299322923e-12,3305,96782
19,-6.3058299322923e-12,3305,96782
20,-6.3058299322923e-12,3305,96782
21,-6.3058299322923e-12,3305,96782
22,-6.3058299322923e-12,3305,96782
23,-58.2896608782437,3305,96782
1,-1.45519152283669e-12,3309,96756
2,-1.45519152283669e-12,3309,96756
3,-1.45519152283669e-12,3309,96756
4,-1.45519152283669e-12,3309,96756
5,-1.45519152283669e-12,3309,96756
6,-1.45519152283669e-12,3309,96756
7,-1.45519152283669e-12,3309,96756
8,-1.45519152283669e-12,3309,96756
9,-1.45519152283669e-12,3309,96756
10,-1.45519152283669e-12,3309,96756
11,-1.45519152283669e-12,3309,96756
12,-1.45519152283669e-12,3309,96756
13,-1.45519152283669e-12,3309,96756
14,-23.3204841501589,3309,96756
15,-1.45519152283669e-12,3309,96756
16,-1.45519152283669e-12,3309,96756
17,-1.45519152283669e-12,3309,96756
18,-1.45519152283669e-12,3309,96756
19,-1.45519152283669e-12,3309,96756
20,-1.45519152283669e-12,3309,96756
21,-1.45519152283669e-12,3309,96756
22,-1.45519152283669e-12,3309,96756
23,-23.3204841501589,3309,96756
1,-1.35817875464757e-11,3312,96714
2,-1.35817875464757e-11,3312,96714
3,-1.35817875464757e-11,3312,96714
4,-1.35817875464757e-11,3312,96714
5,-1.35817875464757e-11,3312,96714
6,-1.35817875464757e-11,3312,96714
7,-1.35817875464757e-11,3312,96714
8,-1.35817875464757e-11,3312,96714
9,-1.35817875464757e-11,3312,96714
10,-1.35817875464757e-11,3312,96714
11,-214.310491058552,3312,96714
12,-1.35817875464757e-11,3312,96714
13,-1.35817875464757e-11,3312,96714
14,-1.35817875464757e-11,3312,96714
15,-1.35817875464757e-11,3312,96714
16,-1.35817875464757e-11,3312,96714
17,-1.35817875464757e-11,3312,96714
18,-1.35817875464757e-11,3312,96714
19,-1.35817875464757e-11,3312,96714
20,-1.35817875464757e-11,3312,96714
21,-1.35817875464757e-11,3312,96714
22,-1.35817875464757e-11,3312,96714
23,-214.310491137787,3312,96714
1,-9.70127681891125e-13,5888,96766
2,-9.70127681891125e-13,5888,96766
3,-9.70127681891125e-13,5888,96766
4,-9.70127681891125e-13,5888,96766
5,-9.70127681891125e-13,5888,96766
6,-9.70127681891125e-13,5888,96766
7,-9.70127681891125e-13,5888,96766
8,-9.70127681891125e-13,5888,96766
9,-9.70127681891125e-13,5888,96766
10,-9.70127681891125e-13,5888,96766
11,-28.3221756929905,5888,96766
12,-9.70127681891125e-13,5888,96766
13,-9.70127681891125e-13,5888,96766
14,-9.70127681891125e-13,5888,96766
15,-9.70127681891125e-13,5888,96766
16,-9.70127681891125e-13,5888,96766
17,-9.70127681891125e-13,5888,96766
18,-9.70127681891125e-13,5888,96766
19,-9.70127681891125e-13,5888,96766
20,-9.70127681891125e-13,5888,96766
21,-9.70127681891125e-13,5888,96766
22,-9.70127681891125e-13,5888,96766
23,-28.3221756929905,5888,96766
1,-2.91038304567337e-12,3326,96815
2,-2.91038304567337e-12,3326,96815
3,-2.91038304567337e-12,3326,96815
4,-2.91038304567337e-12,3326,96815
5,-2.91038304567337e-12,3326,96815
6,-2.91038304567337e-12,3326,96815
7,-2.91038304567337e-12,3326,96815
8,-2.91038304567337e-12,3326,96815
9,-2.91038304567337e-12,3326,96815
10,-2.91038304567337e-12,3326,96815
11,-2.91038304567337e-12,3326,96815
12,-2.91038304567337e-12,3326,96815
13,-2.91038304567337e-12,3326,96815
14,-26.1470620370252,3326,96815
15,-2.91038304567337e-12,3326,96815
16,-2.91038304567337e-12,3326,96815
17,-2.91038304567337e-12,3326,96815
18,-2.91038304567337e-12,3326,96815
19,-2.91038304567337e-12,3326,96815
20,-2.91038304567337e-12,3326,96815
21,-2.91038304567337e-12,3326,96815
22,-2.91038304567337e-12,3326,96815
23,-26.1470620370252,3326,96815
1,4.85063840945557e-13,5892,96741
2,4.85063840945557e-13,5892,96741
3,4.85063840945557e-13,5892,96741
4,4.85063840945557e-13,5892,96741
5,4.85063840945557e-13,5892,96741
6,4.85063840945557e-13,5892,96741
7,4.85063840945557e-13,5892,96741
8,4.85063840945557e-13,5892,96741
9,4.85063840945557e-13,5892,96741
10,4.85063840945557e-13,5892,96741
11,4.85063840945557e-13,5892,96741
12,4.85063840945557e-13,5892,96741
13,4.85063840945557e-13,5892,96741
14,-20.328483858367,5892,96741
15,4.85063840945557e-13,5892,96741
16,4.85063840945557e-13,5892,96741
17,4.85063840945557e-13,5892,96741
18,4.85063840945557e-13,5892,96741
19,4.85063840945557e-13,5892,96741
20,4.85063840945557e-13,5892,96741
21,4.85063840945557e-13,5892,96741
22,4.85063840945557e-13,5892,96741
23,-20.328483858367,5892,96741
1,4.85063840945566e-13,3332,96741
2,-136.326073635124,3332,96741
3,4.85063840945566e-13,3332,96741
4,4.85063840945566e-13,3332,96741
5,4.85063840945566e-13,3332,96741
6,4.85063840945566e-13,3332,96741
7,4.85063840945566e-13,3332,96741
8,4.85063840945566e-13,3332,96741
9,4.85063840945566e-13,3332,96741
10,4.85063840945566e-13,3332,96741
11,4.85063840945566e-13,3332,96741
12,4.85063840945566e-13,3332,96741
13,4.85063840945566e-13,3332,96741
14,4.85063840945566e-13,3332,96741
15,4.85063840945566e-13,3332,96741
16,4.85063840945566e-13,3332,96741
17,4.85063840945566e-13,3332,96741
18,4.85063840945566e-13,3332,96741
19,4.85063840945566e-13,3332,96741
20,4.85063840945566e-13,3332,96741
21,-128.531501791349,3332,96741
22,4.85063840945566e-13,3332,96741
23,-266.148707876657,3332,96741
1,-1.30967237055302e-11,5894,96792
2,-1.30967237055302e-11,5894,96792
3,-1.30967237055302e-11,5894,96792
4,-1.30967237055302e-11,5894,96792
5,-1.30967237055302e-11,5894,96792
6,-1.30967237055302e-11,5894,96792
7,-32.4314343872575,5894,96792
8,-1.30967237055302e-11,5894,96792
9,-1.30967237055302e-11,5894,96792
10,-1.30967237055302e-11,5894,96792
11,-1.30967237055302e-11,5894,96792
12,-1.30967237055302e-11,5894,96792
13,-1.30967237055302e-11,5894,96792
14,-1.30967237055302e-11,5894,96792
15,-1.30967237055302e-11,5894,96792
16,-1.30967237055302e-11,5894,96792
17,-1.30967237055302e-11,5894,96792
18,-1.30967237055302e-11,5894,96792
19,-1.30967237055302e-11,5894,96792
20,-1.30967237055302e-11,5894,96792
21,-1.30967237055302e-11,5894,96792
22,-1.30967237055302e-11,5894,96792
23,-32.4314343933069,5894,96792
1,-1.01863406598568e-11,3335,96716
2,-1.01863406598568e-11,3335,96716
3,-1.01863406598568e-11,3335,96716
4,-1.01863406598568e-11,3335,96716
5,-1.01863406598568e-11,3335,96716
6,-1.01863406598568e-11,3335,96716
7,-1.01863406598568e-11,3335,96716
8,-1.01863406598568e-11,3335,96716
9,-1.01863406598568e-11,3335,96716
10,-1.01863406598568e-11,3335,96716
11,-1.01863406598568e-11,3335,96716
12,-1.01863406598568e-11,3335,96716
13,-1.01863406598568e-11,3335,96716
14,-1.01863406598568e-11,3335,96716
15,-1.01863406598568e-11,3335,96716
16,-1.01863406598568e-11,3335,96716
17,-21.6296332911438,3335,96716
18,-1.01863406598568e-11,3335,96716
19,-1.01863406598568e-11,3335,96716
20,-1.01863406598568e-11,3335,96716
21,-1.01863406598568e-11,3335,96716
22,-1.01863406598568e-11,3335,96716
23,-21.6296332917181,3335,96716
1,-4.36557456851005e-12,3336,96741
2,-4.36557456851005e-12,3336,96741
3,-4.36557456851005e-12,3336,96741
4,-4.36557456851005e-12,3336,96741
5,-4.36557456851005e-12,3336,96741
6,-4.36557456851005e-12,3336,96741
7,-4.36557456851005e-12,3336,96741
8,-4.36557456851005e-12,3336,96741
9,-4.36557456851005e-12,3336,96741
10,-4.36557456851005e-12,3336,96741
11,-4.36557456851005e-12,3336,96741
12,-4.36557456851005e-12,3336,96741
13,-4.36557456851005e-12,3336,96741
14,-22.9629324079149,3336,96741
15,-4.36557456851005e-12,3336,96741
16,-4.36557456851005e-12,3336,96741
17,-4.36557456851005e-12,3336,96741
18,-4.36557456851005e-12,3336,96741
19,-4.36557456851005e-12,3336,96741
20,-4.36557456851005e-12,3336,96741
21,-4.36557456851005e-12,3336,96741
22,-4.36557456851005e-12,3336,96741
23,-22.9629324079149,3336,96741
1,-2.42531920472781e-12,3344,96734
2,-2.42531920472781e-12,3344,96734
3,-2.42531920472781e-12,3344,96734
4,-2.42531920472781e-12,3344,96734
5,-2.42531920472781e-12,3344,96734
6,-2.42531920472781e-12,3344,96734
7,-2.42531920472781e-12,3344,96734
8,-2.42531920472781e-12,3344,96734
9,-2.42531920472781e-12,3344,96734
10,-2.42531920472781e-12,3344,96734
11,-2.42531920472781e-12,3344,96734
12,-2.42531920472781e-12,3344,96734
13,-2.42531920472781e-12,3344,96734
14,-101.876352218437,3344,96734
15,-2.42531920472781e-12,3344,96734
16,-2.42531920472781e-12,3344,96734
17,-2.42531920472781e-12,3344,96734
18,-2.42531920472781e-12,3344,96734
19,-2.42531920472781e-12,3344,96734
20,-2.42531920472781e-12,3344,96734
21,-2.42531920472781e-12,3344,96734
22,-2.42531920472781e-12,3344,96734
23,-101.876352218437,3344,96734
1,2.4253192047278e-13,3349,96813
2,2.4253192047278e-13,3349,96813
3,2.4253192047278e-13,3349,96813
4,2.4253192047278e-13,3349,96813
5,2.4253192047278e-13,3349,96813
6,2.4253192047278e-13,3349,96813
7,2.4253192047278e-13,3349,96813
8,2.4253192047278e-13,3349,96813
9,2.4253192047278e-13,3349,96813
10,2.4253192047278e-13,3349,96813
11,2.4253192047278e-13,3349,96813
12,2.4253192047278e-13,3349,96813
13,2.4253192047278e-13,3349,96813
14,2.4253192047278e-13,3349,96813
15,2.4253192047278e-13,3349,96813
16,2.4253192047278e-13,3349,96813
17,2.4253192047278e-13,3349,96813
18,2.4253192047278e-13,3349,96813
19,2.4253192047278e-13,3349,96813
20,-26.3350228427417,3349,96813
21,2.4253192047278e-13,3349,96813
22,2.4253192047278e-13,3349,96813
23,-26.3350228427417,3349,96813
1,-4.85063840945561e-13,3351,96743
2,-4.85063840945561e-13,3351,96743
3,-4.85063840945561e-13,3351,96743
4,-4.85063840945561e-13,3351,96743
5,-4.85063840945561e-13,3351,96743
6,-4.85063840945561e-13,3351,96743
7,-4.85063840945561e-13,3351,96743
8,-4.85063840945561e-13,3351,96743
9,-4.85063840945561e-13,3351,96743
10,-4.85063840945561e-13,3351,96743
11,-4.85063840945561e-13,3351,96743
12,-4.85063840945561e-13,3351,96743
13,-4.85063840945561e-13,3351,96743
14,-31.9997600887858,3351,96743
15,-4.85063840945561e-13,3351,96743
16,-4.85063840945561e-13,3351,96743
17,-4.85063840945561e-13,3351,96743
18,-4.85063840945561e-13,3351,96743
19,-4.85063840945561e-13,3351,96743
20,-4.85063840945561e-13,3351,96743
21,-4.85063840945561e-13,3351,96743
22,-4.85063840945561e-13,3351,96743
23,-31.9997600887858,3351,96743
1,-3.39544688661893e-12,3355,96741
2,-3.39544688661893e-12,3355,96741
3,-3.39544688661893e-12,3355,96741
4,-3.39544688661893e-12,3355,96741
5,-3.39544688661893e-12,3355,96741
6,-3.39544688661893e-12,3355,96741
7,-3.39544688661893e-12,3355,96741
8,-3.39544688661893e-12,3355,96741
9,-3.39544688661893e-12,3355,96741
10,-3.39544688661893e-12,3355,96741
11,-3.39544688661893e-12,3355,96741
12,-3.39544688661893e-12,3355,96741
13,-3.39544688661893e-12,3355,96741
14,-22.4031975173925,3355,96741
15,-3.39544688661893e-12,3355,96741
16,-3.39544688661893e-12,3355,96741
17,-3.39544688661893e-12,3355,96741
18,-3.39544688661893e-12,3355,96741
19,-3.39544688661893e-12,3355,96741
20,-3.39544688661893e-12,3355,96741
21,-3.39544688661893e-12,3355,96741
22,-3.39544688661893e-12,3355,96741
23,-22.4031975173925,3355,96741
1,-1.30967237055302e-11,3363,96818
2,-1.30967237055302e-11,3363,96818
3,-1.30967237055302e-11,3363,96818
4,-1.30967237055302e-11,3363,96818
5,-1.30967237055302e-11,3363,96818
6,-1.30967237055302e-11,3363,96818
7,-1.30967237055302e-11,3363,96818
8,-1.30967237055302e-11,3363,96818
9,-1.30967237055302e-11,3363,96818
10,-1.30967237055302e-11,3363,96818
11,-1.30967237055302e-11,3363,96818
12,-1.30967237055302e-11,3363,96818
13,-1.30967237055302e-11,3363,96818
14,-26.2945294578298,3363,96818
15,-1.30967237055302e-11,3363,96818
16,-1.30967237055302e-11,3363,96818
17,-1.30967237055302e-11,3363,96818
18,-1.30967237055302e-11,3363,96818
19,-1.30967237055302e-11,3363,96818
20,-1.30967237055302e-11,3363,96818
21,-1.30967237055302e-11,3363,96818
22,-1.30967237055302e-11,3363,96818
23,-26.2945294578298,3363,96818
1,-9.70127681891127e-13,3366,96815
2,-9.70127681891127e-13,3366,96815
3,-9.70127681891127e-13,3366,96815
4,-9.70127681891127e-13,3366,96815
5,-9.70127681891127e-13,3366,96815
6,-9.70127681891127e-13,3366,96815
7,-9.70127681891127e-13,3366,96815
8,-9.70127681891127e-13,3366,96815
9,-9.70127681891127e-13,3366,96815
10,-9.70127681891127e-13,3366,96815
11,-9.70127681891127e-13,3366,96815
12,-9.70127681891127e-13,3366,96815
13,-9.70127681891127e-13,3366,96815
14,-9.70127681891127e-13,3366,96815
15,-9.70127681891127e-13,3366,96815
16,-9.70127681891127e-13,3366,96815
17,-15.2689994520651,3366,96815
18,-9.70127681891127e-13,3366,96815
19,-9.70127681891127e-13,3366,96815
20,-9.70127681891127e-13,3366,96815
21,-9.70127681891127e-13,3366,96815
22,-9.70127681891127e-13,3366,96815
23,-15.2689994529598,3366,96815
1,-7.27595761418343e-13,3372,96756
2,-7.27595761418343e-13,3372,96756
3,-7.27595761418343e-13,3372,96756
4,-7.27595761418343e-13,3372,96756
5,-7.27595761418343e-13,3372,96756
6,-7.27595761418343e-13,3372,96756
7,-7.27595761418343e-13,3372,96756
8,-7.27595761418343e-13,3372,96756
9,-7.27595761418343e-13,3372,96756
10,-7.27595761418343e-13,3372,96756
11,-7.27595761418343e-13,3372,96756
12,-7.27595761418343e-13,3372,96756
13,-7.27595761418343e-13,3372,96756
14,-7.27595761418343e-13,3372,96756
15,-107.200927146519,3372,96756
16,-7.27595761418343e-13,3372,96756
17,-7.27595761418343e-13,3372,96756
18,-7.27595761418343e-13,3372,96756
19,-7.27595761418343e-13,3372,96756
20,-7.27595761418343e-13,3372,96756
21,-7.27595761418343e-13,3372,96756
22,-7.27595761418343e-13,3372,96756
23,-107.200927262373,3372,96756
1,-1.01863406598568e-11,3374,96746
2,-1.01863406598568e-11,3374,96746
3,-1.01863406598568e-11,3374,96746
4,-1.01863406598568e-11,3374,96746
5,-1.01863406598568e-11,3374,96746
6,-1.01863406598568e-11,3374,96746
7,-1.01863406598568e-11,3374,96746
8,-1.01863406598568e-11,3374,96746
9,-1.01863406598568e-11,3374,96746
10,-1.01863406598568e-11,3374,96746
11,-1.01863406598568e-11,3374,96746
12,-1.01863406598568e-11,3374,96746
13,-1.01863406598568e-11,3374,96746
14,-33.9319532831966,3374,96746
15,-1.01863406598568e-11,3374,96746
16,-1.01863406598568e-11,3374,96746
17,-1.01863406598568e-11,3374,96746
18,-1.01863406598568e-11,3374,96746
19,-1.01863406598568e-11,3374,96746
20,-1.01863406598568e-11,3374,96746
21,-1.01863406598568e-11,3374,96746
22,-1.01863406598568e-11,3374,96746
23,-33.9319532831966,3374,96746
1,-1.94025536378225e-12,3382,96765
2,-1.94025536378225e-12,3382,96765
3,-1.94025536378225e-12,3382,96765
4,-1.94025536378225e-12,3382,96765
5,-1.94025536378225e-12,3382,96765
6,-1.94025536378225e-12,3382,96765
7,-1.94025536378225e-12,3382,96765
8,-1.94025536378225e-12,3382,96765
9,-1.94025536378225e-12,3382,96765
10,-1.94025536378225e-12,3382,96765
11,-1.94025536378225e-12,3382,96765
12,-1.94025536378225e-12,3382,96765
13,-1.94025536378225e-12,3382,96765
14,-1.94025536378225e-12,3382,96765
15,-1.94025536378225e-12,3382,96765
16,-1.94025536378225e-12,3382,96765
17,-1.94025536378225e-12,3382,96765
18,-1.94025536378225e-12,3382,96765
19,-1.94025536378225e-12,3382,96765
20,-26.2531566620053,3382,96765
21,-1.94025536378225e-12,3382,96765
22,-1.94025536378225e-12,3382,96765
23,-26.2531566620053,3382,96765
1,-1.2126596023639e-11,3385,96789
2,-1.2126596023639e-11,3385,96789
3,-1.2126596023639e-11,3385,96789
4,-1.2126596023639e-11,3385,96789
5,-1.2126596023639e-11,3385,96789
6,-1.2126596023639e-11,3385,96789
7,-1.2126596023639e-11,3385,96789
8,-1.2126596023639e-11,3385,96789
9,-1.2126596023639e-11,3385,96789
10,-1.2126596023639e-11,3385,96789
11,-1.2126596023639e-11,3385,96789
12,-1.2126596023639e-11,3385,96789
13,-1.2126596023639e-11,3385,96789
14,-1.2126596023639e-11,3385,96789
15,-1.2126596023639e-11,3385,96789
16,-1.2126596023639e-11,3385,96789
17,-133.350221054876,3385,96789
18,-1.2126596023639e-11,3385,96789
19,-1.2126596023639e-11,3385,96789
20,-1.2126596023639e-11,3385,96789
21,-1.2126596023639e-11,3385,96789
22,-1.2126596023639e-11,3385,96789
23,-133.350222047367,3385,96789
1,-9.70127681891127e-13,3391,96701
2,-9.70127681891127e-13,3391,96701
3,-9.70127681891127e-13,3391,96701
4,-9.70127681891127e-13,3391,96701
5,-9.70127681891127e-13,3391,96701
6,-9.70127681891127e-13,3391,96701
7,-9.70127681891127e-13,3391,96701
8,-9.70127681891127e-13,3391,96701
9,-9.70127681891127e-13,3391,96701
10,-9.70127681891127e-13,3391,96701
11,-9.70127681891127e-13,3391,96701
12,-9.70127681891127e-13,3391,96701
13,-10.0455203061433,3391,96701
14,-9.70127681891127e-13,3391,96701
15,-9.70127681891127e-13,3391,96701
16,-9.70127681891127e-13,3391,96701
17,-9.70127681891127e-13,3391,96701
18,-9.70127681891127e-13,3391,96701
19,-9.70127681891127e-13,3391,96701
20,-9.70127681891127e-13,3391,96701
21,-9.70127681891127e-13,3391,96701
22,-9.70127681891127e-13,3391,96701
23,-10.0455203061433,3391,96701
1,-1.94025536378225e-12,3392,96734
2,-1.94025536378225e-12,3392,96734
3,-1.94025536378225e-12,3392,96734
4,-1.94025536378225e-12,3392,96734
5,-1.94025536378225e-12,3392,96734
6,-1.94025536378225e-12,3392,96734
7,-1.94025536378225e-12,3392,96734
8,-1.94025536378225e-12,3392,96734
9,-1.94025536378225e-12,3392,96734
10,-1.94025536378225e-12,3392,96734
11,-1.94025536378225e-12,3392,96734
12,-1.94025536378225e-12,3392,96734
13,-1.94025536378225e-12,3392,96734
14,-1.94025536378225e-12,3392,96734
15,-1.94025536378225e-12,3392,96734
16,-1.94025536378225e-12,3392,96734
17,-1.94025536378225e-12,3392,96734
18,-1.94025536378225e-12,3392,96734
19,-1.94025536378225e-12,3392,96734
20,-159.758096507524,3392,96734
21,-1.94025536378225e-12,3392,96734
22,-1.94025536378225e-12,3392,96734
23,-159.758096507524,3392,96734
1,-5.0931703299284e-12,3395,96818
2,-5.0931703299284e-12,3395,96818
3,-5.0931703299284e-12,3395,96818
4,-5.0931703299284e-12,3395,96818
5,-5.0931703299284e-12,3395,96818
6,-5.0931703299284e-12,3395,96818
7,-5.0931703299284e-12,3395,96818
8,-5.0931703299284e-12,3395,96818
9,-5.0931703299284e-12,3395,96818
10,-5.0931703299284e-12,3395,96818
11,-5.0931703299284e-12,3395,96818
12,-5.0931703299284e-12,3395,96818
13,-5.0931703299284e-12,3395,96818
14,-5.0931703299284e-12,3395,96818
15,-5.0931703299284e-12,3395,96818
16,-5.0931703299284e-12,3395,96818
17,-5.0931703299284e-12,3395,96818
18,-5.0931703299284e-12,3395,96818
19,-9.11020916560665,3395,96818
20,-5.0931703299284e-12,3395,96818
21,-5.0931703299284e-12,3395,96818
22,-5.0931703299284e-12,3395,96818
23,-9.11020916560665,3395,96818
1,7.27595761418343e-12,3398,96712
2,7.27595761418343e-12,3398,96712
3,7.27595761418343e-12,3398,96712
4,7.27595761418343e-12,3398,96712
5,7.27595761418343e-12,3398,96712
6,7.27595761418343e-12,3398,96712
7,7.27595761418343e-12,3398,96712
8,-18.1976644288802,3398,96712
9,7.27595761418343e-12,3398,96712
10,7.27595761418343e-12,3398,96712
11,7.27595761418343e-12,3398,96712
12,7.27595761418343e-12,3398,96712
13,7.27595761418343e-12,3398,96712
14,-21.1107070574251,3398,96712
15,7.27595761418343e-12,3398,96712
16,7.27595761418343e-12,3398,96712
17,7.27595761418343e-12,3398,96712
18,7.27595761418343e-12,3398,96712
19,7.27595761418343e-12,3398,96712
20,7.27595761418343e-12,3398,96712
21,7.27595761418343e-12,3398,96712
22,7.27595761418343e-12,3398,96712
23,-39.3529433626987,3398,96712
1,-6.79089377323787e-12,3401,96703
2,-6.79089377323787e-12,3401,96703
3,-6.79089377323787e-12,3401,96703
4,-6.79089377323787e-12,3401,96703
5,-6.79089377323787e-12,3401,96703
6,-6.79089377323787e-12,3401,96703
7,-6.79089377323787e-12,3401,96703
8,-6.79089377323787e-12,3401,96703
9,-6.79089377323787e-12,3401,96703
10,-6.79089377323787e-12,3401,96703
11,-6.79089377323787e-12,3401,96703
12,-6.79089377323787e-12,3401,96703
13,-6.79089377323787e-12,3401,96703
14,-32.7438520598904,3401,96703
15,-6.79089377323787e-12,3401,96703
16,-6.79089377323787e-12,3401,96703
17,-6.79089377323787e-12,3401,96703
18,-6.79089377323787e-12,3401,96703
19,-6.79089377323787e-12,3401,96703
20,-6.79089377323787e-12,3401,96703
21,-6.79089377323787e-12,3401,96703
22,-6.79089377323787e-12,3401,96703
23,-32.7438520598904,3401,96703
1,2.91038304567337e-12,3407,96825
2,2.91038304567337e-12,3407,96825
3,2.91038304567337e-12,3407,96825
4,2.91038304567337e-12,3407,96825
5,2.91038304567337e-12,3407,96825
6,2.91038304567337e-12,3407,96825
7,2.91038304567337e-12,3407,96825
8,2.91038304567337e-12,3407,96825
9,2.91038304567337e-12,3407,96825
10,2.91038304567337e-12,3407,96825
11,2.91038304567337e-12,3407,96825
12,2.91038304567337e-12,3407,96825
13,2.91038304567337e-12,3407,96825
14,2.91038304567337e-12,3407,96825
15,-30.0458466902215,3407,96825
16,2.91038304567337e-12,3407,96825
17,2.91038304567337e-12,3407,96825
18,2.91038304567337e-12,3407,96825
19,2.91038304567337e-12,3407,96825
20,2.91038304567337e-12,3407,96825
21,2.91038304567337e-12,3407,96825
22,2.91038304567337e-12,3407,96825
23,-30.0458466902215,3407,96825
1,-1.06714045008024e-11,3413,96743
2,-1.06714045008024e-11,3413,96743
3,-1.06714045008024e-11,3413,96743
4,-1.06714045008024e-11,3413,96743
5,-1.06714045008024e-11,3413,96743
6,-1.06714045008024e-11,3413,96743
7,-1.06714045008024e-11,3413,96743
8,-1.06714045008024e-11,3413,96743
9,-1.06714045008024e-11,3413,96743
10,-1.06714045008024e-11,3413,96743
11,-1.06714045008024e-11,3413,96743
12,-1.06714045008024e-11,3413,96743
13,-1.06714045008024e-11,3413,96743
14,-1.06714045008024e-11,3413,96743
15,-1.06714045008024e-11,3413,96743
16,-1.06714045008024e-11,3413,96743
17,-1.06714045008024e-11,3413,96743
18,-1.06714045008024e-11,3413,96743
19,-1.06714045008024e-11,3413,96743
20,-32.7350389970237,3413,96743
21,-1.06714045008024e-11,3413,96743
22,-1.06714045008024e-11,3413,96743
23,-32.7350390912521,3413,96743
1,-1.11564683417479e-11,3417,96756
2,-1.11564683417479e-11,3417,96756
3,-1.11564683417479e-11,3417,96756
4,-1.11564683417479e-11,3417,96756
5,-1.11564683417479e-11,3417,96756
6,-1.11564683417479e-11,3417,96756
7,-1.11564683417479e-11,3417,96756
8,-1.11564683417479e-11,3417,96756
9,-1.11564683417479e-11,3417,96756
10,-1.11564683417479e-11,3417,96756
11,-1.11564683417479e-11,3417,96756
12,-1.11564683417479e-11,3417,96756
13,-1.11564683417479e-11,3417,96756
14,-188.578127557664,3417,96756
15,-1.11564683417479e-11,3417,96756
16,-1.11564683417479e-11,3417,96756
17,-1.11564683417479e-11,3417,96756
18,-1.11564683417479e-11,3417,96756
19,-1.11564683417479e-11,3417,96756
20,-1.11564683417479e-11,3417,96756
21,-1.11564683417479e-11,3417,96756
22,-1.11564683417479e-11,3417,96756
23,-188.578127557664,3417,96756
1,-1.01863406598568e-11,3427,96740
2,-1.01863406598568e-11,3427,96740
3,-1.01863406598568e-11,3427,96740
4,-1.01863406598568e-11,3427,96740
5,-1.01863406598568e-11,3427,96740
6,-1.01863406598568e-11,3427,96740
7,-1.01863406598568e-11,3427,96740
8,-30.2870314807534,3427,96740
9,-1.01863406598568e-11,3427,96740
10,-1.01863406598568e-11,3427,96740
11,-1.01863406598568e-11,3427,96740
12,-1.01863406598568e-11,3427,96740
13,-1.01863406598568e-11,3427,96740
14,-1.01863406598568e-11,3427,96740
15,-1.01863406598568e-11,3427,96740
16,-1.01863406598568e-11,3427,96740
17,-1.01863406598568e-11,3427,96740
18,-1.01863406598568e-11,3427,96740
19,-1.01863406598568e-11,3427,96740
20,-1.01863406598568e-11,3427,96740
21,-1.01863406598568e-11,3427,96740
22,-1.01863406598568e-11,3427,96740
23,-30.2870314807534,3427,96740
1,5.82076609134674e-12,3432,96712
2,5.82076609134674e-12,3432,96712
3,5.82076609134674e-12,3432,96712
4,5.82076609134674e-12,3432,96712
5,5.82076609134674e-12,3432,96712
6,5.82076609134674e-12,3432,96712
7,5.82076609134674e-12,3432,96712
8,5.82076609134674e-12,3432,96712
9,5.82076609134674e-12,3432,96712
10,5.82076609134674e-12,3432,96712
11,-64.6897923579067,3432,96712
12,5.82076609134674e-12,3432,96712
13,5.82076609134674e-12,3432,96712
14,5.82076609134674e-12,3432,96712
15,-79.6729810160363,3432,96712
16,5.82076609134674e-12,3432,96712
17,5.82076609134674e-12,3432,96712
18,5.82076609134674e-12,3432,96712
19,5.82076609134674e-12,3432,96712
20,5.82076609134674e-12,3432,96712
21,5.82076609134674e-12,3432,96712
22,5.82076609134674e-12,3432,96712
23,-144.57450515952,3432,96712
1,-3.8805107275645e-12,3455,96722
2,-3.8805107275645e-12,3455,96722
3,-3.8805107275645e-12,3455,96722
4,-3.8805107275645e-12,3455,96722
5,-3.8805107275645e-12,3455,96722
6,-24.0814574237541,3455,96722
7,-3.8805107275645e-12,3455,96722
8,-3.8805107275645e-12,3455,96722
9,-3.8805107275645e-12,3455,96722
10,-3.8805107275645e-12,3455,96722
11,-3.8805107275645e-12,3455,96722
12,-3.8805107275645e-12,3455,96722
13,-3.8805107275645e-12,3455,96722
14,-3.8805107275645e-12,3455,96722
15,-3.8805107275645e-12,3455,96722
16,-3.8805107275645e-12,3455,96722
17,-3.8805107275645e-12,3455,96722
18,-3.8805107275645e-12,3455,96722
19,-3.8805107275645e-12,3455,96722
20,-3.8805107275645e-12,3455,96722
21,-3.8805107275645e-12,3455,96722
22,-3.8805107275645e-12,3455,96722
23,-24.081457430262,3455,96722
1,-1.45519152283669e-12,3445,96746
2,-1.45519152283669e-12,3445,96746
3,-1.45519152283669e-12,3445,96746
4,-1.45519152283669e-12,3445,96746
5,-1.45519152283669e-12,3445,96746
6,-1.45519152283669e-12,3445,96746
7,-1.45519152283669e-12,3445,96746
8,-1.45519152283669e-12,3445,96746
9,-1.45519152283669e-12,3445,96746
10,-1.45519152283669e-12,3445,96746
11,-1.45519152283669e-12,3445,96746
12,-1.45519152283669e-12,3445,96746
13,-1.45519152283669e-12,3445,96746
14,-8.83445051179443,3445,96746
15,-1.45519152283669e-12,3445,96746
16,-1.45519152283669e-12,3445,96746
17,-1.45519152283669e-12,3445,96746
18,-1.45519152283669e-12,3445,96746
19,-1.45519152283669e-12,3445,96746
20,-1.45519152283669e-12,3445,96746
21,-1.45519152283669e-12,3445,96746
22,-1.45519152283669e-12,3445,96746
23,-8.8344505121262,3445,96746
1,-1.30967237055302e-11,3472,96720
2,-1.30967237055302e-11,3472,96720
3,-1.30967237055302e-11,3472,96720
4,-1.30967237055302e-11,3472,96720
5,-1.30967237055302e-11,3472,96720
6,-1.30967237055302e-11,3472,96720
7,-1.30967237055302e-11,3472,96720
8,-1.30967237055302e-11,3472,96720
9,-1.30967237055302e-11,3472,96720
10,-1.30967237055302e-11,3472,96720
11,-1.30967237055302e-11,3472,96720
12,-1.30967237055302e-11,3472,96720
13,-1.30967237055302e-11,3472,96720
14,-26.2945294578298,3472,96720
15,-1.30967237055302e-11,3472,96720
16,-1.30967237055302e-11,3472,96720
17,-1.30967237055302e-11,3472,96720
18,-1.30967237055302e-11,3472,96720
19,-1.30967237055302e-11,3472,96720
20,-1.30967237055302e-11,3472,96720
21,-1.30967237055302e-11,3472,96720
22,-1.30967237055302e-11,3472,96720
23,-26.2945294578298,3472,96720
1,-8.24608529607455e-12,3477,96701
2,-8.24608529607455e-12,3477,96701
3,-8.24608529607455e-12,3477,96701
4,-8.24608529607455e-12,3477,96701
5,-8.24608529607455e-12,3477,96701
6,-8.24608529607455e-12,3477,96701
7,-8.24608529607455e-12,3477,96701
8,-15.046985351337,3477,96701
9,-8.24608529607455e-12,3477,96701
10,-8.24608529607455e-12,3477,96701
11,-8.24608529607455e-12,3477,96701
12,-8.24608529607455e-12,3477,96701
13,-8.24608529607455e-12,3477,96701
14,-8.24608529607455e-12,3477,96701
15,-8.24608529607455e-12,3477,96701
16,-8.24608529607455e-12,3477,96701
17,-8.24608529607455e-12,3477,96701
18,-8.24608529607455e-12,3477,96701
19,-8.24608529607455e-12,3477,96701
20,-8.24608529607455e-12,3477,96701
21,-8.24608529607455e-12,3477,96701
22,-8.24608529607455e-12,3477,96701
23,-15.046985351337,3477,96701
1,-8.73114913702012e-12,5912,96705
2,-8.73114913702012e-12,5912,96705
3,-8.73114913702012e-12,5912,96705
4,-8.73114913702012e-12,5912,96705
5,-8.73114913702012e-12,5912,96705
6,-8.73114913702012e-12,5912,96705
7,-8.73114913702012e-12,5912,96705
8,-8.73114913702012e-12,5912,96705
9,-8.73114913702012e-12,5912,96705
10,-8.73114913702012e-12,5912,96705
11,-8.73114913702012e-12,5912,96705
12,-8.73114913702012e-12,5912,96705
13,-8.73114913702012e-12,5912,96705
14,-24.6587086674127,5912,96705
15,-8.73114913702012e-12,5912,96705
16,-8.73114913702012e-12,5912,96705
17,-8.73114913702012e-12,5912,96705
18,-8.73114913702012e-12,5912,96705
19,-8.73114913702012e-12,5912,96705
20,-8.73114913702012e-12,5912,96705
21,-8.73114913702012e-12,5912,96705
22,-8.73114913702012e-12,5912,96705
23,-24.6587086674127,5912,96705
1,-1.01863406598568e-11,3503,96746
2,-1.01863406598568e-11,3503,96746
3,-1.01863406598568e-11,3503,96746
4,-1.01863406598568e-11,3503,96746
5,-1.01863406598568e-11,3503,96746
6,-1.01863406598568e-11,3503,96746
7,-1.01863406598568e-11,3503,96746
8,-1.01863406598568e-11,3503,96746
9,-1.01863406598568e-11,3503,96746
10,-1.01863406598568e-11,3503,96746
11,-1.01863406598568e-11,3503,96746
12,-1.01863406598568e-11,3503,96746
13,-1.01863406598568e-11,3503,96746
14,-25.4028516789229,3503,96746
15,-1.01863406598568e-11,3503,96746
16,-1.01863406598568e-11,3503,96746
17,-1.01863406598568e-11,3503,96746
18,-1.01863406598568e-11,3503,96746
19,-1.01863406598568e-11,3503,96746
20,-1.01863406598568e-11,3503,96746
21,-1.01863406598568e-11,3503,96746
22,-1.01863406598568e-11,3503,96746
23,-25.4028516789229,3503,96746
1,-4.85063840945563e-13,3505,96734
2,-4.85063840945563e-13,3505,96734
3,-4.85063840945563e-13,3505,96734
4,-4.85063840945563e-13,3505,96734
5,-4.85063840945563e-13,3505,96734
6,-4.85063840945563e-13,3505,96734
7,-4.85063840945563e-13,3505,96734
8,-4.85063840945563e-13,3505,96734
9,-4.85063840945563e-13,3505,96734
10,-4.85063840945563e-13,3505,96734
11,-4.85063840945563e-13,3505,96734
12,-4.85063840945563e-13,3505,96734
13,-4.85063840945563e-13,3505,96734
14,-4.85063840945563e-13,3505,96734
15,-4.85063840945563e-13,3505,96734
16,-4.85063840945563e-13,3505,96734
17,-4.85063840945563e-13,3505,96734
18,-4.85063840945563e-13,3505,96734
19,-4.85063840945563e-13,3505,96734
20,-27.8271351614923,3505,96734
21,-4.85063840945563e-13,3505,96734
22,-4.85063840945563e-13,3505,96734
23,-27.8271351614923,3505,96734
1,0,3506,96789
2,0,3506,96789
3,0,3506,96789
4,0,3506,96789
5,0,3506,96789
6,-149.799605700127,3506,96789
7,0,3506,96789
8,0,3506,96789
9,0,3506,96789
10,0,3506,96789
11,0,3506,96789
12,0,3506,96789
13,0,3506,96789
14,0,3506,96789
15,0,3506,96789
16,0,3506,96789
17,0,3506,96789
18,0,3506,96789
19,0,3506,96789
20,0,3506,96789
21,0,3506,96789
22,0,3506,96789
23,-149.799605747731,3506,96789
1,4.85063840945563e-13,5921,96746
2,4.85063840945563e-13,5921,96746
3,4.85063840945563e-13,5921,96746
4,4.85063840945563e-13,5921,96746
5,4.85063840945563e-13,5921,96746
6,4.85063840945563e-13,5921,96746
7,4.85063840945563e-13,5921,96746
8,4.85063840945563e-13,5921,96746
9,4.85063840945563e-13,5921,96746
10,4.85063840945563e-13,5921,96746
11,4.85063840945563e-13,5921,96746
12,4.85063840945563e-13,5921,96746
13,4.85063840945563e-13,5921,96746
14,-19.0520455212664,5921,96746
15,4.85063840945563e-13,5921,96746
16,4.85063840945563e-13,5921,96746
17,4.85063840945563e-13,5921,96746
18,4.85063840945563e-13,5921,96746
19,4.85063840945563e-13,5921,96746
20,4.85063840945563e-13,5921,96746
21,4.85063840945563e-13,5921,96746
22,4.85063840945563e-13,5921,96746
23,-19.0520455290588,5921,96746
1,4.85063840945562e-12,3521,96734
2,-128.631476111272,3521,96734
3,4.85063840945562e-12,3521,96734
4,4.85063840945562e-12,3521,96734
5,4.85063840945562e-12,3521,96734
6,4.85063840945562e-12,3521,96734
7,4.85063840945562e-12,3521,96734
8,4.85063840945562e-12,3521,96734
9,4.85063840945562e-12,3521,96734
10,4.85063840945562e-12,3521,96734
11,4.85063840945562e-12,3521,96734
12,4.85063840945562e-12,3521,96734
13,4.85063840945562e-12,3521,96734
14,4.85063840945562e-12,3521,96734
15,4.85063840945562e-12,3521,96734
16,4.85063840945562e-12,3521,96734
17,4.85063840945562e-12,3521,96734
18,4.85063840945562e-12,3521,96734
19,4.85063840945562e-12,3521,96734
20,4.85063840945562e-12,3521,96734
21,-122.429252349671,3521,96734
22,4.85063840945562e-12,3521,96734
23,-253.204253294944,3521,96734
1,-1.30967237055302e-11,3524,96819
2,-1.30967237055302e-11,3524,96819
3,-1.30967237055302e-11,3524,96819
4,-1.30967237055302e-11,3524,96819
5,-1.30967237055302e-11,3524,96819
6,-1.30967237055302e-11,3524,96819
7,-1.30967237055302e-11,3524,96819
8,-1.30967237055302e-11,3524,96819
9,-1.30967237055302e-11,3524,96819
10,-1.30967237055302e-11,3524,96819
11,-1.30967237055302e-11,3524,96819
12,-1.30967237055302e-11,3524,96819
13,-1.30967237055302e-11,3524,96819
14,-26.2945294578298,3524,96819
15,-1.30967237055302e-11,3524,96819
16,-1.30967237055302e-11,3524,96819
17,-1.30967237055302e-11,3524,96819
18,-1.30967237055302e-11,3524,96819
19,-1.30967237055302e-11,3524,96819
20,-1.30967237055302e-11,3524,96819
21,-1.30967237055302e-11,3524,96819
22,-1.30967237055302e-11,3524,96819
23,-26.2945294578298,3524,96819
1,3.8805107275645e-12,3527,96744
2,3.8805107275645e-12,3527,96744
3,3.8805107275645e-12,3527,96744
4,3.8805107275645e-12,3527,96744
5,3.8805107275645e-12,3527,96744
6,3.8805107275645e-12,3527,96744
7,3.8805107275645e-12,3527,96744
8,3.8805107275645e-12,3527,96744
9,-35.4475308121895,3527,96744
10,3.8805107275645e-12,3527,96744
11,3.8805107275645e-12,3527,96744
12,3.8805107275645e-12,3527,96744
13,3.8805107275645e-12,3527,96744
14,3.8805107275645e-12,3527,96744
15,3.8805107275645e-12,3527,96744
16,3.8805107275645e-12,3527,96744
17,3.8805107275645e-12,3527,96744
18,3.8805107275645e-12,3527,96744
19,3.8805107275645e-12,3527,96744
20,3.8805107275645e-12,3527,96744
21,3.8805107275645e-12,3527,96744
22,3.8805107275645e-12,3527,96744
23,-35.4475308121895,3527,96744
1,-4.85063840945562e-12,3534,96816
2,-4.85063840945562e-12,3534,96816
3,-4.85063840945562e-12,3534,96816
4,-4.85063840945562e-12,3534,96816
5,-4.85063840945562e-12,3534,96816
6,-4.85063840945562e-12,3534,96816
7,-4.85063840945562e-12,3534,96816
8,-4.85063840945562e-12,3534,96816
9,-4.85063840945562e-12,3534,96816
10,-4.85063840945562e-12,3534,96816
11,-4.85063840945562e-12,3534,96816
12,-4.85063840945562e-12,3534,96816
13,-4.85063840945562e-12,3534,96816
14,-19.9775812794285,3534,96816
15,-4.85063840945562e-12,3534,96816
16,-4.85063840945562e-12,3534,96816
17,-4.85063840945562e-12,3534,96816
18,-4.85063840945562e-12,3534,96816
19,-4.85063840945562e-12,3534,96816
20,-4.85063840945562e-12,3534,96816
21,-4.85063840945562e-12,3534,96816
22,-4.85063840945562e-12,3534,96816
23,-19.97758128102,3534,96816
1,-1.40668513874213e-11,3541,96703
2,-1.40668513874213e-11,3541,96703
3,-1.40668513874213e-11,3541,96703
4,-1.40668513874213e-11,3541,96703
5,-1.40668513874213e-11,3541,96703
6,-1.40668513874213e-11,3541,96703
7,-1.40668513874213e-11,3541,96703
8,-1.40668513874213e-11,3541,96703
9,-1.40668513874213e-11,3541,96703
10,-1.40668513874213e-11,3541,96703
11,-1.40668513874213e-11,3541,96703
12,-1.40668513874213e-11,3541,96703
13,-1.40668513874213e-11,3541,96703
14,-1.40668513874213e-11,3541,96703
15,-17.0605585504561,3541,96703
16,-1.40668513874213e-11,3541,96703
17,-1.40668513874213e-11,3541,96703
18,-1.40668513874213e-11,3541,96703
19,-1.40668513874213e-11,3541,96703
20,-1.40668513874213e-11,3541,96703
21,-1.40668513874213e-11,3541,96703
22,-1.40668513874213e-11,3541,96703
23,-17.0605585504561,3541,96703
1,-1.69772344330947e-12,5928,96746
2,-1.69772344330947e-12,5928,96746
3,-1.69772344330947e-12,5928,96746
4,-1.69772344330947e-12,5928,96746
5,-1.69772344330947e-12,5928,96746
6,-145.439212647013,5928,96746
7,-1.69772344330947e-12,5928,96746
8,-1.69772344330947e-12,5928,96746
9,-1.69772344330947e-12,5928,96746
10,-1.69772344330947e-12,5928,96746
11,-1.69772344330947e-12,5928,96746
12,-1.69772344330947e-12,5928,96746
13,-1.69772344330947e-12,5928,96746
14,-1.69772344330947e-12,5928,96746
15,-1.69772344330947e-12,5928,96746
16,-1.69772344330947e-12,5928,96746
17,-1.69772344330947e-12,5928,96746
18,-1.69772344330947e-12,5928,96746
19,-1.69772344330947e-12,5928,96746
20,-1.69772344330947e-12,5928,96746
21,-1.69772344330947e-12,5928,96746
22,-1.69772344330947e-12,5928,96746
23,-145.439213076416,5928,96746
1,1.94025536378225e-12,3552,96765
2,1.94025536378225e-12,3552,96765
3,1.94025536378225e-12,3552,96765
4,1.94025536378225e-12,3552,96765
5,1.94025536378225e-12,3552,96765
6,1.94025536378225e-12,3552,96765
7,1.94025536378225e-12,3552,96765
8,1.94025536378225e-12,3552,96765
9,1.94025536378225e-12,3552,96765
10,1.94025536378225e-12,3552,96765
11,1.94025536378225e-12,3552,96765
12,1.94025536378225e-12,3552,96765
13,1.94025536378225e-12,3552,96765
14,1.94025536378225e-12,3552,96765
15,1.94025536378225e-12,3552,96765
16,1.94025536378225e-12,3552,96765
17,-14.5108240745709,3552,96765
18,1.94025536378225e-12,3552,96765
19,1.94025536378225e-12,3552,96765
20,1.94025536378225e-12,3552,96765
21,1.94025536378225e-12,3552,96765
22,1.94025536378225e-12,3552,96765
23,-14.5108240745709,3552,96765
1,-7.27595761418343e-12,5933,96746
2,-7.27595761418343e-12,5933,96746
3,-7.27595761418343e-12,5933,96746
4,-7.27595761418343e-12,5933,96746
5,-7.27595761418343e-12,5933,96746
6,-7.27595761418343e-12,5933,96746
7,-7.27595761418343e-12,5933,96746
8,-7.27595761418343e-12,5933,96746
9,-7.27595761418343e-12,5933,96746
10,-7.27595761418343e-12,5933,96746
11,-7.27595761418343e-12,5933,96746
12,-7.27595761418343e-12,5933,96746
13,-7.27595761418343e-12,5933,96746
14,-23.1475169802868,5933,96746
15,-7.27595761418343e-12,5933,96746
16,-7.27595761418343e-12,5933,96746
17,-7.27595761418343e-12,5933,96746
18,-7.27595761418343e-12,5933,96746
19,-7.27595761418343e-12,5933,96746
20,-7.27595761418343e-12,5933,96746
21,-7.27595761418343e-12,5933,96746
22,-7.27595761418343e-12,5933,96746
23,-23.1475169802868,5933,96746
1,-4.85063840945562e-12,3578,96771
2,-4.85063840945562e-12,3578,96771
3,-4.85063840945562e-12,3578,96771
4,-4.85063840945562e-12,3578,96771
5,-4.85063840945562e-12,3578,96771
6,-4.85063840945562e-12,3578,96771
7,-4.85063840945562e-12,3578,96771
8,-4.85063840945562e-12,3578,96771
9,-4.85063840945562e-12,3578,96771
10,-4.85063840945562e-12,3578,96771
11,-4.85063840945562e-12,3578,96771
12,-4.85063840945562e-12,3578,96771
13,-4.85063840945562e-12,3578,96771
14,-19.9775812808435,3578,96771
15,-4.85063840945562e-12,3578,96771
16,-4.85063840945562e-12,3578,96771
17,-4.85063840945562e-12,3578,96771
18,-4.85063840945562e-12,3578,96771
19,-4.85063840945562e-12,3578,96771
20,-4.85063840945562e-12,3578,96771
21,-4.85063840945562e-12,3578,96771
22,-4.85063840945562e-12,3578,96771
23,-19.97758128102,3578,96771
1,0,3584,96791
2,0,3584,96791
3,0,3584,96791
4,0,3584,96791
5,0,3584,96791
6,0,3584,96791
7,0,3584,96791
8,-28.5940649932493,3584,96791
9,0,3584,96791
10,0,3584,96791
11,0,3584,96791
12,0,3584,96791
13,0,3584,96791
14,0,3584,96791
15,0,3584,96791
16,0,3584,96791
17,0,3584,96791
18,0,3584,96791
19,0,3584,96791
20,0,3584,96791
21,0,3584,96791
22,0,3584,96791
23,-28.5940649932493,3584,96791
1,1.45519152283669e-12,3590,96766
2,1.45519152283669e-12,3590,96766
3,1.45519152283669e-12,3590,96766
4,1.45519152283669e-12,3590,96766
5,1.45519152283669e-12,3590,96766
6,-24.08146539438,3590,96766
7,1.45519152283669e-12,3590,96766
8,1.45519152283669e-12,3590,96766
9,1.45519152283669e-12,3590,96766
10,1.45519152283669e-12,3590,96766
11,1.45519152283669e-12,3590,96766
12,1.45519152283669e-12,3590,96766
13,1.45519152283669e-12,3590,96766
14,1.45519152283669e-12,3590,96766
15,1.45519152283669e-12,3590,96766
16,1.45519152283669e-12,3590,96766
17,-20.8709651067718,3590,96766
18,1.45519152283669e-12,3590,96766
19,1.45519152283669e-12,3590,96766
20,1.45519152283669e-12,3590,96766
21,1.45519152283669e-12,3590,96766
22,1.45519152283669e-12,3590,96766
23,-45.0040458731305,3590,96766
1,-5.33570225040118e-12,3603,96793
2,-5.33570225040118e-12,3603,96793
3,-5.33570225040118e-12,3603,96793
4,-5.33570225040118e-12,3603,96793
5,-5.33570225040118e-12,3603,96793
6,-5.33570225040118e-12,3603,96793
7,-5.33570225040118e-12,3603,96793
8,-5.33570225040118e-12,3603,96793
9,-5.33570225040118e-12,3603,96793
10,-5.33570225040118e-12,3603,96793
11,-5.33570225040118e-12,3603,96793
12,-5.33570225040118e-12,3603,96793
13,-5.33570225040118e-12,3603,96793
14,-24.3862026807498,3603,96793
15,-5.33570225040118e-12,3603,96793
16,-5.33570225040118e-12,3603,96793
17,-5.33570225040118e-12,3603,96793
18,-5.33570225040118e-12,3603,96793
19,-5.33570225040118e-12,3603,96793
20,-5.33570225040118e-12,3603,96793
21,-5.33570225040118e-12,3603,96793
22,-5.33570225040118e-12,3603,96793
23,-24.3862026807498,3603,96793
1,-4.36557456851005e-12,5940,96708
2,-4.36557456851005e-12,5940,96708
3,-4.36557456851005e-12,5940,96708
4,-4.36557456851005e-12,5940,96708
5,-4.36557456851005e-12,5940,96708
6,-4.36557456851005e-12,5940,96708
7,-35.4752969841798,5940,96708
8,-4.36557456851005e-12,5940,96708
9,-4.36557456851005e-12,5940,96708
10,-4.36557456851005e-12,5940,96708
11,-4.36557456851005e-12,5940,96708
12,-4.36557456851005e-12,5940,96708
13,-4.36557456851005e-12,5940,96708
14,-4.36557456851005e-12,5940,96708
15,-4.36557456851005e-12,5940,96708
16,-4.36557456851005e-12,5940,96708
17,-4.36557456851005e-12,5940,96708
18,-4.36557456851005e-12,5940,96708
19,-4.36557456851005e-12,5940,96708
20,-4.36557456851005e-12,5940,96708
21,-4.36557456851005e-12,5940,96708
22,-4.36557456851005e-12,5940,96708
23,-35.4752969841798,5940,96708
1,-7.76102145512899e-12,3617,96786
2,-7.76102145512899e-12,3617,96786
3,-7.76102145512899e-12,3617,96786
4,-7.76102145512899e-12,3617,96786
5,-7.76102145512899e-12,3617,96786
6,-7.76102145512899e-12,3617,96786
7,-7.76102145512899e-12,3617,96786
8,-45.204216935697,3617,96786
9,-7.76102145512899e-12,3617,96786
10,-7.76102145512899e-12,3617,96786
11,-7.76102145512899e-12,3617,96786
12,-7.76102145512899e-12,3617,96786
13,-7.76102145512899e-12,3617,96786
14,-7.76102145512899e-12,3617,96786
15,-7.76102145512899e-12,3617,96786
16,-7.76102145512899e-12,3617,96786
17,-7.76102145512899e-12,3617,96786
18,-7.76102145512899e-12,3617,96786
19,-7.76102145512899e-12,3617,96786
20,-7.76102145512899e-12,3617,96786
21,-7.76102145512899e-12,3617,96786
22,-7.76102145512899e-12,3617,96786
23,-45.2042169378813,3617,96786
1,4.36557456851005e-12,3627,96734
2,4.36557456851005e-12,3627,96734
3,4.36557456851005e-12,3627,96734
4,4.36557456851005e-12,3627,96734
5,4.36557456851005e-12,3627,96734
6,4.36557456851005e-12,3627,96734
7,4.36557456851005e-12,3627,96734
8,4.36557456851005e-12,3627,96734
9,4.36557456851005e-12,3627,96734
10,4.36557456851005e-12,3627,96734
11,4.36557456851005e-12,3627,96734
12,4.36557456851005e-12,3627,96734
13,4.36557456851005e-12,3627,96734
14,-20.7208124948171,3627,96734
15,4.36557456851005e-12,3627,96734
16,4.36557456851005e-12,3627,96734
17,4.36557456851005e-12,3627,96734
18,4.36557456851005e-12,3627,96734
19,4.36557456851005e-12,3627,96734
20,4.36557456851005e-12,3627,96734
21,4.36557456851005e-12,3627,96734
22,4.36557456851005e-12,3627,96734
23,-20.7208124952362,3627,96734
1,-9.70127681891127e-13,3643,96734
2,-9.70127681891127e-13,3643,96734
3,-9.70127681891127e-13,3643,96734
4,-9.70127681891127e-13,3643,96734
5,-9.70127681891127e-13,3643,96734
6,-9.70127681891127e-13,3643,96734
7,-9.70127681891127e-13,3643,96734
8,-9.70127681891127e-13,3643,96734
9,-9.70127681891127e-13,3643,96734
10,-9.70127681891127e-13,3643,96734
11,-9.70127681891127e-13,3643,96734
12,-9.70127681891127e-13,3643,96734
13,-9.70127681891127e-13,3643,96734
14,-21.1107000083226,3643,96734
15,-9.70127681891127e-13,3643,96734
16,-9.70127681891127e-13,3643,96734
17,-9.70127681891127e-13,3643,96734
18,-9.70127681891127e-13,3643,96734
19,-9.70127681891127e-13,3643,96734
20,-9.70127681891127e-13,3643,96734
21,-9.70127681891127e-13,3643,96734
22,-9.70127681891127e-13,3643,96734
23,-21.1107000113664,3643,96734
1,-3.8805107275645e-12,5944,96746
2,-3.8805107275645e-12,5944,96746
3,-3.8805107275645e-12,5944,96746
4,-3.8805107275645e-12,5944,96746
5,-3.8805107275645e-12,5944,96746
6,-24.081457430262,5944,96746
7,-3.8805107275645e-12,5944,96746
8,-3.8805107275645e-12,5944,96746
9,-3.8805107275645e-12,5944,96746
10,-3.8805107275645e-12,5944,96746
11,-3.8805107275645e-12,5944,96746
12,-3.8805107275645e-12,5944,96746
13,-3.8805107275645e-12,5944,96746
14,-3.8805107275645e-12,5944,96746
15,-3.8805107275645e-12,5944,96746
16,-3.8805107275645e-12,5944,96746
17,-3.8805107275645e-12,5944,96746
18,-3.8805107275645e-12,5944,96746
19,-3.8805107275645e-12,5944,96746
20,-3.8805107275645e-12,5944,96746
21,-3.8805107275645e-12,5944,96746
22,-3.8805107275645e-12,5944,96746
23,-24.081457430262,5944,96746
1,1.45519152283669e-12,3654,96725
2,1.45519152283669e-12,3654,96725
3,1.45519152283669e-12,3654,96725
4,1.45519152283669e-12,3654,96725
5,1.45519152283669e-12,3654,96725
6,1.45519152283669e-12,3654,96725
7,1.45519152283669e-12,3654,96725
8,1.45519152283669e-12,3654,96725
9,1.45519152283669e-12,3654,96725
10,1.45519152283669e-12,3654,96725
11,-338.542653174304,3654,96725
12,1.45519152283669e-12,3654,96725
13,1.45519152283669e-12,3654,96725
14,1.45519152283669e-12,3654,96725
15,1.45519152283669e-12,3654,96725
16,1.45519152283669e-12,3654,96725
17,1.45519152283669e-12,3654,96725
18,1.45519152283669e-12,3654,96725
19,1.45519152283669e-12,3654,96725
20,1.45519152283669e-12,3654,96725
21,1.45519152283669e-12,3654,96725
22,1.45519152283669e-12,3654,96725
23,-338.54265617092,3654,96725
1,1.94025536378225e-12,3661,96706
2,1.94025536378225e-12,3661,96706
3,1.94025536378225e-12,3661,96706
4,1.94025536378225e-12,3661,96706
5,1.94025536378225e-12,3661,96706
6,1.94025536378225e-12,3661,96706
7,1.94025536378225e-12,3661,96706
8,1.94025536378225e-12,3661,96706
9,1.94025536378225e-12,3661,96706
10,1.94025536378225e-12,3661,96706
11,1.94025536378225e-12,3661,96706
12,1.94025536378225e-12,3661,96706
13,1.94025536378225e-12,3661,96706
14,1.94025536378225e-12,3661,96706
15,-30.6404252475928,3661,96706
16,1.94025536378225e-12,3661,96706
17,1.94025536378225e-12,3661,96706
18,1.94025536378225e-12,3661,96706
19,1.94025536378225e-12,3661,96706
20,1.94025536378225e-12,3661,96706
21,1.94025536378225e-12,3661,96706
22,1.94025536378225e-12,3661,96706
23,-30.6404252475928,3661,96706
1,5.33570225040118e-12,3682,96746
2,5.33570225040118e-12,3682,96746
3,5.33570225040118e-12,3682,96746
4,5.33570225040118e-12,3682,96746
5,5.33570225040118e-12,3682,96746
6,5.33570225040118e-12,3682,96746
7,5.33570225040118e-12,3682,96746
8,5.33570225040118e-12,3682,96746
9,5.33570225040118e-12,3682,96746
10,5.33570225040118e-12,3682,96746
11,-13.8727153398829,3682,96746
12,5.33570225040118e-12,3682,96746
13,5.33570225040118e-12,3682,96746
14,5.33570225040118e-12,3682,96746
15,-17.9952638428746,3682,96746
16,5.33570225040118e-12,3682,96746
17,5.33570225040118e-12,3682,96746
18,5.33570225040118e-12,3682,96746
19,5.33570225040118e-12,3682,96746
20,5.33570225040118e-12,3682,96746
21,5.33570225040118e-12,3682,96746
22,5.33570225040118e-12,3682,96746
23,-31.8929513820884,3682,96746
1,-5.33570225040118e-12,3684,96743
2,-5.33570225040118e-12,3684,96743
3,-5.33570225040118e-12,3684,96743
4,-5.33570225040118e-12,3684,96743
5,-5.33570225040118e-12,3684,96743
6,-32.9523284580447,3684,96743
7,-5.33570225040118e-12,3684,96743
8,-5.33570225040118e-12,3684,96743
9,-5.33570225040118e-12,3684,96743
10,-5.33570225040118e-12,3684,96743
11,-5.33570225040118e-12,3684,96743
12,-5.33570225040118e-12,3684,96743
13,-5.33570225040118e-12,3684,96743
14,-5.33570225040118e-12,3684,96743
15,-5.33570225040118e-12,3684,96743
16,-5.33570225040118e-12,3684,96743
17,-5.33570225040118e-12,3684,96743
18,-5.33570225040118e-12,3684,96743
19,-5.33570225040118e-12,3684,96743
20,-5.33570225040118e-12,3684,96743
21,-5.33570225040118e-12,3684,96743
22,-5.33570225040118e-12,3684,96743
23,-32.9523284580447,3684,96743
1,-3.8805107275645e-12,3689,96734
2,-3.8805107275645e-12,3689,96734
3,-3.8805107275645e-12,3689,96734
4,-3.8805107275645e-12,3689,96734
5,-3.8805107275645e-12,3689,96734
6,-24.081457430262,3689,96734
7,-3.8805107275645e-12,3689,96734
8,-3.8805107275645e-12,3689,96734
9,-3.8805107275645e-12,3689,96734
10,-3.8805107275645e-12,3689,96734
11,-3.8805107275645e-12,3689,96734
12,-3.8805107275645e-12,3689,96734
13,-3.8805107275645e-12,3689,96734
14,-3.8805107275645e-12,3689,96734
15,-3.8805107275645e-12,3689,96734
16,-3.8805107275645e-12,3689,96734
17,-3.8805107275645e-12,3689,96734
18,-3.8805107275645e-12,3689,96734
19,-3.8805107275645e-12,3689,96734
20,-3.8805107275645e-12,3689,96734
21,-3.8805107275645e-12,3689,96734
22,-3.8805107275645e-12,3689,96734
23,-24.081457430262,3689,96734
1,-6.79089377323786e-12,5963,96822
2,-6.79089377323786e-12,5963,96822
3,-6.79089377323786e-12,5963,96822
4,-6.79089377323786e-12,5963,96822
5,-6.79089377323786e-12,5963,96822
6,-6.79089377323786e-12,5963,96822
7,-6.79089377323786e-12,5963,96822
8,-6.79089377323786e-12,5963,96822
9,-6.79089377323786e-12,5963,96822
10,-6.79089377323786e-12,5963,96822
11,-26.0065916814827,5963,96822
12,-6.79089377323786e-12,5963,96822
13,-6.79089377323786e-12,5963,96822
14,-6.79089377323786e-12,5963,96822
15,-6.79089377323786e-12,5963,96822
16,-6.79089377323786e-12,5963,96822
17,-6.79089377323786e-12,5963,96822
18,-6.79089377323786e-12,5963,96822
19,-6.79089377323786e-12,5963,96822
20,-6.79089377323786e-12,5963,96822
21,-6.79089377323786e-12,5963,96822
22,-6.79089377323786e-12,5963,96822
23,-26.0065916814827,5963,96822
1,-1.01863406598568e-11,3693,96740
2,-1.01863406598568e-11,3693,96740
3,-1.01863406598568e-11,3693,96740
4,-1.01863406598568e-11,3693,96740
5,-1.01863406598568e-11,3693,96740
6,-1.01863406598568e-11,3693,96740
7,-1.01863406598568e-11,3693,96740
8,-1.01863406598568e-11,3693,96740
9,-1.01863406598568e-11,3693,96740
10,-1.01863406598568e-11,3693,96740
11,-1.01863406598568e-11,3693,96740
12,-1.01863406598568e-11,3693,96740
13,-1.01863406598568e-11,3693,96740
14,-1.01863406598568e-11,3693,96740
15,-36.3541006058881,3693,96740
16,-1.01863406598568e-11,3693,96740
17,-1.01863406598568e-11,3693,96740
18,-1.01863406598568e-11,3693,96740
19,-1.01863406598568e-11,3693,96740
20,-1.01863406598568e-11,3693,96740
21,-1.01863406598568e-11,3693,96740
22,-1.01863406598568e-11,3693,96740
23,-36.3541006058881,3693,96740
1,-1.01863406598568e-11,5966,96818
2,-1.01863406598568e-11,5966,96818
3,-1.01863406598568e-11,5966,96818
4,-1.01863406598568e-11,5966,96818
5,-1.01863406598568e-11,5966,96818
6,-1.01863406598568e-11,5966,96818
7,-1.01863406598568e-11,5966,96818
8,-1.01863406598568e-11,5966,96818
9,-1.01863406598568e-11,5966,96818
10,-1.01863406598568e-11,5966,96818
11,-1.01863406598568e-11,5966,96818
12,-1.01863406598568e-11,5966,96818
13,-1.01863406598568e-11,5966,96818
14,-33.9319532831966,5966,96818
15,-1.01863406598568e-11,5966,96818
16,-1.01863406598568e-11,5966,96818
17,-1.01863406598568e-11,5966,96818
18,-1.01863406598568e-11,5966,96818
19,-1.01863406598568e-11,5966,96818
20,-1.01863406598568e-11,5966,96818
21,-1.01863406598568e-11,5966,96818
22,-1.01863406598568e-11,5966,96818
23,-33.9319532831966,5966,96818
1,1.2126596023639e-11,5969,96754
2,1.2126596023639e-11,5969,96754
3,1.2126596023639e-11,5969,96754
4,1.2126596023639e-11,5969,96754
5,1.2126596023639e-11,5969,96754
6,1.2126596023639e-11,5969,96754
7,1.2126596023639e-11,5969,96754
8,1.2126596023639e-11,5969,96754
9,1.2126596023639e-11,5969,96754
10,1.2126596023639e-11,5969,96754
11,1.2126596023639e-11,5969,96754
12,1.2126596023639e-11,5969,96754
13,1.2126596023639e-11,5969,96754
14,-26.9766016006455,5969,96754
15,1.2126596023639e-11,5969,96754
16,1.2126596023639e-11,5969,96754
17,1.2126596023639e-11,5969,96754
18,1.2126596023639e-11,5969,96754
19,1.2126596023639e-11,5969,96754
20,1.2126596023639e-11,5969,96754
21,1.2126596023639e-11,5969,96754
22,1.2126596023639e-11,5969,96754
23,-26.976601607367,5969,96754
1,-1.69772344330947e-12,5973,96791
2,-1.69772344330947e-12,5973,96791
3,-1.69772344330947e-12,5973,96791
4,-1.69772344330947e-12,5973,96791
5,-1.69772344330947e-12,5973,96791
6,-1.69772344330947e-12,5973,96791
7,-1.69772344330947e-12,5973,96791
8,-1.69772344330947e-12,5973,96791
9,-1.69772344330947e-12,5973,96791
10,-1.69772344330947e-12,5973,96791
11,-1.69772344330947e-12,5973,96791
12,-1.69772344330947e-12,5973,96791
13,-1.69772344330947e-12,5973,96791
14,-190.438824666309,5973,96791
15,-1.69772344330947e-12,5973,96791
16,-1.69772344330947e-12,5973,96791
17,-1.69772344330947e-12,5973,96791
18,-1.69772344330947e-12,5973,96791
19,-1.69772344330947e-12,5973,96791
20,-1.69772344330947e-12,5973,96791
21,-1.69772344330947e-12,5973,96791
22,-1.69772344330947e-12,5973,96791
23,-190.438824676418,5973,96791
1,-1.30967237055302e-11,3706,96756
2,-1.30967237055302e-11,3706,96756
3,-1.30967237055302e-11,3706,96756
4,-1.30967237055302e-11,3706,96756
5,-1.30967237055302e-11,3706,96756
6,-1.30967237055302e-11,3706,96756
7,-1.30967237055302e-11,3706,96756
8,-1.30967237055302e-11,3706,96756
9,-1.30967237055302e-11,3706,96756
10,-1.30967237055302e-11,3706,96756
11,-1.30967237055302e-11,3706,96756
12,-1.30967237055302e-11,3706,96756
13,-1.30967237055302e-11,3706,96756
14,-26.2945294578298,3706,96756
15,-1.30967237055302e-11,3706,96756
16,-1.30967237055302e-11,3706,96756
17,-1.30967237055302e-11,3706,96756
18,-1.30967237055302e-11,3706,96756
19,-1.30967237055302e-11,3706,96756
20,-1.30967237055302e-11,3706,96756
21,-1.30967237055302e-11,3706,96756
22,-1.30967237055302e-11,3706,96756
23,-26.2945294578298,3706,96756
1,-8.73114913702011e-12,3719,96706
2,-8.73114913702011e-12,3719,96706
3,-8.73114913702011e-12,3719,96706
4,-8.73114913702011e-12,3719,96706
5,-8.73114913702011e-12,3719,96706
6,-8.73114913702011e-12,3719,96706
7,-8.73114913702011e-12,3719,96706
8,-8.73114913702011e-12,3719,96706
9,-8.73114913702011e-12,3719,96706
10,-8.73114913702011e-12,3719,96706
11,-8.73114913702011e-12,3719,96706
12,-8.73114913702011e-12,3719,96706
13,-8.73114913702011e-12,3719,96706
14,-28.6883483075236,3719,96706
15,-8.73114913702011e-12,3719,96706
16,-8.73114913702011e-12,3719,96706
17,-8.73114913702011e-12,3719,96706
18,-8.73114913702011e-12,3719,96706
19,-8.73114913702011e-12,3719,96706
20,-8.73114913702011e-12,3719,96706
21,-8.73114913702011e-12,3719,96706
22,-8.73114913702011e-12,3719,96706
23,-28.6883483075236,3719,96706
1,-3.39544688661893e-12,3727,96782
2,-12.5355861696441,3727,96782
3,-3.39544688661893e-12,3727,96782
4,-3.39544688661893e-12,3727,96782
5,-3.39544688661893e-12,3727,96782
6,-3.39544688661893e-12,3727,96782
7,-3.39544688661893e-12,3727,96782
8,-3.39544688661893e-12,3727,96782
9,-3.39544688661893e-12,3727,96782
10,-3.39544688661893e-12,3727,96782
11,-3.39544688661893e-12,3727,96782
12,-3.39544688661893e-12,3727,96782
13,-3.39544688661893e-12,3727,96782
14,-3.39544688661893e-12,3727,96782
15,-3.39544688661893e-12,3727,96782
16,-3.39544688661893e-12,3727,96782
17,-3.39544688661893e-12,3727,96782
18,-3.39544688661893e-12,3727,96782
19,-3.39544688661893e-12,3727,96782
20,-3.39544688661893e-12,3727,96782
21,-3.39544688661893e-12,3727,96782
22,-3.39544688661893e-12,3727,96782
23,-12.5355861716205,3727,96782
1,-9.70127681891127e-13,3728,96744
2,-9.70127681891127e-13,3728,96744
3,-9.70127681891127e-13,3728,96744
4,-9.70127681891127e-13,3728,96744
5,-9.70127681891127e-13,3728,96744
6,-9.70127681891127e-13,3728,96744
7,-9.70127681891127e-13,3728,96744
8,-9.70127681891127e-13,3728,96744
9,-9.70127681891127e-13,3728,96744
10,-9.70127681891127e-13,3728,96744
11,-9.70127681891127e-13,3728,96744
12,-9.70127681891127e-13,3728,96744
13,-9.70127681891127e-13,3728,96744
14,-9.70127681891127e-13,3728,96744
15,-21.5099042377212,3728,96744
16,-9.70127681891127e-13,3728,96744
17,-258.337416855804,3728,96744
18,-9.70127681891127e-13,3728,96744
19,-9.70127681891127e-13,3728,96744
20,-9.70127681891127e-13,3728,96744
21,-9.70127681891127e-13,3728,96744
22,-9.70127681891127e-13,3728,96744
23,-280.097230061933,3728,96744
1,4.36557456851005e-12,5976,96792
2,4.36557456851005e-12,5976,96792
3,4.36557456851005e-12,5976,96792
4,4.36557456851005e-12,5976,96792
5,4.36557456851005e-12,5976,96792
6,4.36557456851005e-12,5976,96792
7,4.36557456851005e-12,5976,96792
8,4.36557456851005e-12,5976,96792
9,4.36557456851005e-12,5976,96792
10,4.36557456851005e-12,5976,96792
11,4.36557456851005e-12,5976,96792
12,4.36557456851005e-12,5976,96792
13,4.36557456851005e-12,5976,96792
14,-20.7208124952362,5976,96792
15,4.36557456851005e-12,5976,96792
16,4.36557456851005e-12,5976,96792
17,4.36557456851005e-12,5976,96792
18,4.36557456851005e-12,5976,96792
19,4.36557456851005e-12,5976,96792
20,4.36557456851005e-12,5976,96792
21,4.36557456851005e-12,5976,96792
22,4.36557456851005e-12,5976,96792
23,-20.7208124952362,5976,96792
1,-2.42531920472781e-12,3729,96815
2,-2.42531920472781e-12,3729,96815
3,-2.42531920472781e-12,3729,96815
4,-2.42531920472781e-12,3729,96815
5,-2.42531920472781e-12,3729,96815
6,-2.42531920472781e-12,3729,96815
7,-2.42531920472781e-12,3729,96815
8,-2.42531920472781e-12,3729,96815
9,-2.42531920472781e-12,3729,96815
10,-2.42531920472781e-12,3729,96815
11,-875.960565780685,3729,96815
12,-2.42531920472781e-12,3729,96815
13,-2.42531920472781e-12,3729,96815
14,-2.42531920472781e-12,3729,96815
15,-2.42531920472781e-12,3729,96815
16,-2.42531920472781e-12,3729,96815
17,-2.42531920472781e-12,3729,96815
18,-2.42531920472781e-12,3729,96815
19,-2.42531920472781e-12,3729,96815
20,-2.42531920472781e-12,3729,96815
21,-2.42531920472781e-12,3729,96815
22,-2.42531920472781e-12,3729,96815
23,-875.960586059185,3729,96815
1,-4.85063840945562e-12,3739,96797
2,-4.85063840945562e-12,3739,96797
3,-4.85063840945562e-12,3739,96797
4,-4.85063840945562e-12,3739,96797
5,-4.85063840945562e-12,3739,96797
6,-4.85063840945562e-12,3739,96797
7,-4.85063840945562e-12,3739,96797
8,-4.85063840945562e-12,3739,96797
9,-4.85063840945562e-12,3739,96797
10,-4.85063840945562e-12,3739,96797
11,-4.85063840945562e-12,3739,96797
12,-4.85063840945562e-12,3739,96797
13,-4.85063840945562e-12,3739,96797
14,-4.85063840945562e-12,3739,96797
15,-4.85063840945562e-12,3739,96797
16,-4.85063840945562e-12,3739,96797
17,-29.5865347766138,3739,96797
18,-4.85063840945562e-12,3739,96797
19,-4.85063840945562e-12,3739,96797
20,-4.85063840945562e-12,3739,96797
21,-4.85063840945562e-12,3739,96797
22,-4.85063840945562e-12,3739,96797
23,-29.5865347766138,3739,96797
1,-2.18278728425503e-12,5982,96727
2,-2.18278728425503e-12,5982,96727
3,-2.18278728425503e-12,5982,96727
4,-2.18278728425503e-12,5982,96727
5,-2.18278728425503e-12,5982,96727
6,-23.5310239122011,5982,96727
7,-2.18278728425503e-12,5982,96727
8,-2.18278728425503e-12,5982,96727
9,-2.18278728425503e-12,5982,96727
10,-2.18278728425503e-12,5982,96727
11,-2.18278728425503e-12,5982,96727
12,-2.18278728425503e-12,5982,96727
13,-2.18278728425503e-12,5982,96727
14,-2.18278728425503e-12,5982,96727
15,-2.18278728425503e-12,5982,96727
16,-2.18278728425503e-12,5982,96727
17,-2.18278728425503e-12,5982,96727
18,-2.18278728425503e-12,5982,96727
19,-2.18278728425503e-12,5982,96727
20,-2.18278728425503e-12,5982,96727
21,-2.18278728425503e-12,5982,96727
22,-2.18278728425503e-12,5982,96727
23,-23.5310239670784,5982,96727
1,-1.94025536378225e-12,3745,96730
2,-1.94025536378225e-12,3745,96730
3,-1.94025536378225e-12,3745,96730
4,-1.94025536378225e-12,3745,96730
5,-1.94025536378225e-12,3745,96730
6,-25.4176179652733,3745,96730
7,-1.94025536378225e-12,3745,96730
8,-1.94025536378225e-12,3745,96730
9,-1.94025536378225e-12,3745,96730
10,-1.94025536378225e-12,3745,96730
11,-1.94025536378225e-12,3745,96730
12,-1.94025536378225e-12,3745,96730
13,-1.94025536378225e-12,3745,96730
14,-1.94025536378225e-12,3745,96730
15,-1.94025536378225e-12,3745,96730
16,-1.94025536378225e-12,3745,96730
17,-1.94025536378225e-12,3745,96730
18,-1.94025536378225e-12,3745,96730
19,-1.94025536378225e-12,3745,96730
20,-1.94025536378225e-12,3745,96730
21,-1.94025536378225e-12,3745,96730
22,-1.94025536378225e-12,3745,96730
23,-25.4176179652733,3745,96730
1,-3.8805107275645e-12,3760,96720
2,-3.8805107275645e-12,3760,96720
3,-3.8805107275645e-12,3760,96720
4,-3.8805107275645e-12,3760,96720
5,-3.8805107275645e-12,3760,96720
6,-3.8805107275645e-12,3760,96720
7,-3.8805107275645e-12,3760,96720
8,-3.8805107275645e-12,3760,96720
9,-3.8805107275645e-12,3760,96720
10,-3.8805107275645e-12,3760,96720
11,-3.8805107275645e-12,3760,96720
12,-3.8805107275645e-12,3760,96720
13,-3.8805107275645e-12,3760,96720
14,-21.8996368199378,3760,96720
15,-3.8805107275645e-12,3760,96720
16,-3.8805107275645e-12,3760,96720
17,-3.8805107275645e-12,3760,96720
18,-3.8805107275645e-12,3760,96720
19,-3.8805107275645e-12,3760,96720
20,-3.8805107275645e-12,3760,96720
21,-3.8805107275645e-12,3760,96720
22,-3.8805107275645e-12,3760,96720
23,-21.8996368199378,3760,96720
1,-5.33570225040118e-12,3763,96766
2,-5.33570225040118e-12,3763,96766
3,-5.33570225040118e-12,3763,96766
4,-5.33570225040118e-12,3763,96766
5,-5.33570225040118e-12,3763,96766
6,-32.9523284573199,3763,96766
7,-5.33570225040118e-12,3763,96766
8,-5.33570225040118e-12,3763,96766
9,-5.33570225040118e-12,3763,96766
10,-5.33570225040118e-12,3763,96766
11,-5.33570225040118e-12,3763,96766
12,-5.33570225040118e-12,3763,96766
13,-5.33570225040118e-12,3763,96766
14,-5.33570225040118e-12,3763,96766
15,-5.33570225040118e-12,3763,96766
16,-5.33570225040118e-12,3763,96766
17,-5.33570225040118e-12,3763,96766
18,-5.33570225040118e-12,3763,96766
19,-5.33570225040118e-12,3763,96766
20,-5.33570225040118e-12,3763,96766
21,-5.33570225040118e-12,3763,96766
22,-5.33570225040118e-12,3763,96766
23,-32.9523284580447,3763,96766
1,-7.76102145512899e-12,3765,96789
2,-7.76102145512899e-12,3765,96789
3,-7.76102145512899e-12,3765,96789
4,-7.76102145512899e-12,3765,96789
5,-7.76102145512899e-12,3765,96789
6,-7.76102145512899e-12,3765,96789
7,-7.76102145512899e-12,3765,96789
8,-7.76102145512899e-12,3765,96789
9,-7.76102145512899e-12,3765,96789
10,-7.76102145512899e-12,3765,96789
11,-7.76102145512899e-12,3765,96789
12,-7.76102145512899e-12,3765,96789
13,-7.76102145512899e-12,3765,96789
14,-32.3529681620057,3765,96789
15,-7.76102145512899e-12,3765,96789
16,-7.76102145512899e-12,3765,96789
17,-7.76102145512899e-12,3765,96789
18,-7.76102145512899e-12,3765,96789
19,-7.76102145512899e-12,3765,96789
20,-7.76102145512899e-12,3765,96789
21,-7.76102145512899e-12,3765,96789
22,-7.76102145512899e-12,3765,96789
23,-32.3529681620057,3765,96789
1,-2.42531920472781e-12,3771,96746
2,-2.42531920472781e-12,3771,96746
3,-2.42531920472781e-12,3771,96746
4,-2.42531920472781e-12,3771,96746
5,-2.42531920472781e-12,3771,96746
6,-2.42531920472781e-12,3771,96746
7,-2.42531920472781e-12,3771,96746
8,-2.42531920472781e-12,3771,96746
9,-2.42531920472781e-12,3771,96746
10,-2.42531920472781e-12,3771,96746
11,-27.5090559640007,3771,96746
12,-2.42531920472781e-12,3771,96746
13,-2.42531920472781e-12,3771,96746
14,-2.42531920472781e-12,3771,96746
15,-2.42531920472781e-12,3771,96746
16,-2.42531920472781e-12,3771,96746
17,-2.42531920472781e-12,3771,96746
18,-2.42531920472781e-12,3771,96746
19,-2.42531920472781e-12,3771,96746
20,-2.42531920472781e-12,3771,96746
21,-2.42531920472781e-12,3771,96746
22,-2.42531920472781e-12,3771,96746
23,-27.5090559640007,3771,96746
1,-5.33570225040118e-12,3778,96741
2,-5.33570225040118e-12,3778,96741
3,-5.33570225040118e-12,3778,96741
4,-5.33570225040118e-12,3778,96741
5,-5.33570225040118e-12,3778,96741
6,-5.33570225040118e-12,3778,96741
7,-5.33570225040118e-12,3778,96741
8,-5.33570225040118e-12,3778,96741
9,-5.33570225040118e-12,3778,96741
10,-5.33570225040118e-12,3778,96741
11,-5.33570225040118e-12,3778,96741
12,-5.33570225040118e-12,3778,96741
13,-5.33570225040118e-12,3778,96741
14,-24.3862026807498,3778,96741
15,-5.33570225040118e-12,3778,96741
16,-5.33570225040118e-12,3778,96741
17,-5.33570225040118e-12,3778,96741
18,-5.33570225040118e-12,3778,96741
19,-5.33570225040118e-12,3778,96741
20,-5.33570225040118e-12,3778,96741
21,-5.33570225040118e-12,3778,96741
22,-5.33570225040118e-12,3778,96741
23,-24.3862026807498,3778,96741
1,1.69772344330947e-12,3784,96766
2,1.69772344330947e-12,3784,96766
3,1.69772344330947e-12,3784,96766
4,1.69772344330947e-12,3784,96766
5,1.69772344330947e-12,3784,96766
6,1.69772344330947e-12,3784,96766
7,1.69772344330947e-12,3784,96766
8,1.69772344330947e-12,3784,96766
9,1.69772344330947e-12,3784,96766
10,1.69772344330947e-12,3784,96766
11,1.69772344330947e-12,3784,96766
12,1.69772344330947e-12,3784,96766
13,1.69772344330947e-12,3784,96766
14,-22.4182558588608,3784,96766
15,1.69772344330947e-12,3784,96766
16,1.69772344330947e-12,3784,96766
17,1.69772344330947e-12,3784,96766
18,1.69772344330947e-12,3784,96766
19,1.69772344330947e-12,3784,96766
20,1.69772344330947e-12,3784,96766
21,1.69772344330947e-12,3784,96766
22,1.69772344330947e-12,3784,96766
23,-22.4182558588608,3784,96766
1,4.36557456851005e-12,5995,96741
2,4.36557456851005e-12,5995,96741
3,4.36557456851005e-12,5995,96741
4,4.36557456851005e-12,5995,96741
5,4.36557456851005e-12,5995,96741
6,4.36557456851005e-12,5995,96741
7,4.36557456851005e-12,5995,96741
8,4.36557456851005e-12,5995,96741
9,4.36557456851005e-12,5995,96741
10,4.36557456851005e-12,5995,96741
11,4.36557456851005e-12,5995,96741
12,4.36557456851005e-12,5995,96741
13,4.36557456851005e-12,5995,96741
14,-20.7208124952362,5995,96741
15,4.36557456851005e-12,5995,96741
16,4.36557456851005e-12,5995,96741
17,4.36557456851005e-12,5995,96741
18,4.36557456851005e-12,5995,96741
19,4.36557456851005e-12,5995,96741
20,4.36557456851005e-12,5995,96741
21,4.36557456851005e-12,5995,96741
22,4.36557456851005e-12,5995,96741
23,-20.7208124952362,5995,96741
1,-2.42531920472781e-13,3810,96744
2,-2.42531920472781e-13,3810,96744
3,-2.42531920472781e-13,3810,96744
4,-2.42531920472781e-13,3810,96744
5,-2.42531920472781e-13,3810,96744
6,-2.42531920472781e-13,3810,96744
7,-2.42531920472781e-13,3810,96744
8,-153.673885751098,3810,96744
9,-2.42531920472781e-13,3810,96744
10,-2.42531920472781e-13,3810,96744
11,-2.42531920472781e-13,3810,96744
12,-2.42531920472781e-13,3810,96744
13,-2.42531920472781e-13,3810,96744
14,-2.42531920472781e-13,3810,96744
15,-2.42531920472781e-13,3810,96744
16,-2.42531920472781e-13,3810,96744
17,-2.42531920472781e-13,3810,96744
18,-2.42531920472781e-13,3810,96744
19,-2.42531920472781e-13,3810,96744
20,-2.42531920472781e-13,3810,96744
21,-2.42531920472781e-13,3810,96744
22,-2.42531920472781e-13,3810,96744
23,-153.673885751098,3810,96744
1,-2.18278728425503e-12,5998,96815
2,-2.18278728425503e-12,5998,96815
3,-2.18278728425503e-12,5998,96815
4,-2.18278728425503e-12,5998,96815
5,-2.18278728425503e-12,5998,96815
6,-2.18278728425503e-12,5998,96815
7,-2.18278728425503e-12,5998,96815
8,-2.18278728425503e-12,5998,96815
9,-2.18278728425503e-12,5998,96815
10,-2.18278728425503e-12,5998,96815
11,-2.18278728425503e-12,5998,96815
12,-2.18278728425503e-12,5998,96815
13,-2.18278728425503e-12,5998,96815
14,-2.18278728425503e-12,5998,96815
15,-19.7688136857063,5998,96815
16,-2.18278728425503e-12,5998,96815
17,-2.18278728425503e-12,5998,96815
18,-2.18278728425503e-12,5998,96815
19,-2.18278728425503e-12,5998,96815
20,-2.18278728425503e-12,5998,96815
21,-2.18278728425503e-12,5998,96815
22,-2.18278728425503e-12,5998,96815
23,-19.7688137066948,5998,96815
1,1.45519152283669e-12,3816,96822
2,1.45519152283669e-12,3816,96822
3,1.45519152283669e-12,3816,96822
4,1.45519152283669e-12,3816,96822
5,1.45519152283669e-12,3816,96822
6,1.45519152283669e-12,3816,96822
7,1.45519152283669e-12,3816,96822
8,1.45519152283669e-12,3816,96822
9,1.45519152283669e-12,3816,96822
10,1.45519152283669e-12,3816,96822
11,-117.297601251617,3816,96822
12,1.45519152283669e-12,3816,96822
13,1.45519152283669e-12,3816,96822
14,1.45519152283669e-12,3816,96822
15,1.45519152283669e-12,3816,96822
16,1.45519152283669e-12,3816,96822
17,1.45519152283669e-12,3816,96822
18,1.45519152283669e-12,3816,96822
19,1.45519152283669e-12,3816,96822
20,1.45519152283669e-12,3816,96822
21,-128.938407036411,3816,96822
22,1.45519152283669e-12,3816,96822
23,-247.488337095273,3816,96822
1,5.82076609134675e-12,3817,96744
2,5.82076609134675e-12,3817,96744
3,5.82076609134675e-12,3817,96744
4,5.82076609134675e-12,3817,96744
5,5.82076609134675e-12,3817,96744
6,5.82076609134675e-12,3817,96744
7,5.82076609134675e-12,3817,96744
8,5.82076609134675e-12,3817,96744
9,5.82076609134675e-12,3817,96744
10,5.82076609134675e-12,3817,96744
11,5.82076609134675e-12,3817,96744
12,5.82076609134675e-12,3817,96744
13,5.82076609134675e-12,3817,96744
14,5.82076609134675e-12,3817,96744
15,5.82076609134675e-12,3817,96744
16,5.82076609134675e-12,3817,96744
17,5.82076609134675e-12,3817,96744
18,5.82076609134675e-12,3817,96744
19,5.82076609134675e-12,3817,96744
20,5.82076609134675e-12,3817,96744
21,-15.9075988659863,3817,96744
22,5.82076609134675e-12,3817,96744
23,-15.9075988659863,3817,96744
1,-9.21621297796568e-12,3819,96707
2,-9.21621297796568e-12,3819,96707
3,-9.21621297796568e-12,3819,96707
4,-9.21621297796568e-12,3819,96707
5,-9.21621297796568e-12,3819,96707
6,-9.21621297796568e-12,3819,96707
7,-9.21621297796568e-12,3819,96707
8,-9.21621297796568e-12,3819,96707
9,-9.21621297796568e-12,3819,96707
10,-9.21621297796568e-12,3819,96707
11,-9.21621297796568e-12,3819,96707
12,-9.21621297796568e-12,3819,96707
13,-9.21621297796568e-12,3819,96707
14,-9.21621297796568e-12,3819,96707
15,-124.892351334742,3819,96707
16,-9.21621297796568e-12,3819,96707
17,-9.21621297796568e-12,3819,96707
18,-9.21621297796568e-12,3819,96707
19,-9.21621297796568e-12,3819,96707
20,-9.21621297796568e-12,3819,96707
21,-9.21621297796568e-12,3819,96707
22,-9.21621297796568e-12,3819,96707
23,-124.892351355255,3819,96707
1,-4.36557456851005e-12,5999,96818
2,-4.36557456851005e-12,5999,96818
3,-4.36557456851005e-12,5999,96818
4,-4.36557456851005e-12,5999,96818
5,-4.36557456851005e-12,5999,96818
6,-4.36557456851005e-12,5999,96818
7,-35.4752969841798,5999,96818
8,-4.36557456851005e-12,5999,96818
9,-4.36557456851005e-12,5999,96818
10,-4.36557456851005e-12,5999,96818
11,-4.36557456851005e-12,5999,96818
12,-4.36557456851005e-12,5999,96818
13,-4.36557456851005e-12,5999,96818
14,-4.36557456851005e-12,5999,96818
15,-4.36557456851005e-12,5999,96818
16,-4.36557456851005e-12,5999,96818
17,-4.36557456851005e-12,5999,96818
18,-4.36557456851005e-12,5999,96818
19,-4.36557456851005e-12,5999,96818
20,-4.36557456851005e-12,5999,96818
21,-4.36557456851005e-12,5999,96818
22,-4.36557456851005e-12,5999,96818
23,-35.4752969841798,5999,96818
1,1.94025536378225e-12,3829,96818
2,1.94025536378225e-12,3829,96818
3,1.94025536378225e-12,3829,96818
4,1.94025536378225e-12,3829,96818
5,1.94025536378225e-12,3829,96818
6,1.94025536378225e-12,3829,96818
7,1.94025536378225e-12,3829,96818
8,1.94025536378225e-12,3829,96818
9,1.94025536378225e-12,3829,96818
10,1.94025536378225e-12,3829,96818
11,-18.6552433778695,3829,96818
12,1.94025536378225e-12,3829,96818
13,1.94025536378225e-12,3829,96818
14,1.94025536378225e-12,3829,96818
15,1.94025536378225e-12,3829,96818
16,1.94025536378225e-12,3829,96818
17,1.94025536378225e-12,3829,96818
18,1.94025536378225e-12,3829,96818
19,1.94025536378225e-12,3829,96818
20,1.94025536378225e-12,3829,96818
21,1.94025536378225e-12,3829,96818
22,1.94025536378225e-12,3829,96818
23,-18.6552433793064,3829,96818
1,-1.45519152283669e-12,3767,96746
2,-1.45519152283669e-12,3767,96746
3,-1.45519152283669e-12,3767,96746
4,-1.45519152283669e-12,3767,96746
5,-1.45519152283669e-12,3767,96746
6,-1.45519152283669e-12,3767,96746
7,-1.45519152283669e-12,3767,96746
8,-1.45519152283669e-12,3767,96746
9,-1.45519152283669e-12,3767,96746
10,-1.45519152283669e-12,3767,96746
11,-1.45519152283669e-12,3767,96746
12,-1.45519152283669e-12,3767,96746
13,-1.45519152283669e-12,3767,96746
14,-23.3204841501589,3767,96746
15,-1.45519152283669e-12,3767,96746
16,-1.45519152283669e-12,3767,96746
17,-1.45519152283669e-12,3767,96746
18,-1.45519152283669e-12,3767,96746
19,-1.45519152283669e-12,3767,96746
20,-1.45519152283669e-12,3767,96746
21,-1.45519152283669e-12,3767,96746
22,-1.45519152283669e-12,3767,96746
23,-23.3204841501589,3767,96746
1,-8.24608529607455e-12,3834,96822
2,-8.24608529607455e-12,3834,96822
3,-8.24608529607455e-12,3834,96822
4,-8.24608529607455e-12,3834,96822
5,-8.24608529607455e-12,3834,96822
6,-8.24608529607455e-12,3834,96822
7,-8.24608529607455e-12,3834,96822
8,-8.24608529607455e-12,3834,96822
9,-8.24608529607455e-12,3834,96822
10,-8.24608529607455e-12,3834,96822
11,-8.24608529607455e-12,3834,96822
12,-8.24608529607455e-12,3834,96822
13,-12.1603593520752,3834,96822
14,-8.24608529607455e-12,3834,96822
15,-8.24608529607455e-12,3834,96822
16,-8.24608529607455e-12,3834,96822
17,-8.24608529607455e-12,3834,96822
18,-8.24608529607455e-12,3834,96822
19,-8.24608529607455e-12,3834,96822
20,-8.24608529607455e-12,3834,96822
21,-8.24608529607455e-12,3834,96822
22,-8.24608529607455e-12,3834,96822
23,-12.1603593520752,3834,96822
1,-6.79089377323786e-12,3840,96744
2,-6.79089377323786e-12,3840,96744
3,-6.79089377323786e-12,3840,96744
4,-6.79089377323786e-12,3840,96744
5,-6.79089377323786e-12,3840,96744
6,-6.79089377323786e-12,3840,96744
7,-6.79089377323786e-12,3840,96744
8,-18.2242604128679,3840,96744
9,-6.79089377323786e-12,3840,96744
10,-6.79089377323786e-12,3840,96744
11,-6.79089377323786e-12,3840,96744
12,-6.79089377323786e-12,3840,96744
13,-6.79089377323786e-12,3840,96744
14,-6.79089377323786e-12,3840,96744
15,-6.79089377323786e-12,3840,96744
16,-6.79089377323786e-12,3840,96744
17,-6.79089377323786e-12,3840,96744
18,-6.79089377323786e-12,3840,96744
19,-6.79089377323786e-12,3840,96744
20,-6.79089377323786e-12,3840,96744
21,-6.79089377323786e-12,3840,96744
22,-6.79089377323786e-12,3840,96744
23,-18.2242604128679,3840,96744
1,-6.3058299322923e-12,3844,96822
2,-6.3058299322923e-12,3844,96822
3,-6.3058299322923e-12,3844,96822
4,-6.3058299322923e-12,3844,96822
5,-6.3058299322923e-12,3844,96822
6,-6.3058299322923e-12,3844,96822
7,-6.3058299322923e-12,3844,96822
8,-6.3058299322923e-12,3844,96822
9,-6.3058299322923e-12,3844,96822
10,-6.3058299322923e-12,3844,96822
11,-6.3058299322923e-12,3844,96822
12,-6.3058299322923e-12,3844,96822
13,-6.3058299322923e-12,3844,96822
14,-23.1626328034887,3844,96822
15,-6.3058299322923e-12,3844,96822
16,-6.3058299322923e-12,3844,96822
17,-6.3058299322923e-12,3844,96822
18,-6.3058299322923e-12,3844,96822
19,-6.3058299322923e-12,3844,96822
20,-6.3058299322923e-12,3844,96822
21,-6.3058299322923e-12,3844,96822
22,-6.3058299322923e-12,3844,96822
23,-23.1626328034887,3844,96822
1,-1.40668513874213e-11,3849,96740
2,-1.40668513874213e-11,3849,96740
3,-1.40668513874213e-11,3849,96740
4,-1.40668513874213e-11,3849,96740
5,-1.40668513874213e-11,3849,96740
6,-1.40668513874213e-11,3849,96740
7,-1.40668513874213e-11,3849,96740
8,-1.40668513874213e-11,3849,96740
9,-1.40668513874213e-11,3849,96740
10,-1.40668513874213e-11,3849,96740
11,-1.40668513874213e-11,3849,96740
12,-1.40668513874213e-11,3849,96740
13,-1.40668513874213e-11,3849,96740
14,-1.40668513874213e-11,3849,96740
15,-1.40668513874213e-11,3849,96740
16,-1.40668513874213e-11,3849,96740
17,-20.8709565566135,3849,96740
18,-1.40668513874213e-11,3849,96740
19,-1.40668513874213e-11,3849,96740
20,-1.40668513874213e-11,3849,96740
21,-1.40668513874213e-11,3849,96740
22,-1.40668513874213e-11,3849,96740
23,-20.8709565593284,3849,96740
1,-1.5522042910258e-11,3850,96822
2,-1.5522042910258e-11,3850,96822
3,-1.5522042910258e-11,3850,96822
4,-1.5522042910258e-11,3850,96822
5,-1.5522042910258e-11,3850,96822
6,-1.5522042910258e-11,3850,96822
7,-1.5522042910258e-11,3850,96822
8,-31.0475166088001,3850,96822
9,-1.5522042910258e-11,3850,96822
10,-1.5522042910258e-11,3850,96822
11,-1.5522042910258e-11,3850,96822
12,-1.5522042910258e-11,3850,96822
13,-1.5522042910258e-11,3850,96822
14,-1.5522042910258e-11,3850,96822
15,-1.5522042910258e-11,3850,96822
16,-1.5522042910258e-11,3850,96822
17,-1.5522042910258e-11,3850,96822
18,-1.5522042910258e-11,3850,96822
19,-1.5522042910258e-11,3850,96822
20,-1.5522042910258e-11,3850,96822
21,-1.5522042910258e-11,3850,96822
22,-1.5522042910258e-11,3850,96822
23,-31.0475166170218,3850,96822
1,-1.40668513874213e-11,3851,96703
2,-1.40668513874213e-11,3851,96703
3,-1.40668513874213e-11,3851,96703
4,-1.40668513874213e-11,3851,96703
5,-1.40668513874213e-11,3851,96703
6,-1.40668513874213e-11,3851,96703
7,-1.40668513874213e-11,3851,96703
8,-1.40668513874213e-11,3851,96703
9,-1.40668513874213e-11,3851,96703
10,-1.40668513874213e-11,3851,96703
11,-1.40668513874213e-11,3851,96703
12,-1.40668513874213e-11,3851,96703
13,-13.8877237360255,3851,96703
14,-1.40668513874213e-11,3851,96703
15,-1.40668513874213e-11,3851,96703
16,-1.40668513874213e-11,3851,96703
17,-1.40668513874213e-11,3851,96703
18,-1.40668513874213e-11,3851,96703
19,-1.40668513874213e-11,3851,96703
20,-1.40668513874213e-11,3851,96703
21,-1.40668513874213e-11,3851,96703
22,-1.40668513874213e-11,3851,96703
23,-13.8877237360255,3851,96703
1,8.24608529607455e-12,3853,96712
2,8.24608529607455e-12,3853,96712
3,8.24608529607455e-12,3853,96712
4,8.24608529607455e-12,3853,96712
5,8.24608529607455e-12,3853,96712
6,8.24608529607455e-12,3853,96712
7,8.24608529607455e-12,3853,96712
8,8.24608529607455e-12,3853,96712
9,8.24608529607455e-12,3853,96712
10,8.24608529607455e-12,3853,96712
11,8.24608529607455e-12,3853,96712
12,8.24608529607455e-12,3853,96712
13,8.24608529607455e-12,3853,96712
14,-100.529930062696,3853,96712
15,8.24608529607455e-12,3853,96712
16,8.24608529607455e-12,3853,96712
17,8.24608529607455e-12,3853,96712
18,8.24608529607455e-12,3853,96712
19,8.24608529607455e-12,3853,96712
20,8.24608529607455e-12,3853,96712
21,8.24608529607455e-12,3853,96712
22,8.24608529607455e-12,3853,96712
23,-100.529930062696,3853,96712
1,-1.5522042910258e-11,3855,96789
2,-1.5522042910258e-11,3855,96789
3,-1.5522042910258e-11,3855,96789
4,-1.5522042910258e-11,3855,96789
5,-1.5522042910258e-11,3855,96789
6,-1.5522042910258e-11,3855,96789
7,-1.5522042910258e-11,3855,96789
8,-1.5522042910258e-11,3855,96789
9,-1.5522042910258e-11,3855,96789
10,-1.5522042910258e-11,3855,96789
11,-1.5522042910258e-11,3855,96789
12,-1.5522042910258e-11,3855,96789
13,-1.5522042910258e-11,3855,96789
14,-141.292265129336,3855,96789
15,-1.5522042910258e-11,3855,96789
16,-1.5522042910258e-11,3855,96789
17,-1.5522042910258e-11,3855,96789
18,-1.5522042910258e-11,3855,96789
19,-1.5522042910258e-11,3855,96789
20,-1.5522042910258e-11,3855,96789
21,-1.5522042910258e-11,3855,96789
22,-1.5522042910258e-11,3855,96789
23,-141.292265131413,3855,96789
1,3.63797880709171e-12,3863,96746
2,3.63797880709171e-12,3863,96746
3,3.63797880709171e-12,3863,96746
4,3.63797880709171e-12,3863,96746
5,3.63797880709171e-12,3863,96746
6,3.63797880709171e-12,3863,96746
7,3.63797880709171e-12,3863,96746
8,3.63797880709171e-12,3863,96746
9,3.63797880709171e-12,3863,96746
10,3.63797880709171e-12,3863,96746
11,3.63797880709171e-12,3863,96746
12,3.63797880709171e-12,3863,96746
13,3.63797880709171e-12,3863,96746
14,3.63797880709171e-12,3863,96746
15,3.63797880709171e-12,3863,96746
16,3.63797880709171e-12,3863,96746
17,3.63797880709171e-12,3863,96746
18,3.63797880709171e-12,3863,96746
19,3.63797880709171e-12,3863,96746
20,-28.576567111331,3863,96746
21,3.63797880709171e-12,3863,96746
22,3.63797880709171e-12,3863,96746
23,-28.576567111331,3863,96746
1,-4.85063840945562e-12,3872,96734
2,-4.85063840945562e-12,3872,96734
3,-4.85063840945562e-12,3872,96734
4,-4.85063840945562e-12,3872,96734
5,-4.85063840945562e-12,3872,96734
6,-121.371508981623,3872,96734
7,-4.85063840945562e-12,3872,96734
8,-4.85063840945562e-12,3872,96734
9,-4.85063840945562e-12,3872,96734
10,-4.85063840945562e-12,3872,96734
11,-4.85063840945562e-12,3872,96734
12,-4.85063840945562e-12,3872,96734
13,-4.85063840945562e-12,3872,96734
14,-4.85063840945562e-12,3872,96734
15,-4.85063840945562e-12,3872,96734
16,-4.85063840945562e-12,3872,96734
17,-4.85063840945562e-12,3872,96734
18,-4.85063840945562e-12,3872,96734
19,-4.85063840945562e-12,3872,96734
20,-4.85063840945562e-12,3872,96734
21,-4.85063840945562e-12,3872,96734
22,-4.85063840945562e-12,3872,96734
23,-121.371508981623,3872,96734
1,-2.42531920472781e-12,6013,96740
2,-2.42531920472781e-12,6013,96740
3,-2.42531920472781e-12,6013,96740
4,-2.42531920472781e-12,6013,96740
5,-2.42531920472781e-12,6013,96740
6,-2.42531920472781e-12,6013,96740
7,-2.42531920472781e-12,6013,96740
8,-2.42531920472781e-12,6013,96740
9,-2.42531920472781e-12,6013,96740
10,-2.42531920472781e-12,6013,96740
11,-2.42531920472781e-12,6013,96740
12,-2.42531920472781e-12,6013,96740
13,-2.42531920472781e-12,6013,96740
14,-29.4324645539135,6013,96740
15,-2.42531920472781e-12,6013,96740
16,-2.42531920472781e-12,6013,96740
17,-2.42531920472781e-12,6013,96740
18,-2.42531920472781e-12,6013,96740
19,-2.42531920472781e-12,6013,96740
20,-2.42531920472781e-12,6013,96740
21,-2.42531920472781e-12,6013,96740
22,-2.42531920472781e-12,6013,96740
23,-29.4324645539135,6013,96740
1,-1.45519152283669e-12,6015,96819
2,-1.45519152283669e-12,6015,96819
3,-1.45519152283669e-12,6015,96819
4,-1.45519152283669e-12,6015,96819
5,-1.45519152283669e-12,6015,96819
6,-1.45519152283669e-12,6015,96819
7,-1.45519152283669e-12,6015,96819
8,-1.45519152283669e-12,6015,96819
9,-1.45519152283669e-12,6015,96819
10,-1.45519152283669e-12,6015,96819
11,-1.45519152283669e-12,6015,96819
12,-1.45519152283669e-12,6015,96819
13,-1.45519152283669e-12,6015,96819
14,-1.45519152283669e-12,6015,96819
15,-1.45519152283669e-12,6015,96819
16,-1.45519152283669e-12,6015,96819
17,-1.45519152283669e-12,6015,96819
18,-1.45519152283669e-12,6015,96819
19,-1.45519152283669e-12,6015,96819
20,-24.6794445195953,6015,96819
21,-1.45519152283669e-12,6015,96819
22,-1.45519152283669e-12,6015,96819
23,-24.6794445195953,6015,96819
1,-1.74622982740402e-11,3880,96765
2,-1.74622982740402e-11,3880,96765
3,-1.74622982740402e-11,3880,96765
4,-1.74622982740402e-11,3880,96765
5,-1.74622982740402e-11,3880,96765
6,-1.74622982740402e-11,3880,96765
7,-1.74622982740402e-11,3880,96765
8,-1.74622982740402e-11,3880,96765
9,-1.74622982740402e-11,3880,96765
10,-1.74622982740402e-11,3880,96765
11,-1.74622982740402e-11,3880,96765
12,-1.74622982740402e-11,3880,96765
13,-1.74622982740402e-11,3880,96765
14,-259.439530841814,3880,96765
15,-1.74622982740402e-11,3880,96765
16,-1.74622982740402e-11,3880,96765
17,-1.74622982740402e-11,3880,96765
18,-1.74622982740402e-11,3880,96765
19,-1.74622982740402e-11,3880,96765
20,-1.74622982740402e-11,3880,96765
21,-1.74622982740402e-11,3880,96765
22,-1.74622982740402e-11,3880,96765
23,-259.439530841814,3880,96765
1,-91.5587355172064,3883,96754
2,-2.42531920472781e-12,3883,96754
3,-2.42531920472781e-12,3883,96754
4,-2.42531920472781e-12,3883,96754
5,-2.42531920472781e-12,3883,96754
6,-2.42531920472781e-12,3883,96754
7,-2.42531920472781e-12,3883,96754
8,-2.42531920472781e-12,3883,96754
9,-2.42531920472781e-12,3883,96754
10,-2.42531920472781e-12,3883,96754
11,-2.42531920472781e-12,3883,96754
12,-2.42531920472781e-12,3883,96754
13,-2.42531920472781e-12,3883,96754
14,-2.42531920472781e-12,3883,96754
15,-2.42531920472781e-12,3883,96754
16,-2.42531920472781e-12,3883,96754
17,-2.42531920472781e-12,3883,96754
18,-2.42531920472781e-12,3883,96754
19,-2.42531920472781e-12,3883,96754
20,-2.42531920472781e-12,3883,96754
21,-2.42531920472781e-12,3883,96754
22,-2.42531920472781e-12,3883,96754
23,-91.558735585291,3883,96754
1,4.85063840945562e-12,6020,96746
2,4.85063840945562e-12,6020,96746
3,4.85063840945562e-12,6020,96746
4,4.85063840945562e-12,6020,96746
5,4.85063840945562e-12,6020,96746
6,4.85063840945562e-12,6020,96746
7,4.85063840945562e-12,6020,96746
8,4.85063840945562e-12,6020,96746
9,4.85063840945562e-12,6020,96746
10,4.85063840945562e-12,6020,96746
11,4.85063840945562e-12,6020,96746
12,4.85063840945562e-12,6020,96746
13,4.85063840945562e-12,6020,96746
14,4.85063840945562e-12,6020,96746
15,-22.1443091476719,6020,96746
16,4.85063840945562e-12,6020,96746
17,4.85063840945562e-12,6020,96746
18,4.85063840945562e-12,6020,96746
19,4.85063840945562e-12,6020,96746
20,4.85063840945562e-12,6020,96746
21,4.85063840945562e-12,6020,96746
22,4.85063840945562e-12,6020,96746
23,-22.1443091476719,6020,96746
1,-5.33570225040118e-12,6021,96818
2,-29.9248549873043,6021,96818
3,-5.33570225040118e-12,6021,96818
4,-5.33570225040118e-12,6021,96818
5,-5.33570225040118e-12,6021,96818
6,-5.33570225040118e-12,6021,96818
7,-5.33570225040118e-12,6021,96818
8,-5.33570225040118e-12,6021,96818
9,-5.33570225040118e-12,6021,96818
10,-5.33570225040118e-12,6021,96818
11,-5.33570225040118e-12,6021,96818
12,-5.33570225040118e-12,6021,96818
13,-5.33570225040118e-12,6021,96818
14,-5.33570225040118e-12,6021,96818
15,-5.33570225040118e-12,6021,96818
16,-5.33570225040118e-12,6021,96818
17,-5.33570225040118e-12,6021,96818
18,-5.33570225040118e-12,6021,96818
19,-5.33570225040118e-12,6021,96818
20,-5.33570225040118e-12,6021,96818
21,-5.33570225040118e-12,6021,96818
22,-5.33570225040118e-12,6021,96818
23,-29.9248549873043,6021,96818
1,-4.85063840945562e-12,3893,96701
2,-4.85063840945562e-12,3893,96701
3,-4.85063840945562e-12,3893,96701
4,-4.85063840945562e-12,3893,96701
5,-4.85063840945562e-12,3893,96701
6,-4.85063840945562e-12,3893,96701
7,-4.85063840945562e-12,3893,96701
8,-16.2113534092501,3893,96701
9,-4.85063840945562e-12,3893,96701
10,-4.85063840945562e-12,3893,96701
11,-4.85063840945562e-12,3893,96701
12,-4.85063840945562e-12,3893,96701
13,-4.85063840945562e-12,3893,96701
14,-4.85063840945562e-12,3893,96701
15,-4.85063840945562e-12,3893,96701
16,-4.85063840945562e-12,3893,96701
17,-4.85063840945562e-12,3893,96701
18,-4.85063840945562e-12,3893,96701
19,-4.85063840945562e-12,3893,96701
20,-4.85063840945562e-12,3893,96701
21,-4.85063840945562e-12,3893,96701
22,-4.85063840945562e-12,3893,96701
23,-16.2113534092501,3893,96701
1,-7.27595761418343e-12,3897,96734
2,-7.27595761418343e-12,3897,96734
3,-7.27595761418343e-12,3897,96734
4,-7.27595761418343e-12,3897,96734
5,-7.27595761418343e-12,3897,96734
6,-7.27595761418343e-12,3897,96734
7,-7.27595761418343e-12,3897,96734
8,-7.27595761418343e-12,3897,96734
9,-7.27595761418343e-12,3897,96734
10,-7.27595761418343e-12,3897,96734
11,-7.27595761418343e-12,3897,96734
12,-7.27595761418343e-12,3897,96734
13,-7.27595761418343e-12,3897,96734
14,-23.8902157663159,3897,96734
15,-7.27595761418343e-12,3897,96734
16,-7.27595761418343e-12,3897,96734
17,-7.27595761418343e-12,3897,96734
18,-7.27595761418343e-12,3897,96734
19,-7.27595761418343e-12,3897,96734
20,-7.27595761418343e-12,3897,96734
21,-7.27595761418343e-12,3897,96734
22,-7.27595761418343e-12,3897,96734
23,-23.8902157663159,3897,96734
1,-3.15291496614615e-12,3899,96722
2,-3.15291496614615e-12,3899,96722
3,-3.15291496614615e-12,3899,96722
4,-3.15291496614615e-12,3899,96722
5,-3.15291496614615e-12,3899,96722
6,-3.15291496614615e-12,3899,96722
7,-3.15291496614615e-12,3899,96722
8,-3.15291496614615e-12,3899,96722
9,-3.15291496614615e-12,3899,96722
10,-4.59384794229821,3899,96722
11,-3.15291496614615e-12,3899,96722
12,-3.15291496614615e-12,3899,96722
13,-3.15291496614615e-12,3899,96722
14,-3.15291496614615e-12,3899,96722
15,-3.15291496614615e-12,3899,96722
16,-3.15291496614615e-12,3899,96722
17,-3.15291496614615e-12,3899,96722
18,-3.15291496614615e-12,3899,96722
19,-3.15291496614615e-12,3899,96722
20,-3.15291496614615e-12,3899,96722
21,-3.15291496614615e-12,3899,96722
22,-3.15291496614615e-12,3899,96722
23,-4.59384794229821,3899,96722
1,-1.01863406598568e-11,3904,96814
2,-1.01863406598568e-11,3904,96814
3,-1.01863406598568e-11,3904,96814
4,-1.01863406598568e-11,3904,96814
5,-1.01863406598568e-11,3904,96814
6,-1.01863406598568e-11,3904,96814
7,-1.01863406598568e-11,3904,96814
8,-1.01863406598568e-11,3904,96814
9,-1.01863406598568e-11,3904,96814
10,-1.01863406598568e-11,3904,96814
11,-1.01863406598568e-11,3904,96814
12,-1.01863406598568e-11,3904,96814
13,-1.01863406598568e-11,3904,96814
14,-33.9319532831966,3904,96814
15,-1.01863406598568e-11,3904,96814
16,-1.01863406598568e-11,3904,96814
17,-1.01863406598568e-11,3904,96814
18,-1.01863406598568e-11,3904,96814
19,-1.01863406598568e-11,3904,96814
20,-1.01863406598568e-11,3904,96814
21,-1.01863406598568e-11,3904,96814
22,-1.01863406598568e-11,3904,96814
23,-33.9319532831966,3904,96814
1,-4.12304264803728e-12,3912,96722
2,-4.12304264803728e-12,3912,96722
3,-4.12304264803728e-12,3912,96722
4,-4.12304264803728e-12,3912,96722
5,-4.12304264803728e-12,3912,96722
6,-4.12304264803728e-12,3912,96722
7,-32.7036949167802,3912,96722
8,-4.12304264803728e-12,3912,96722
9,-4.12304264803728e-12,3912,96722
10,-4.12304264803728e-12,3912,96722
11,-4.12304264803728e-12,3912,96722
12,-4.12304264803728e-12,3912,96722
13,-4.12304264803728e-12,3912,96722
14,-4.12304264803728e-12,3912,96722
15,-4.12304264803728e-12,3912,96722
16,-4.12304264803728e-12,3912,96722
17,-4.12304264803728e-12,3912,96722
18,-4.12304264803728e-12,3912,96722
19,-4.12304264803728e-12,3912,96722
20,-4.12304264803728e-12,3912,96722
21,-4.12304264803728e-12,3912,96722
22,-4.12304264803728e-12,3912,96722
23,-32.7036949167802,3912,96722
1,-1.01863406598568e-11,6030,96722
2,-1.01863406598568e-11,6030,96722
3,-1.01863406598568e-11,6030,96722
4,-1.01863406598568e-11,6030,96722
5,-1.01863406598568e-11,6030,96722
6,-1.01863406598568e-11,6030,96722
7,-1.01863406598568e-11,6030,96722
8,-1.01863406598568e-11,6030,96722
9,-1.01863406598568e-11,6030,96722
10,-1.01863406598568e-11,6030,96722
11,-1.01863406598568e-11,6030,96722
12,-1.01863406598568e-11,6030,96722
13,-1.01863406598568e-11,6030,96722
14,-1.01863406598568e-11,6030,96722
15,-14.7984198304689,6030,96722
16,-1.01863406598568e-11,6030,96722
17,-1.01863406598568e-11,6030,96722
18,-1.01863406598568e-11,6030,96722
19,-1.01863406598568e-11,6030,96722
20,-1.01863406598568e-11,6030,96722
21,-1.01863406598568e-11,6030,96722
22,-1.01863406598568e-11,6030,96722
23,-14.7984198304689,6030,96722
1,0,6032,96746
2,0,6032,96746
3,0,6032,96746
4,0,6032,96746
5,0,6032,96746
6,0,6032,96746
7,0,6032,96746
8,-28.5940649932493,6032,96746
9,0,6032,96746
10,0,6032,96746
11,0,6032,96746
12,0,6032,96746
13,0,6032,96746
14,0,6032,96746
15,0,6032,96746
16,0,6032,96746
17,0,6032,96746
18,0,6032,96746
19,0,6032,96746
20,0,6032,96746
21,0,6032,96746
22,0,6032,96746
23,-28.5940649932493,6032,96746
1,-4.85063840945568e-13,3932,96756
2,-4.85063840945568e-13,3932,96756
3,-4.85063840945568e-13,3932,96756
4,-4.85063840945568e-13,3932,96756
5,-4.85063840945568e-13,3932,96756
6,-4.85063840945568e-13,3932,96756
7,-4.85063840945568e-13,3932,96756
8,-4.85063840945568e-13,3932,96756
9,-4.85063840945568e-13,3932,96756
10,-4.85063840945568e-13,3932,96756
11,-4.85063840945568e-13,3932,96756
12,-4.85063840945568e-13,3932,96756
13,-4.85063840945568e-13,3932,96756
14,-116.174041652247,3932,96756
15,-4.85063840945568e-13,3932,96756
16,-4.85063840945568e-13,3932,96756
17,-4.85063840945568e-13,3932,96756
18,-4.85063840945568e-13,3932,96756
19,-4.85063840945568e-13,3932,96756
20,-4.85063840945568e-13,3932,96756
21,-4.85063840945568e-13,3932,96756
22,-4.85063840945568e-13,3932,96756
23,-116.174041652247,3932,96756
1,-1.89174897968769e-11,3950,96746
2,-1.89174897968769e-11,3950,96746
3,-1.89174897968769e-11,3950,96746
4,-1.89174897968769e-11,3950,96746
5,-1.89174897968769e-11,3950,96746
6,-1.89174897968769e-11,3950,96746
7,-1.89174897968769e-11,3950,96746
8,-1.89174897968769e-11,3950,96746
9,-1.89174897968769e-11,3950,96746
10,-1.89174897968769e-11,3950,96746
11,-1.89174897968769e-11,3950,96746
12,-1.89174897968769e-11,3950,96746
13,-14.5426372421415,3950,96746
14,-1.89174897968769e-11,3950,96746
15,-1.89174897968769e-11,3950,96746
16,-1.89174897968769e-11,3950,96746
17,-1.89174897968769e-11,3950,96746
18,-1.89174897968769e-11,3950,96746
19,-1.89174897968769e-11,3950,96746
20,-1.89174897968769e-11,3950,96746
21,-1.89174897968769e-11,3950,96746
22,-1.89174897968769e-11,3950,96746
23,-14.5426372421415,3950,96746
1,-4.85063840945561e-13,3951,96766
2,-4.85063840945561e-13,3951,96766
3,-4.85063840945561e-13,3951,96766
4,-4.85063840945561e-13,3951,96766
5,-4.85063840945561e-13,3951,96766
6,-4.85063840945561e-13,3951,96766
7,-4.85063840945561e-13,3951,96766
8,-18.5696515372692,3951,96766
9,-4.85063840945561e-13,3951,96766
10,-4.85063840945561e-13,3951,96766
11,-4.85063840945561e-13,3951,96766
12,-4.85063840945561e-13,3951,96766
13,-4.85063840945561e-13,3951,96766
14,-4.85063840945561e-13,3951,96766
15,-4.85063840945561e-13,3951,96766
16,-4.85063840945561e-13,3951,96766
17,-4.85063840945561e-13,3951,96766
18,-4.85063840945561e-13,3951,96766
19,-4.85063840945561e-13,3951,96766
20,-4.85063840945561e-13,3951,96766
21,-4.85063840945561e-13,3951,96766
22,-4.85063840945561e-13,3951,96766
23,-18.5696515372692,3951,96766
1,-3.8805107275645e-12,3953,96818
2,-3.8805107275645e-12,3953,96818
3,-3.8805107275645e-12,3953,96818
4,-3.8805107275645e-12,3953,96818
5,-3.8805107275645e-12,3953,96818
6,-24.081457430262,3953,96818
7,-3.8805107275645e-12,3953,96818
8,-3.8805107275645e-12,3953,96818
9,-3.8805107275645e-12,3953,96818
10,-3.8805107275645e-12,3953,96818
11,-3.8805107275645e-12,3953,96818
12,-3.8805107275645e-12,3953,96818
13,-3.8805107275645e-12,3953,96818
14,-3.8805107275645e-12,3953,96818
15,-3.8805107275645e-12,3953,96818
16,-3.8805107275645e-12,3953,96818
17,-3.8805107275645e-12,3953,96818
18,-3.8805107275645e-12,3953,96818
19,-3.8805107275645e-12,3953,96818
20,-3.8805107275645e-12,3953,96818
21,-3.8805107275645e-12,3953,96818
22,-3.8805107275645e-12,3953,96818
23,-24.081457430262,3953,96818
1,-7.51848953465621e-12,3973,96746
2,-7.51848953465621e-12,3973,96746
3,-7.51848953465621e-12,3973,96746
4,-7.51848953465621e-12,3973,96746
5,-7.51848953465621e-12,3973,96746
6,-7.51848953465621e-12,3973,96746
7,-7.51848953465621e-12,3973,96746
8,-7.51848953465621e-12,3973,96746
9,-7.51848953465621e-12,3973,96746
10,-7.51848953465621e-12,3973,96746
11,-7.51848953465621e-12,3973,96746
12,-7.51848953465621e-12,3973,96746
13,-7.51848953465621e-12,3973,96746
14,-21.3611675562444,3973,96746
15,-7.51848953465621e-12,3973,96746
16,-7.51848953465621e-12,3973,96746
17,-7.51848953465621e-12,3973,96746
18,-7.51848953465621e-12,3973,96746
19,-7.51848953465621e-12,3973,96746
20,-7.51848953465621e-12,3973,96746
21,-7.51848953465621e-12,3973,96746
22,-7.51848953465621e-12,3973,96746
23,-21.3611675562444,3973,96746
1,2.91038304567337e-12,3959,96712
2,2.91038304567337e-12,3959,96712
3,2.91038304567337e-12,3959,96712
4,2.91038304567337e-12,3959,96712
5,2.91038304567337e-12,3959,96712
6,2.91038304567337e-12,3959,96712
7,2.91038304567337e-12,3959,96712
8,2.91038304567337e-12,3959,96712
9,2.91038304567337e-12,3959,96712
10,2.91038304567337e-12,3959,96712
11,2.91038304567337e-12,3959,96712
12,2.91038304567337e-12,3959,96712
13,2.91038304567337e-12,3959,96712
14,2.91038304567337e-12,3959,96712
15,-31.4349058209293,3959,96712
16,2.91038304567337e-12,3959,96712
17,2.91038304567337e-12,3959,96712
18,2.91038304567337e-12,3959,96712
19,2.91038304567337e-12,3959,96712
20,2.91038304567337e-12,3959,96712
21,2.91038304567337e-12,3959,96712
22,2.91038304567337e-12,3959,96712
23,-31.4349058209293,3959,96712
1,-2.66785112520059e-12,3983,96813
2,-2.66785112520059e-12,3983,96813
3,-2.66785112520059e-12,3983,96813
4,-2.66785112520059e-12,3983,96813
5,-2.66785112520059e-12,3983,96813
6,-2.66785112520059e-12,3983,96813
7,-2.66785112520059e-12,3983,96813
8,-2.66785112520059e-12,3983,96813
9,-2.66785112520059e-12,3983,96813
10,-2.66785112520059e-12,3983,96813
11,-2.66785112520059e-12,3983,96813
12,-2.66785112520059e-12,3983,96813
13,-2.66785112520059e-12,3983,96813
14,-2.66785112520059e-12,3983,96813
15,-2.66785112520059e-12,3983,96813
16,-2.66785112520059e-12,3983,96813
17,-2.66785112520059e-12,3983,96813
18,-2.66785112520059e-12,3983,96813
19,-2.66785112520059e-12,3983,96813
20,-26.9839814238483,3983,96813
21,-2.66785112520059e-12,3983,96813
22,-2.66785112520059e-12,3983,96813
23,-26.9839814238483,3983,96813
1,6.3058299322923e-12,3991,96722
2,6.3058299322923e-12,3991,96722
3,6.3058299322923e-12,3991,96722
4,6.3058299322923e-12,3991,96722
5,6.3058299322923e-12,3991,96722
6,6.3058299322923e-12,3991,96722
7,6.3058299322923e-12,3991,96722
8,6.3058299322923e-12,3991,96722
9,6.3058299322923e-12,3991,96722
10,6.3058299322923e-12,3991,96722
11,6.3058299322923e-12,3991,96722
12,6.3058299322923e-12,3991,96722
13,6.3058299322923e-12,3991,96722
14,-95.1448890807495,3991,96722
15,6.3058299322923e-12,3991,96722
16,6.3058299322923e-12,3991,96722
17,6.3058299322923e-12,3991,96722
18,6.3058299322923e-12,3991,96722
19,6.3058299322923e-12,3991,96722
20,6.3058299322923e-12,3991,96722
21,6.3058299322923e-12,3991,96722
22,6.3058299322923e-12,3991,96722
23,-95.1448890807495,3991,96722
1,-4.85063840945562e-12,3992,96722
2,-4.85063840945562e-12,3992,96722
3,-4.85063840945562e-12,3992,96722
4,-4.85063840945562e-12,3992,96722
5,-4.85063840945562e-12,3992,96722
6,-4.85063840945562e-12,3992,96722
7,-4.85063840945562e-12,3992,96722
8,-16.2113534090641,3992,96722
9,-4.85063840945562e-12,3992,96722
10,-4.85063840945562e-12,3992,96722
11,-4.85063840945562e-12,3992,96722
12,-4.85063840945562e-12,3992,96722
13,-4.85063840945562e-12,3992,96722
14,-4.85063840945562e-12,3992,96722
15,-4.85063840945562e-12,3992,96722
16,-4.85063840945562e-12,3992,96722
17,-4.85063840945562e-12,3992,96722
18,-4.85063840945562e-12,3992,96722
19,-4.85063840945562e-12,3992,96722
20,-4.85063840945562e-12,3992,96722
21,-4.85063840945562e-12,3992,96722
22,-4.85063840945562e-12,3992,96722
23,-16.2113534092501,3992,96722
1,-7.76102145512899e-12,3995,96822
2,-7.76102145512899e-12,3995,96822
3,-7.76102145512899e-12,3995,96822
4,-7.76102145512899e-12,3995,96822
5,-7.76102145512899e-12,3995,96822
6,-7.76102145512899e-12,3995,96822
7,-7.76102145512899e-12,3995,96822
8,-7.76102145512899e-12,3995,96822
9,-7.76102145512899e-12,3995,96822
10,-7.76102145512899e-12,3995,96822
11,-7.76102145512899e-12,3995,96822
12,-7.76102145512899e-12,3995,96822
13,-7.76102145512899e-12,3995,96822
14,-7.76102145512899e-12,3995,96822
15,-7.76102145512899e-12,3995,96822
16,-7.76102145512899e-12,3995,96822
17,-65.1683115766848,3995,96822
18,-7.76102145512899e-12,3995,96822
19,-7.76102145512899e-12,3995,96822
20,-7.76102145512899e-12,3995,96822
21,-7.76102145512899e-12,3995,96822
22,-7.76102145512899e-12,3995,96822
23,-65.1683116014707,3995,96822
1,-2.66785112520059e-12,6048,96743
2,-2.66785112520059e-12,6048,96743
3,-2.66785112520059e-12,6048,96743
4,-2.66785112520059e-12,6048,96743
5,-2.66785112520059e-12,6048,96743
6,-2.66785112520059e-12,6048,96743
7,-2.66785112520059e-12,6048,96743
8,-2.66785112520059e-12,6048,96743
9,-2.66785112520059e-12,6048,96743
10,-2.66785112520059e-12,6048,96743
11,-16.3882293775684,6048,96743
12,-2.66785112520059e-12,6048,96743
13,-2.66785112520059e-12,6048,96743
14,-2.66785112520059e-12,6048,96743
15,-2.66785112520059e-12,6048,96743
16,-2.66785112520059e-12,6048,96743
17,-2.66785112520059e-12,6048,96743
18,-2.66785112520059e-12,6048,96743
19,-2.66785112520059e-12,6048,96743
20,-2.66785112520059e-12,6048,96743
21,-2.66785112520059e-12,6048,96743
22,-2.66785112520059e-12,6048,96743
23,-16.3882293811691,6048,96743
1,-4.85063840945562e-12,4009,96707
2,-4.85063840945562e-12,4009,96707
3,-4.85063840945562e-12,4009,96707
4,-4.85063840945562e-12,4009,96707
5,-4.85063840945562e-12,4009,96707
6,-4.85063840945562e-12,4009,96707
7,-4.85063840945562e-12,4009,96707
8,-24.0556049052888,4009,96707
9,-4.85063840945562e-12,4009,96707
10,-4.85063840945562e-12,4009,96707
11,-4.85063840945562e-12,4009,96707
12,-4.85063840945562e-12,4009,96707
13,-4.85063840945562e-12,4009,96707
14,-4.85063840945562e-12,4009,96707
15,-4.85063840945562e-12,4009,96707
16,-4.85063840945562e-12,4009,96707
17,-4.85063840945562e-12,4009,96707
18,-4.85063840945562e-12,4009,96707
19,-4.85063840945562e-12,4009,96707
20,-4.85063840945562e-12,4009,96707
21,-4.85063840945562e-12,4009,96707
22,-4.85063840945562e-12,4009,96707
23,-24.0556049052888,4009,96707
1,-1.94025536378225e-12,4013,96789
2,-1.94025536378225e-12,4013,96789
3,-1.94025536378225e-12,4013,96789
4,-1.94025536378225e-12,4013,96789
5,-1.94025536378225e-12,4013,96789
6,-1.94025536378225e-12,4013,96789
7,-1.94025536378225e-12,4013,96789
8,-1.94025536378225e-12,4013,96789
9,-1.94025536378225e-12,4013,96789
10,-1.94025536378225e-12,4013,96789
11,-1.94025536378225e-12,4013,96789
12,-1.94025536378225e-12,4013,96789
13,-1.94025536378225e-12,4013,96789
14,-34.6759934740946,4013,96789
15,-1.94025536378225e-12,4013,96789
16,-1.94025536378225e-12,4013,96789
17,-1.94025536378225e-12,4013,96789
18,-1.94025536378225e-12,4013,96789
19,-1.94025536378225e-12,4013,96789
20,-1.94025536378225e-12,4013,96789
21,-1.94025536378225e-12,4013,96789
22,-1.94025536378225e-12,4013,96789
23,-34.6759934740946,4013,96789
1,-5.57823417087396e-12,4037,96743
2,-5.57823417087396e-12,4037,96743
3,-5.57823417087396e-12,4037,96743
4,-5.57823417087396e-12,4037,96743
5,-5.57823417087396e-12,4037,96743
6,-5.57823417087396e-12,4037,96743
7,-5.57823417087396e-12,4037,96743
8,-5.57823417087396e-12,4037,96743
9,-5.57823417087396e-12,4037,96743
10,-5.57823417087396e-12,4037,96743
11,-5.57823417087396e-12,4037,96743
12,-5.57823417087396e-12,4037,96743
13,-5.57823417087396e-12,4037,96743
14,-5.57823417087396e-12,4037,96743
15,-5.57823417087396e-12,4037,96743
16,-5.57823417087396e-12,4037,96743
17,-5.57823417087396e-12,4037,96743
18,-149.179504413604,4037,96743
19,-5.57823417087396e-12,4037,96743
20,-5.57823417087396e-12,4037,96743
21,-5.57823417087396e-12,4037,96743
22,-5.57823417087396e-12,4037,96743
23,-149.179504413604,4037,96743
1,-4.36557456851005e-12,4051,96766
2,-14.1014224144359,4051,96766
3,-4.36557456851005e-12,4051,96766
4,-4.36557456851005e-12,4051,96766
5,-4.36557456851005e-12,4051,96766
6,-4.36557456851005e-12,4051,96766
7,-4.36557456851005e-12,4051,96766
8,-4.36557456851005e-12,4051,96766
9,-4.36557456851005e-12,4051,96766
10,-4.36557456851005e-12,4051,96766
11,-4.36557456851005e-12,4051,96766
12,-4.36557456851005e-12,4051,96766
13,-4.36557456851005e-12,4051,96766
14,-4.36557456851005e-12,4051,96766
15,-4.36557456851005e-12,4051,96766
16,-4.36557456851005e-12,4051,96766
17,-4.36557456851005e-12,4051,96766
18,-4.36557456851005e-12,4051,96766
19,-4.36557456851005e-12,4051,96766
20,-4.36557456851005e-12,4051,96766
21,-4.36557456851005e-12,4051,96766
22,-4.36557456851005e-12,4051,96766
23,-14.1014224144359,4051,96766
1,4.85063840945563e-13,4057,96786
2,4.85063840945563e-13,4057,96786
3,4.85063840945563e-13,4057,96786
4,4.85063840945563e-13,4057,96786
5,4.85063840945563e-13,4057,96786
6,4.85063840945563e-13,4057,96786
7,4.85063840945563e-13,4057,96786
8,4.85063840945563e-13,4057,96786
9,4.85063840945563e-13,4057,96786
10,4.85063840945563e-13,4057,96786
11,4.85063840945563e-13,4057,96786
12,4.85063840945563e-13,4057,96786
13,4.85063840945563e-13,4057,96786
14,-71.6078979530385,4057,96786
15,4.85063840945563e-13,4057,96786
16,4.85063840945563e-13,4057,96786
17,4.85063840945563e-13,4057,96786
18,4.85063840945563e-13,4057,96786
19,4.85063840945563e-13,4057,96786
20,4.85063840945563e-13,4057,96786
21,4.85063840945563e-13,4057,96786
22,4.85063840945563e-13,4057,96786
23,-71.6078979605523,4057,96786
1,1.94025536378225e-12,4075,96720
2,1.94025536378225e-12,4075,96720
3,1.94025536378225e-12,4075,96720
4,1.94025536378225e-12,4075,96720
5,1.94025536378225e-12,4075,96720
6,1.94025536378225e-12,4075,96720
7,1.94025536378225e-12,4075,96720
8,1.94025536378225e-12,4075,96720
9,1.94025536378225e-12,4075,96720
10,1.94025536378225e-12,4075,96720
11,1.94025536378225e-12,4075,96720
12,1.94025536378225e-12,4075,96720
13,1.94025536378225e-12,4075,96720
14,1.94025536378225e-12,4075,96720
15,-17.8536309274961,4075,96720
16,1.94025536378225e-12,4075,96720
17,1.94025536378225e-12,4075,96720
18,1.94025536378225e-12,4075,96720
19,1.94025536378225e-12,4075,96720
20,1.94025536378225e-12,4075,96720
21,1.94025536378225e-12,4075,96720
22,1.94025536378225e-12,4075,96720
23,-17.8536309274961,4075,96720
1,-7.27595761418343e-12,4077,96734
2,-7.27595761418343e-12,4077,96734
3,-7.27595761418343e-12,4077,96734
4,-7.27595761418343e-12,4077,96734
5,-7.27595761418343e-12,4077,96734
6,-7.27595761418343e-12,4077,96734
7,-7.27595761418343e-12,4077,96734
8,-7.27595761418343e-12,4077,96734
9,-7.27595761418343e-12,4077,96734
10,-7.27595761418343e-12,4077,96734
11,-7.27595761418343e-12,4077,96734
12,-7.27595761418343e-12,4077,96734
13,-7.27595761418343e-12,4077,96734
14,-68.1687255359942,4077,96734
15,-7.27595761418343e-12,4077,96734
16,-7.27595761418343e-12,4077,96734
17,-7.27595761418343e-12,4077,96734
18,-7.27595761418343e-12,4077,96734
19,-7.27595761418343e-12,4077,96734
20,-7.27595761418343e-12,4077,96734
21,-7.27595761418343e-12,4077,96734
22,-7.27595761418343e-12,4077,96734
23,-68.1687256141415,4077,96734
1,-4.85063840945562e-12,4092,96817
2,-4.85063840945562e-12,4092,96817
3,-4.85063840945562e-12,4092,96817
4,-4.85063840945562e-12,4092,96817
5,-4.85063840945562e-12,4092,96817
6,-4.85063840945562e-12,4092,96817
7,-4.85063840945562e-12,4092,96817
8,-4.85063840945562e-12,4092,96817
9,-4.85063840945562e-12,4092,96817
10,-4.85063840945562e-12,4092,96817
11,-4.85063840945562e-12,4092,96817
12,-4.85063840945562e-12,4092,96817
13,-4.85063840945562e-12,4092,96817
14,-19.97758128102,4092,96817
15,-4.85063840945562e-12,4092,96817
16,-4.85063840945562e-12,4092,96817
17,-4.85063840945562e-12,4092,96817
18,-4.85063840945562e-12,4092,96817
19,-4.85063840945562e-12,4092,96817
20,-4.85063840945562e-12,4092,96817
21,-4.85063840945562e-12,4092,96817
22,-4.85063840945562e-12,4092,96817
23,-19.97758128102,4092,96817
1,4.85063840945562e-13,4097,96789
2,4.85063840945562e-13,4097,96789
3,4.85063840945562e-13,4097,96789
4,4.85063840945562e-13,4097,96789
5,4.85063840945562e-13,4097,96789
6,4.85063840945562e-13,4097,96789
7,4.85063840945562e-13,4097,96789
8,4.85063840945562e-13,4097,96789
9,4.85063840945562e-13,4097,96789
10,4.85063840945562e-13,4097,96789
11,4.85063840945562e-13,4097,96789
12,4.85063840945562e-13,4097,96789
13,4.85063840945562e-13,4097,96789
14,-19.585280195547,4097,96789
15,4.85063840945562e-13,4097,96789
16,4.85063840945562e-13,4097,96789
17,4.85063840945562e-13,4097,96789
18,4.85063840945562e-13,4097,96789
19,4.85063840945562e-13,4097,96789
20,4.85063840945562e-13,4097,96789
21,4.85063840945562e-13,4097,96789
22,4.85063840945562e-13,4097,96789
23,-19.585280195547,4097,96789
1,-1.01863406598568e-11,4100,96796
2,-1.01863406598568e-11,4100,96796
3,-1.01863406598568e-11,4100,96796
4,-1.01863406598568e-11,4100,96796
5,-1.01863406598568e-11,4100,96796
6,-1.01863406598568e-11,4100,96796
7,-1.01863406598568e-11,4100,96796
8,-1.01863406598568e-11,4100,96796
9,-1.01863406598568e-11,4100,96796
10,-1.01863406598568e-11,4100,96796
11,-1.01863406598568e-11,4100,96796
12,-1.01863406598568e-11,4100,96796
13,-1.01863406598568e-11,4100,96796
14,-1.01863406598568e-11,4100,96796
15,-1.01863406598568e-11,4100,96796
16,-1.01863406598568e-11,4100,96796
17,-21.6296332890129,4100,96796
18,-1.01863406598568e-11,4100,96796
19,-1.01863406598568e-11,4100,96796
20,-1.01863406598568e-11,4100,96796
21,-1.01863406598568e-11,4100,96796
22,-1.01863406598568e-11,4100,96796
23,-21.6296332917181,4100,96796
1,-5.82076609134674e-12,4112,96748
2,-5.82076609134674e-12,4112,96748
3,-5.82076609134674e-12,4112,96748
4,-5.82076609134674e-12,4112,96748
5,-5.82076609134674e-12,4112,96748
6,-5.82076609134674e-12,4112,96748
7,-5.82076609134674e-12,4112,96748
8,-5.82076609134674e-12,4112,96748
9,-5.82076609134674e-12,4112,96748
10,-5.82076609134674e-12,4112,96748
11,-5.82076609134674e-12,4112,96748
12,-5.82076609134674e-12,4112,96748
13,-5.82076609134674e-12,4112,96748
14,-5.82076609134674e-12,4112,96748
15,-5.82076609134674e-12,4112,96748
16,-24.7845730687113,4112,96748
17,-5.82076609134674e-12,4112,96748
18,-5.82076609134674e-12,4112,96748
19,-5.82076609134674e-12,4112,96748
20,-5.82076609134674e-12,4112,96748
21,-5.82076609134674e-12,4112,96748
22,-5.82076609134674e-12,4112,96748
23,-24.7845730687113,4112,96748
1,-7.76102145512899e-12,4117,96744
2,-7.76102145512899e-12,4117,96744
3,-7.76102145512899e-12,4117,96744
4,-7.76102145512899e-12,4117,96744
5,-26.933841336992,4117,96744
6,-7.76102145512899e-12,4117,96744
7,-7.76102145512899e-12,4117,96744
8,-7.76102145512899e-12,4117,96744
9,-7.76102145512899e-12,4117,96744
10,-7.76102145512899e-12,4117,96744
11,-7.76102145512899e-12,4117,96744
12,-7.76102145512899e-12,4117,96744
13,-7.76102145512899e-12,4117,96744
14,-7.76102145512899e-12,4117,96744
15,-7.76102145512899e-12,4117,96744
16,-7.76102145512899e-12,4117,96744
17,-7.76102145512899e-12,4117,96744
18,-7.76102145512899e-12,4117,96744
19,-7.76102145512899e-12,4117,96744
20,-7.76102145512899e-12,4117,96744
21,-7.76102145512899e-12,4117,96744
22,-7.76102145512899e-12,4117,96744
23,-26.933841336992,4117,96744
1,-4.85063840945563e-13,6077,96754
2,-4.85063840945563e-13,6077,96754
3,-4.85063840945563e-13,6077,96754
4,-4.85063840945563e-13,6077,96754
5,-4.85063840945563e-13,6077,96754
6,-4.85063840945563e-13,6077,96754
7,-4.85063840945563e-13,6077,96754
8,-4.85063840945563e-13,6077,96754
9,-4.85063840945563e-13,6077,96754
10,-4.85063840945563e-13,6077,96754
11,-117.972363141518,6077,96754
12,-4.85063840945563e-13,6077,96754
13,-4.85063840945563e-13,6077,96754
14,-4.85063840945563e-13,6077,96754
15,-4.85063840945563e-13,6077,96754
16,-4.85063840945563e-13,6077,96754
17,-4.85063840945563e-13,6077,96754
18,-4.85063840945563e-13,6077,96754
19,-4.85063840945563e-13,6077,96754
20,-4.85063840945563e-13,6077,96754
21,-4.85063840945563e-13,6077,96754
22,-4.85063840945563e-13,6077,96754
23,-117.972363141518,6077,96754
1,-6.79089377323786e-12,4136,96740
2,-6.79089377323786e-12,4136,96740
3,-6.79089377323786e-12,4136,96740
4,-6.79089377323786e-12,4136,96740
5,-6.79089377323786e-12,4136,96740
6,-6.79089377323786e-12,4136,96740
7,-6.79089377323786e-12,4136,96740
8,-6.79089377323786e-12,4136,96740
9,-6.79089377323786e-12,4136,96740
10,-6.79089377323786e-12,4136,96740
11,-6.79089377323786e-12,4136,96740
12,-6.79089377323786e-12,4136,96740
13,-6.79089377323786e-12,4136,96740
14,-6.79089377323786e-12,4136,96740
15,-6.79089377323786e-12,4136,96740
16,-6.79089377323786e-12,4136,96740
17,-118.767391194064,4136,96740
18,-6.79089377323786e-12,4136,96740
19,-6.79089377323786e-12,4136,96740
20,-6.79089377323786e-12,4136,96740
21,-6.79089377323786e-12,4136,96740
22,-6.79089377323786e-12,4136,96740
23,-118.767391239705,4136,96740
1,-1.60071067512035e-11,4139,96734
2,-1.60071067512035e-11,4139,96734
3,-1.60071067512035e-11,4139,96734
4,-1.60071067512035e-11,4139,96734
5,-1.60071067512035e-11,4139,96734
6,-1.60071067512035e-11,4139,96734
7,-1.60071067512035e-11,4139,96734
8,-1.60071067512035e-11,4139,96734
9,-1.60071067512035e-11,4139,96734
10,-1.60071067512035e-11,4139,96734
11,-1.60071067512035e-11,4139,96734
12,-1.60071067512035e-11,4139,96734
13,-1.60071067512035e-11,4139,96734
14,-26.2325059965103,4139,96734
15,-1.60071067512035e-11,4139,96734
16,-1.60071067512035e-11,4139,96734
17,-1.60071067512035e-11,4139,96734
18,-1.60071067512035e-11,4139,96734
19,-1.60071067512035e-11,4139,96734
20,-1.60071067512035e-11,4139,96734
21,-1.60071067512035e-11,4139,96734
22,-1.60071067512035e-11,4139,96734
23,-26.2325059965103,4139,96734
1,2.42531920472781e-12,4140,96707
2,2.42531920472781e-12,4140,96707
3,2.42531920472781e-12,4140,96707
4,2.42531920472781e-12,4140,96707
5,2.42531920472781e-12,4140,96707
6,2.42531920472781e-12,4140,96707
7,2.42531920472781e-12,4140,96707
8,-18.1976587015694,4140,96707
9,2.42531920472781e-12,4140,96707
10,2.42531920472781e-12,4140,96707
11,2.42531920472781e-12,4140,96707
12,2.42531920472781e-12,4140,96707
13,2.42531920472781e-12,4140,96707
14,2.42531920472781e-12,4140,96707
15,2.42531920472781e-12,4140,96707
16,2.42531920472781e-12,4140,96707
17,2.42531920472781e-12,4140,96707
18,2.42531920472781e-12,4140,96707
19,2.42531920472781e-12,4140,96707
20,2.42531920472781e-12,4140,96707
21,2.42531920472781e-12,4140,96707
22,2.42531920472781e-12,4140,96707
23,-18.1976587015694,4140,96707
1,-9.70127681891127e-13,4059,96789
2,-9.70127681891127e-13,4059,96789
3,-9.70127681891127e-13,4059,96789
4,-9.70127681891127e-13,4059,96789
5,-9.70127681891127e-13,4059,96789
6,-9.70127681891127e-13,4059,96789
7,-9.70127681891127e-13,4059,96789
8,-9.70127681891127e-13,4059,96789
9,-9.70127681891127e-13,4059,96789
10,-9.70127681891127e-13,4059,96789
11,-9.70127681891127e-13,4059,96789
12,-9.70127681891127e-13,4059,96789
13,-9.70127681891127e-13,4059,96789
14,-21.1107000113664,4059,96789
15,-9.70127681891127e-13,4059,96789
16,-9.70127681891127e-13,4059,96789
17,-9.70127681891127e-13,4059,96789
18,-9.70127681891127e-13,4059,96789
19,-9.70127681891127e-13,4059,96789
20,-9.70127681891127e-13,4059,96789
21,-9.70127681891127e-13,4059,96789
22,-9.70127681891127e-13,4059,96789
23,-21.1107000113664,4059,96789
1,-7.76102145512899e-12,6085,96734
2,-7.76102145512899e-12,6085,96734
3,-7.76102145512899e-12,6085,96734
4,-7.76102145512899e-12,6085,96734
5,-7.76102145512899e-12,6085,96734
6,-7.76102145512899e-12,6085,96734
7,-7.76102145512899e-12,6085,96734
8,-7.76102145512899e-12,6085,96734
9,-7.76102145512899e-12,6085,96734
10,-7.76102145512899e-12,6085,96734
11,-17.1540076906861,6085,96734
12,-7.76102145512899e-12,6085,96734
13,-7.76102145512899e-12,6085,96734
14,-7.76102145512899e-12,6085,96734
15,-7.76102145512899e-12,6085,96734
16,-7.76102145512899e-12,6085,96734
17,-7.76102145512899e-12,6085,96734
18,-7.76102145512899e-12,6085,96734
19,-7.76102145512899e-12,6085,96734
20,-7.76102145512899e-12,6085,96734
21,-7.76102145512899e-12,6085,96734
22,-7.76102145512899e-12,6085,96734
23,-17.1540076906861,6085,96734
1,-6.3058299322923e-12,4152,96734
2,-6.3058299322923e-12,4152,96734
3,-6.3058299322923e-12,4152,96734
4,-6.3058299322923e-12,4152,96734
5,-6.3058299322923e-12,4152,96734
6,-6.3058299322923e-12,4152,96734
7,-6.3058299322923e-12,4152,96734
8,-6.3058299322923e-12,4152,96734
9,-6.3058299322923e-12,4152,96734
10,-6.3058299322923e-12,4152,96734
11,-6.3058299322923e-12,4152,96734
12,-6.3058299322923e-12,4152,96734
13,-6.3058299322923e-12,4152,96734
14,-6.3058299322923e-12,4152,96734
15,-18.3916416750673,4152,96734
16,-6.3058299322923e-12,4152,96734
17,-18.0552308470171,4152,96734
18,-6.3058299322923e-12,4152,96734
19,-6.3058299322923e-12,4152,96734
20,-6.3058299322923e-12,4152,96734
21,-6.3058299322923e-12,4152,96734
22,-6.3058299322923e-12,4152,96734
23,-36.4797998305328,4152,96734
1,-1.06714045008024e-11,4175,96815
2,-1.06714045008024e-11,4175,96815
3,-1.06714045008024e-11,4175,96815
4,-1.06714045008024e-11,4175,96815
5,-1.06714045008024e-11,4175,96815
6,-1.06714045008024e-11,4175,96815
7,-1.06714045008024e-11,4175,96815
8,-1.06714045008024e-11,4175,96815
9,-1.06714045008024e-11,4175,96815
10,-1.06714045008024e-11,4175,96815
11,-27.1941300247626,4175,96815
12,-1.06714045008024e-11,4175,96815
13,-1.06714045008024e-11,4175,96815
14,-1.06714045008024e-11,4175,96815
15,-1.06714045008024e-11,4175,96815
16,-1.06714045008024e-11,4175,96815
17,-1.06714045008024e-11,4175,96815
18,-1.06714045008024e-11,4175,96815
19,-1.06714045008024e-11,4175,96815
20,-1.06714045008024e-11,4175,96815
21,-1.06714045008024e-11,4175,96815
22,-1.06714045008024e-11,4175,96815
23,-27.1941300275818,4175,96815
1,-2.91038304567337e-12,4178,96818
2,-2.91038304567337e-12,4178,96818
3,-2.91038304567337e-12,4178,96818
4,-2.91038304567337e-12,4178,96818
5,-2.91038304567337e-12,4178,96818
6,-2.91038304567337e-12,4178,96818
7,-35.5599832234337,4178,96818
8,-2.91038304567337e-12,4178,96818
9,-2.91038304567337e-12,4178,96818
10,-2.91038304567337e-12,4178,96818
11,-2.91038304567337e-12,4178,96818
12,-2.91038304567337e-12,4178,96818
13,-2.91038304567337e-12,4178,96818
14,-2.91038304567337e-12,4178,96818
15,-2.91038304567337e-12,4178,96818
16,-2.91038304567337e-12,4178,96818
17,-2.91038304567337e-12,4178,96818
18,-2.91038304567337e-12,4178,96818
19,-2.91038304567337e-12,4178,96818
20,-2.91038304567337e-12,4178,96818
21,-2.91038304567337e-12,4178,96818
22,-2.91038304567337e-12,4178,96818
23,-35.5599832234337,4178,96818
1,-1.30967237055302e-11,4187,96734
2,-1.30967237055302e-11,4187,96734
3,-1.30967237055302e-11,4187,96734
4,-1.30967237055302e-11,4187,96734
5,-1.30967237055302e-11,4187,96734
6,-1.30967237055302e-11,4187,96734
7,-1.30967237055302e-11,4187,96734
8,-1.30967237055302e-11,4187,96734
9,-1.30967237055302e-11,4187,96734
10,-1.30967237055302e-11,4187,96734
11,-1.30967237055302e-11,4187,96734
12,-1.30967237055302e-11,4187,96734
13,-1.30967237055302e-11,4187,96734
14,-26.2945294578298,4187,96734
15,-1.30967237055302e-11,4187,96734
16,-1.30967237055302e-11,4187,96734
17,-1.30967237055302e-11,4187,96734
18,-1.30967237055302e-11,4187,96734
19,-1.30967237055302e-11,4187,96734
20,-1.30967237055302e-11,4187,96734
21,-1.30967237055302e-11,4187,96734
22,-1.30967237055302e-11,4187,96734
23,-26.2945294578298,4187,96734
1,-1.01863406598568e-11,4194,96746
2,-1.01863406598568e-11,4194,96746
3,-1.01863406598568e-11,4194,96746
4,-1.01863406598568e-11,4194,96746
5,-1.01863406598568e-11,4194,96746
6,-1.01863406598568e-11,4194,96746
7,-1.01863406598568e-11,4194,96746
8,-1.01863406598568e-11,4194,96746
9,-1.01863406598568e-11,4194,96746
10,-1.01863406598568e-11,4194,96746
11,-1.01863406598568e-11,4194,96746
12,-1.01863406598568e-11,4194,96746
13,-1.01863406598568e-11,4194,96746
14,-33.9319532831966,4194,96746
15,-1.01863406598568e-11,4194,96746
16,-1.01863406598568e-11,4194,96746
17,-1.01863406598568e-11,4194,96746
18,-1.01863406598568e-11,4194,96746
19,-1.01863406598568e-11,4194,96746
20,-1.01863406598568e-11,4194,96746
21,-1.01863406598568e-11,4194,96746
22,-1.01863406598568e-11,4194,96746
23,-33.9319532831966,4194,96746
1,-5.82076609134674e-12,4202,96704
2,-5.82076609134674e-12,4202,96704
3,-5.82076609134674e-12,4202,96704
4,-5.82076609134674e-12,4202,96704
5,-5.82076609134674e-12,4202,96704
6,-5.82076609134674e-12,4202,96704
7,-5.82076609134674e-12,4202,96704
8,-5.82076609134674e-12,4202,96704
9,-5.82076609134674e-12,4202,96704
10,-5.82076609134674e-12,4202,96704
11,-5.82076609134674e-12,4202,96704
12,-5.82076609134674e-12,4202,96704
13,-5.82076609134674e-12,4202,96704
14,-5.82076609134674e-12,4202,96704
15,-5.82076609134674e-12,4202,96704
16,-5.82076609134674e-12,4202,96704
17,-5.82076609134674e-12,4202,96704
18,-5.82076609134674e-12,4202,96704
19,-5.82076609134674e-12,4202,96704
20,-155.061667603522,4202,96704
21,-5.82076609134674e-12,4202,96704
22,-5.82076609134674e-12,4202,96704
23,-155.061668490707,4202,96704
1,-4.85063840945561e-13,4208,96786
2,-4.85063840945561e-13,4208,96786
3,-4.85063840945561e-13,4208,96786
4,-4.85063840945561e-13,4208,96786
5,-4.85063840945561e-13,4208,96786
6,-4.85063840945561e-13,4208,96786
7,-4.85063840945561e-13,4208,96786
8,-4.85063840945561e-13,4208,96786
9,-4.85063840945561e-13,4208,96786
10,-4.85063840945561e-13,4208,96786
11,-4.85063840945561e-13,4208,96786
12,-4.85063840945561e-13,4208,96786
13,-4.85063840945561e-13,4208,96786
14,-31.9997600887858,4208,96786
15,-4.85063840945561e-13,4208,96786
16,-4.85063840945561e-13,4208,96786
17,-4.85063840945561e-13,4208,96786
18,-4.85063840945561e-13,4208,96786
19,-4.85063840945561e-13,4208,96786
20,-4.85063840945561e-13,4208,96786
21,-4.85063840945561e-13,4208,96786
22,-4.85063840945561e-13,4208,96786
23,-31.9997600887858,4208,96786
1,-3.8805107275645e-12,4213,96744
2,-3.8805107275645e-12,4213,96744
3,-3.8805107275645e-12,4213,96744
4,-3.8805107275645e-12,4213,96744
5,-3.8805107275645e-12,4213,96744
6,-3.8805107275645e-12,4213,96744
7,-3.8805107275645e-12,4213,96744
8,-22.7632020686743,4213,96744
9,-3.8805107275645e-12,4213,96744
10,-3.8805107275645e-12,4213,96744
11,-3.8805107275645e-12,4213,96744
12,-3.8805107275645e-12,4213,96744
13,-3.8805107275645e-12,4213,96744
14,-3.8805107275645e-12,4213,96744
15,-3.8805107275645e-12,4213,96744
16,-3.8805107275645e-12,4213,96744
17,-3.8805107275645e-12,4213,96744
18,-3.8805107275645e-12,4213,96744
19,-3.8805107275645e-12,4213,96744
20,-3.8805107275645e-12,4213,96744
21,-3.8805107275645e-12,4213,96744
22,-3.8805107275645e-12,4213,96744
23,-22.7632020686743,4213,96744
1,-4.36557456851005e-12,4224,96766
2,-4.36557456851005e-12,4224,96766
3,-111.519221892767,4224,96766
4,-4.36557456851005e-12,4224,96766
5,-4.36557456851005e-12,4224,96766
6,-4.36557456851005e-12,4224,96766
7,-4.36557456851005e-12,4224,96766
8,-4.36557456851005e-12,4224,96766
9,-4.36557456851005e-12,4224,96766
10,-4.36557456851005e-12,4224,96766
11,-4.36557456851005e-12,4224,96766
12,-4.36557456851005e-12,4224,96766
13,-4.36557456851005e-12,4224,96766
14,-4.36557456851005e-12,4224,96766
15,-4.36557456851005e-12,4224,96766
16,-4.36557456851005e-12,4224,96766
17,-4.36557456851005e-12,4224,96766
18,-4.36557456851005e-12,4224,96766
19,-4.36557456851005e-12,4224,96766
20,-4.36557456851005e-12,4224,96766
21,-110.413514591535,4224,96766
22,-4.36557456851005e-12,4224,96766
23,-223.180691582667,4224,96766
1,-5.82076609134674e-12,4235,96766
2,-5.82076609134674e-12,4235,96766
3,-5.82076609134674e-12,4235,96766
4,-5.82076609134674e-12,4235,96766
5,-5.82076609134674e-12,4235,96766
6,-5.82076609134674e-12,4235,96766
7,-5.82076609134674e-12,4235,96766
8,-5.82076609134674e-12,4235,96766
9,-5.82076609134674e-12,4235,96766
10,-5.82076609134674e-12,4235,96766
11,-5.82076609134674e-12,4235,96766
12,-5.82076609134674e-12,4235,96766
13,-5.82076609134674e-12,4235,96766
14,-5.82076609134674e-12,4235,96766
15,-17.5988992570938,4235,96766
16,-5.82076609134674e-12,4235,96766
17,-5.82076609134674e-12,4235,96766
18,-5.82076609134674e-12,4235,96766
19,-5.82076609134674e-12,4235,96766
20,-5.82076609134674e-12,4235,96766
21,-5.82076609134674e-12,4235,96766
22,-5.82076609134674e-12,4235,96766
23,-17.5988992570938,4235,96766
1,-1.45519152283669e-12,4237,96792
2,-1.45519152283669e-12,4237,96792
3,-1.45519152283669e-12,4237,96792
4,-1.45519152283669e-12,4237,96792
5,-1.45519152283669e-12,4237,96792
6,-1.45519152283669e-12,4237,96792
7,-1.45519152283669e-12,4237,96792
8,-1.45519152283669e-12,4237,96792
9,-1.45519152283669e-12,4237,96792
10,-1.45519152283669e-12,4237,96792
11,-1.45519152283669e-12,4237,96792
12,-1.45519152283669e-12,4237,96792
13,-1.45519152283669e-12,4237,96792
14,-1.45519152283669e-12,4237,96792
15,-1.45519152283669e-12,4237,96792
16,-1.45519152283669e-12,4237,96792
17,-1.45519152283669e-12,4237,96792
18,-1.45519152283669e-12,4237,96792
19,-1.45519152283669e-12,4237,96792
20,-20.5384777808615,4237,96792
21,-1.45519152283669e-12,4237,96792
22,-1.45519152283669e-12,4237,96792
23,-20.5384777808615,4237,96792
1,4.36557456851005e-12,4240,96789
2,4.36557456851005e-12,4240,96789
3,4.36557456851005e-12,4240,96789
4,4.36557456851005e-12,4240,96789
5,4.36557456851005e-12,4240,96789
6,4.36557456851005e-12,4240,96789
7,4.36557456851005e-12,4240,96789
8,4.36557456851005e-12,4240,96789
9,4.36557456851005e-12,4240,96789
10,4.36557456851005e-12,4240,96789
11,4.36557456851005e-12,4240,96789
12,4.36557456851005e-12,4240,96789
13,4.36557456851005e-12,4240,96789
14,-20.7208124952362,4240,96789
15,4.36557456851005e-12,4240,96789
16,4.36557456851005e-12,4240,96789
17,4.36557456851005e-12,4240,96789
18,4.36557456851005e-12,4240,96789
19,4.36557456851005e-12,4240,96789
20,4.36557456851005e-12,4240,96789
21,4.36557456851005e-12,4240,96789
22,4.36557456851005e-12,4240,96789
23,-20.7208124952362,4240,96789
1,-4.85063840945561e-13,4246,96707
2,-4.85063840945561e-13,4246,96707
3,-4.85063840945561e-13,4246,96707
4,-4.85063840945561e-13,4246,96707
5,-4.85063840945561e-13,4246,96707
6,-4.85063840945561e-13,4246,96707
7,-4.85063840945561e-13,4246,96707
8,-4.85063840945561e-13,4246,96707
9,-4.85063840945561e-13,4246,96707
10,-4.85063840945561e-13,4246,96707
11,-4.85063840945561e-13,4246,96707
12,-4.85063840945561e-13,4246,96707
13,-4.85063840945561e-13,4246,96707
14,-31.9997600887858,4246,96707
15,-4.85063840945561e-13,4246,96707
16,-4.85063840945561e-13,4246,96707
17,-4.85063840945561e-13,4246,96707
18,-4.85063840945561e-13,4246,96707
19,-4.85063840945561e-13,4246,96707
20,-4.85063840945561e-13,4246,96707
21,-4.85063840945561e-13,4246,96707
22,-4.85063840945561e-13,4246,96707
23,-31.9997600887858,4246,96707
1,-4.36557456851006e-12,4248,96822
2,-4.36557456851006e-12,4248,96822
3,-4.36557456851006e-12,4248,96822
4,-4.36557456851006e-12,4248,96822
5,-4.36557456851006e-12,4248,96822
6,-4.36557456851006e-12,4248,96822
7,-4.36557456851006e-12,4248,96822
8,-19.6063528960071,4248,96822
9,-4.36557456851006e-12,4248,96822
10,-4.36557456851006e-12,4248,96822
11,-4.36557456851006e-12,4248,96822
12,-4.36557456851006e-12,4248,96822
13,-4.36557456851006e-12,4248,96822
14,-22.0310800395855,4248,96822
15,-4.36557456851006e-12,4248,96822
16,-4.36557456851006e-12,4248,96822
17,-4.36557456851006e-12,4248,96822
18,-4.36557456851006e-12,4248,96822
19,-4.36557456851006e-12,4248,96822
20,-4.36557456851006e-12,4248,96822
21,-4.36557456851006e-12,4248,96822
22,-4.36557456851006e-12,4248,96822
23,-41.6986387147061,4248,96822
1,-1.01863406598568e-11,4250,96822
2,-1.01863406598568e-11,4250,96822
3,-1.01863406598568e-11,4250,96822
4,-1.01863406598568e-11,4250,96822
5,-1.01863406598568e-11,4250,96822
6,-1.01863406598568e-11,4250,96822
7,-1.01863406598568e-11,4250,96822
8,-1.01863406598568e-11,4250,96822
9,-1.01863406598568e-11,4250,96822
10,-1.01863406598568e-11,4250,96822
11,-1.01863406598568e-11,4250,96822
12,-1.01863406598568e-11,4250,96822
13,-1.01863406598568e-11,4250,96822
14,-1.01863406598568e-11,4250,96822
15,-1.01863406598568e-11,4250,96822
16,-1.01863406598568e-11,4250,96822
17,-19.9301969751473,4250,96822
18,-1.01863406598568e-11,4250,96822
19,-1.01863406598568e-11,4250,96822
20,-1.01863406598568e-11,4250,96822
21,-1.01863406598568e-11,4250,96822
22,-1.01863406598568e-11,4250,96822
23,-19.9301969933125,4250,96822
1,-1.40668513874213e-11,4264,96740
2,-1.40668513874213e-11,4264,96740
3,-1.40668513874213e-11,4264,96740
4,-1.40668513874213e-11,4264,96740
5,-1.40668513874213e-11,4264,96740
6,-1.40668513874213e-11,4264,96740
7,-1.40668513874213e-11,4264,96740
8,-1.40668513874213e-11,4264,96740
9,-1.40668513874213e-11,4264,96740
10,-1.40668513874213e-11,4264,96740
11,-1.40668513874213e-11,4264,96740
12,-1.40668513874213e-11,4264,96740
13,-1.40668513874213e-11,4264,96740
14,-1.40668513874213e-11,4264,96740
15,-1.40668513874213e-11,4264,96740
16,-1.40668513874213e-11,4264,96740
17,-20.8709565593284,4264,96740
18,-1.40668513874213e-11,4264,96740
19,-1.40668513874213e-11,4264,96740
20,-1.40668513874213e-11,4264,96740
21,-1.40668513874213e-11,4264,96740
22,-1.40668513874213e-11,4264,96740
23,-20.8709565593284,4264,96740
1,-1.45519152283669e-12,4274,96712
2,-1.45519152283669e-12,4274,96712
3,-1.45519152283669e-12,4274,96712
4,-1.45519152283669e-12,4274,96712
5,-1.45519152283669e-12,4274,96712
6,-1.45519152283669e-12,4274,96712
7,-1.45519152283669e-12,4274,96712
8,-1.45519152283669e-12,4274,96712
9,-1.45519152283669e-12,4274,96712
10,-1.45519152283669e-12,4274,96712
11,-1.45519152283669e-12,4274,96712
12,-1.45519152283669e-12,4274,96712
13,-1.45519152283669e-12,4274,96712
14,-8.8344505121262,4274,96712
15,-1.45519152283669e-12,4274,96712
16,-1.45519152283669e-12,4274,96712
17,-1.45519152283669e-12,4274,96712
18,-1.45519152283669e-12,4274,96712
19,-1.45519152283669e-12,4274,96712
20,-1.45519152283669e-12,4274,96712
21,-1.45519152283669e-12,4274,96712
22,-1.45519152283669e-12,4274,96712
23,-8.8344505121262,4274,96712
1,-1.01863406598568e-11,4279,96826
2,-1.01863406598568e-11,4279,96826
3,-1.01863406598568e-11,4279,96826
4,-1.01863406598568e-11,4279,96826
5,-1.01863406598568e-11,4279,96826
6,-1.01863406598568e-11,4279,96826
7,-1.01863406598568e-11,4279,96826
8,-1.01863406598568e-11,4279,96826
9,-1.01863406598568e-11,4279,96826
10,-1.01863406598568e-11,4279,96826
11,-1.01863406598568e-11,4279,96826
12,-1.01863406598568e-11,4279,96826
13,-1.01863406598568e-11,4279,96826
14,-25.4028516789229,4279,96826
15,-1.01863406598568e-11,4279,96826
16,-1.01863406598568e-11,4279,96826
17,-1.01863406598568e-11,4279,96826
18,-1.01863406598568e-11,4279,96826
19,-1.01863406598568e-11,4279,96826
20,-1.01863406598568e-11,4279,96826
21,-1.01863406598568e-11,4279,96826
22,-1.01863406598568e-11,4279,96826
23,-25.4028516789229,4279,96826
1,-9.21621297796568e-12,4290,96763
2,-9.21621297796568e-12,4290,96763
3,-9.21621297796568e-12,4290,96763
4,-9.21621297796568e-12,4290,96763
5,-9.21621297796568e-12,4290,96763
6,-19.9948172219245,4290,96763
7,-9.21621297796568e-12,4290,96763
8,-9.21621297796568e-12,4290,96763
9,-9.21621297796568e-12,4290,96763
10,-9.21621297796568e-12,4290,96763
11,-9.21621297796568e-12,4290,96763
12,-9.21621297796568e-12,4290,96763
13,-9.21621297796568e-12,4290,96763
14,-9.21621297796568e-12,4290,96763
15,-9.21621297796568e-12,4290,96763
16,-9.21621297796568e-12,4290,96763
17,-9.21621297796568e-12,4290,96763
18,-9.21621297796568e-12,4290,96763
19,-9.21621297796568e-12,4290,96763
20,-9.21621297796568e-12,4290,96763
21,-9.21621297796568e-12,4290,96763
22,-9.21621297796568e-12,4290,96763
23,-19.9948172272338,4290,96763
1,-1.11564683417479e-11,6102,96756
2,-1.11564683417479e-11,6102,96756
3,-1.11564683417479e-11,6102,96756
4,-1.11564683417479e-11,6102,96756
5,-1.11564683417479e-11,6102,96756
6,-1.11564683417479e-11,6102,96756
7,-1.11564683417479e-11,6102,96756
8,-1.11564683417479e-11,6102,96756
9,-1.11564683417479e-11,6102,96756
10,-1.11564683417479e-11,6102,96756
11,-1.11564683417479e-11,6102,96756
12,-1.11564683417479e-11,6102,96756
13,-1.11564683417479e-11,6102,96756
14,-1.11564683417479e-11,6102,96756
15,-30.8395066520243,6102,96756
16,-1.11564683417479e-11,6102,96756
17,-1.11564683417479e-11,6102,96756
18,-1.11564683417479e-11,6102,96756
19,-1.11564683417479e-11,6102,96756
20,-1.11564683417479e-11,6102,96756
21,-1.11564683417479e-11,6102,96756
22,-1.11564683417479e-11,6102,96756
23,-30.8395066520243,6102,96756
1,-9.21621297796568e-12,4311,96789
2,-9.21621297796568e-12,4311,96789
3,-9.21621297796568e-12,4311,96789
4,-9.21621297796568e-12,4311,96789
5,-9.21621297796568e-12,4311,96789
6,-9.21621297796568e-12,4311,96789
7,-9.21621297796568e-12,4311,96789
8,-9.21621297796568e-12,4311,96789
9,-9.21621297796568e-12,4311,96789
10,-9.21621297796568e-12,4311,96789
11,-118.754142226911,4311,96789
12,-9.21621297796568e-12,4311,96789
13,-9.21621297796568e-12,4311,96789
14,-9.21621297796568e-12,4311,96789
15,-9.21621297796568e-12,4311,96789
16,-9.21621297796568e-12,4311,96789
17,-9.21621297796568e-12,4311,96789
18,-9.21621297796568e-12,4311,96789
19,-9.21621297796568e-12,4311,96789
20,-9.21621297796568e-12,4311,96789
21,-9.21621297796568e-12,4311,96789
22,-9.21621297796568e-12,4311,96789
23,-118.754142407296,4311,96789
1,-2.42531920472781e-12,6106,96741
2,-2.42531920472781e-12,6106,96741
3,-2.42531920472781e-12,6106,96741
4,-2.42531920472781e-12,6106,96741
5,-2.42531920472781e-12,6106,96741
6,-2.42531920472781e-12,6106,96741
7,-2.42531920472781e-12,6106,96741
8,-2.42531920472781e-12,6106,96741
9,-2.42531920472781e-12,6106,96741
10,-2.42531920472781e-12,6106,96741
11,-2.42531920472781e-12,6106,96741
12,-2.42531920472781e-12,6106,96741
13,-2.42531920472781e-12,6106,96741
14,-2.42531920472781e-12,6106,96741
15,-2.42531920472781e-12,6106,96741
16,-13.7826210888759,6106,96741
17,-76.2506383068068,6106,96741
18,-2.42531920472781e-12,6106,96741
19,-2.42531920472781e-12,6106,96741
20,-2.42531920472781e-12,6106,96741
21,-2.42531920472781e-12,6106,96741
22,-2.42531920472781e-12,6106,96741
23,-90.0983362705097,6106,96741
1,-1.11564683417479e-11,4322,96734
2,-1.11564683417479e-11,4322,96734
3,-1.11564683417479e-11,4322,96734
4,-1.11564683417479e-11,4322,96734
5,-1.11564683417479e-11,4322,96734
6,-1.11564683417479e-11,4322,96734
7,-1.11564683417479e-11,4322,96734
8,-1.11564683417479e-11,4322,96734
9,-1.11564683417479e-11,4322,96734
10,-1.11564683417479e-11,4322,96734
11,-1.11564683417479e-11,4322,96734
12,-1.11564683417479e-11,4322,96734
13,-1.11564683417479e-11,4322,96734
14,-1.11564683417479e-11,4322,96734
15,-30.8395066520243,4322,96734
16,-1.11564683417479e-11,4322,96734
17,-1.11564683417479e-11,4322,96734
18,-1.11564683417479e-11,4322,96734
19,-1.11564683417479e-11,4322,96734
20,-1.11564683417479e-11,4322,96734
21,-1.11564683417479e-11,4322,96734
22,-1.11564683417479e-11,4322,96734
23,-30.8395066520243,4322,96734
1,-5.33570225040118e-12,4332,96706
2,-5.33570225040118e-12,4332,96706
3,-5.33570225040118e-12,4332,96706
4,-5.33570225040118e-12,4332,96706
5,-5.33570225040118e-12,4332,96706
6,-5.33570225040118e-12,4332,96706
7,-5.33570225040118e-12,4332,96706
8,-5.33570225040118e-12,4332,96706
9,-5.33570225040118e-12,4332,96706
10,-5.33570225040118e-12,4332,96706
11,-5.33570225040118e-12,4332,96706
12,-5.33570225040118e-12,4332,96706
13,-5.33570225040118e-12,4332,96706
14,-94.9305150489764,4332,96706
15,-5.33570225040118e-12,4332,96706
16,-5.33570225040118e-12,4332,96706
17,-5.33570225040118e-12,4332,96706
18,-5.33570225040118e-12,4332,96706
19,-5.33570225040118e-12,4332,96706
20,-5.33570225040118e-12,4332,96706
21,-5.33570225040118e-12,4332,96706
22,-5.33570225040118e-12,4332,96706
23,-94.9305150489764,4332,96706
1,-9.21621297796568e-12,4336,96756
2,-9.21621297796568e-12,4336,96756
3,-9.21621297796568e-12,4336,96756
4,-9.21621297796568e-12,4336,96756
5,-8.89003694235192,4336,96756
6,-9.21621297796568e-12,4336,96756
7,-9.21621297796568e-12,4336,96756
8,-9.21621297796568e-12,4336,96756
9,-9.21621297796568e-12,4336,96756
10,-9.21621297796568e-12,4336,96756
11,-9.21621297796568e-12,4336,96756
12,-9.21621297796568e-12,4336,96756
13,-9.21621297796568e-12,4336,96756
14,-32.3529737063625,4336,96756
15,-9.21621297796568e-12,4336,96756
16,-9.21621297796568e-12,4336,96756
17,-9.21621297796568e-12,4336,96756
18,-9.21621297796568e-12,4336,96756
19,-9.21621297796568e-12,4336,96756
20,-9.21621297796568e-12,4336,96756
21,-9.21621297796568e-12,4336,96756
22,-9.21621297796568e-12,4336,96756
23,-41.265835165829,4336,96756
1,-7.76102145512899e-12,4341,96720
2,-7.76102145512899e-12,4341,96720
3,-7.76102145512899e-12,4341,96720
4,-7.76102145512899e-12,4341,96720
5,-7.76102145512899e-12,4341,96720
6,-7.76102145512899e-12,4341,96720
7,-7.76102145512899e-12,4341,96720
8,-7.76102145512899e-12,4341,96720
9,-7.76102145512899e-12,4341,96720
10,-7.76102145512899e-12,4341,96720
11,-7.76102145512899e-12,4341,96720
12,-7.76102145512899e-12,4341,96720
13,-7.76102145512899e-12,4341,96720
14,-7.76102145512899e-12,4341,96720
15,-16.556824089823,4341,96720
16,-7.76102145512899e-12,4341,96720
17,-7.76102145512899e-12,4341,96720
18,-7.76102145512899e-12,4341,96720
19,-7.76102145512899e-12,4341,96720
20,-7.76102145512899e-12,4341,96720
21,-7.76102145512899e-12,4341,96720
22,-7.76102145512899e-12,4341,96720
23,-16.556824089823,4341,96720
1,-1.45519152283668e-12,4346,96796
2,-1.45519152283668e-12,4346,96796
3,-1.45519152283668e-12,4346,96796
4,-1.45519152283668e-12,4346,96796
5,-1.45519152283668e-12,4346,96796
6,-1.45519152283668e-12,4346,96796
7,-1.45519152283668e-12,4346,96796
8,-29.7350036905133,4346,96796
9,-1.45519152283668e-12,4346,96796
10,-1.45519152283668e-12,4346,96796
11,-1.45519152283668e-12,4346,96796
12,-1.45519152283668e-12,4346,96796
13,-1.45519152283668e-12,4346,96796
14,-247.778626643824,4346,96796
15,-1.45519152283668e-12,4346,96796
16,-1.45519152283668e-12,4346,96796
17,-1.45519152283668e-12,4346,96796
18,-1.45519152283668e-12,4346,96796
19,-1.45519152283668e-12,4346,96796
20,-1.45519152283668e-12,4346,96796
21,-1.45519152283668e-12,4346,96796
22,-1.45519152283668e-12,4346,96796
23,-277.844107517012,4346,96796
1,-41.4947093911768,4348,96817
2,-7.27595761418343e-12,4348,96817
3,-7.27595761418343e-12,4348,96817
4,-7.27595761418343e-12,4348,96817
5,-7.27595761418343e-12,4348,96817
6,-7.27595761418343e-12,4348,96817
7,-7.27595761418343e-12,4348,96817
8,-7.27595761418343e-12,4348,96817
9,-7.27595761418343e-12,4348,96817
10,-7.27595761418343e-12,4348,96817
11,-7.27595761418343e-12,4348,96817
12,-7.27595761418343e-12,4348,96817
13,-7.27595761418343e-12,4348,96817
14,-7.27595761418343e-12,4348,96817
15,-7.27595761418343e-12,4348,96817
16,-7.27595761418343e-12,4348,96817
17,-7.27595761418343e-12,4348,96817
18,-7.27595761418343e-12,4348,96817
19,-7.27595761418343e-12,4348,96817
20,-7.27595761418343e-12,4348,96817
21,-7.27595761418343e-12,4348,96817
22,-7.27595761418343e-12,4348,96817
23,-41.4947094123301,4348,96817
1,-5.0931703299284e-12,4356,96706
2,-5.0931703299284e-12,4356,96706
3,-5.0931703299284e-12,4356,96706
4,-5.0931703299284e-12,4356,96706
5,-5.0931703299284e-12,4356,96706
6,-5.0931703299284e-12,4356,96706
7,-30.9872842118256,4356,96706
8,-5.0931703299284e-12,4356,96706
9,-5.0931703299284e-12,4356,96706
10,-5.0931703299284e-12,4356,96706
11,-5.0931703299284e-12,4356,96706
12,-5.0931703299284e-12,4356,96706
13,-5.0931703299284e-12,4356,96706
14,-5.0931703299284e-12,4356,96706
15,-5.0931703299284e-12,4356,96706
16,-5.0931703299284e-12,4356,96706
17,-5.0931703299284e-12,4356,96706
18,-5.0931703299284e-12,4356,96706
19,-5.0931703299284e-12,4356,96706
20,-5.0931703299284e-12,4356,96706
21,-5.0931703299284e-12,4356,96706
22,-5.0931703299284e-12,4356,96706
23,-30.9872842118256,4356,96706
1,-2.91038304567337e-12,4357,96734
2,-2.91038304567337e-12,4357,96734
3,-2.91038304567337e-12,4357,96734
4,-2.91038304567337e-12,4357,96734
5,-2.91038304567337e-12,4357,96734
6,-2.91038304567337e-12,4357,96734
7,-2.91038304567337e-12,4357,96734
8,-2.91038304567337e-12,4357,96734
9,-2.91038304567337e-12,4357,96734
10,-2.91038304567337e-12,4357,96734
11,-2.91038304567337e-12,4357,96734
12,-2.91038304567337e-12,4357,96734
13,-2.91038304567337e-12,4357,96734
14,-26.1470620370252,4357,96734
15,-2.91038304567337e-12,4357,96734
16,-2.91038304567337e-12,4357,96734
17,-2.91038304567337e-12,4357,96734
18,-2.91038304567337e-12,4357,96734
19,-2.91038304567337e-12,4357,96734
20,-2.91038304567337e-12,4357,96734
21,-2.91038304567337e-12,4357,96734
22,-2.91038304567337e-12,4357,96734
23,-26.1470620370252,4357,96734
1,-1.45519152283667e-12,4362,96766
2,-1.45519152283667e-12,4362,96766
3,-1.45519152283667e-12,4362,96766
4,-1.45519152283667e-12,4362,96766
5,-1.45519152283667e-12,4362,96766
6,-1.45519152283667e-12,4362,96766
7,-1.45519152283667e-12,4362,96766
8,-1.45519152283667e-12,4362,96766
9,-1.45519152283667e-12,4362,96766
10,-1.45519152283667e-12,4362,96766
11,-1.45519152283667e-12,4362,96766
12,-1.45519152283667e-12,4362,96766
13,-1.45519152283667e-12,4362,96766
14,-18.8421258760262,4362,96766
15,-1.45519152283667e-12,4362,96766
16,-1.45519152283667e-12,4362,96766
17,-1.45519152283667e-12,4362,96766
18,-1.45519152283667e-12,4362,96766
19,-1.45519152283667e-12,4362,96766
20,-1.45519152283667e-12,4362,96766
21,-1.45519152283667e-12,4362,96766
22,-1.45519152283667e-12,4362,96766
23,-18.8421258760262,4362,96766
1,-1.30967237055302e-11,4367,96701
2,-1.30967237055302e-11,4367,96701
3,-29.3727452130324,4367,96701
4,-1.30967237055302e-11,4367,96701
5,-1.30967237055302e-11,4367,96701
6,-1.30967237055302e-11,4367,96701
7,-1.30967237055302e-11,4367,96701
8,-1.30967237055302e-11,4367,96701
9,-1.30967237055302e-11,4367,96701
10,-1.30967237055302e-11,4367,96701
11,-1.30967237055302e-11,4367,96701
12,-1.30967237055302e-11,4367,96701
13,-1.30967237055302e-11,4367,96701
14,-1.30967237055302e-11,4367,96701
15,-1.30967237055302e-11,4367,96701
16,-1.30967237055302e-11,4367,96701
17,-1.30967237055302e-11,4367,96701
18,-1.30967237055302e-11,4367,96701
19,-1.30967237055302e-11,4367,96701
20,-1.30967237055302e-11,4367,96701
21,-1.30967237055302e-11,4367,96701
22,-1.30967237055302e-11,4367,96701
23,-29.3727452130324,4367,96701
1,-3.8805107275645e-12,6116,96712
2,-3.8805107275645e-12,6116,96712
3,-15.6373979180799,6116,96712
4,-3.8805107275645e-12,6116,96712
5,-3.8805107275645e-12,6116,96712
6,-3.8805107275645e-12,6116,96712
7,-3.8805107275645e-12,6116,96712
8,-3.8805107275645e-12,6116,96712
9,-3.8805107275645e-12,6116,96712
10,-3.8805107275645e-12,6116,96712
11,-3.8805107275645e-12,6116,96712
12,-3.8805107275645e-12,6116,96712
13,-3.8805107275645e-12,6116,96712
14,-3.8805107275645e-12,6116,96712
15,-3.8805107275645e-12,6116,96712
16,-3.8805107275645e-12,6116,96712
17,-3.8805107275645e-12,6116,96712
18,-3.8805107275645e-12,6116,96712
19,-3.8805107275645e-12,6116,96712
20,-3.8805107275645e-12,6116,96712
21,-3.8805107275645e-12,6116,96712
22,-3.8805107275645e-12,6116,96712
23,-15.6373979180799,6116,96712
1,-7.76102145512899e-12,4383,96792
2,-7.76102145512899e-12,4383,96792
3,-7.76102145512899e-12,4383,96792
4,-7.76102145512899e-12,4383,96792
5,-7.76102145512899e-12,4383,96792
6,-7.76102145512899e-12,4383,96792
7,-7.76102145512899e-12,4383,96792
8,-7.76102145512899e-12,4383,96792
9,-7.76102145512899e-12,4383,96792
10,-7.76102145512899e-12,4383,96792
11,-7.76102145512899e-12,4383,96792
12,-7.76102145512899e-12,4383,96792
13,-7.76102145512899e-12,4383,96792
14,-32.3529681620057,4383,96792
15,-7.76102145512899e-12,4383,96792
16,-7.76102145512899e-12,4383,96792
17,-7.76102145512899e-12,4383,96792
18,-7.76102145512899e-12,4383,96792
19,-7.76102145512899e-12,4383,96792
20,-7.76102145512899e-12,4383,96792
21,-7.76102145512899e-12,4383,96792
22,-7.76102145512899e-12,4383,96792
23,-32.3529681620057,4383,96792
1,-4.85063840945566e-13,6121,96825
2,-4.85063840945566e-13,6121,96825
3,-4.85063840945566e-13,6121,96825
4,-4.85063840945566e-13,6121,96825
5,-4.85063840945566e-13,6121,96825
6,-4.85063840945566e-13,6121,96825
7,-4.85063840945566e-13,6121,96825
8,-4.85063840945566e-13,6121,96825
9,-4.85063840945566e-13,6121,96825
10,-4.85063840945566e-13,6121,96825
11,-4.85063840945566e-13,6121,96825
12,-4.85063840945566e-13,6121,96825
13,-4.85063840945566e-13,6121,96825
14,-22.4138706718494,6121,96825
15,-4.85063840945566e-13,6121,96825
16,-4.85063840945566e-13,6121,96825
17,-4.85063840945566e-13,6121,96825
18,-4.85063840945566e-13,6121,96825
19,-4.85063840945566e-13,6121,96825
20,-4.85063840945566e-13,6121,96825
21,-4.85063840945566e-13,6121,96825
22,-4.85063840945566e-13,6121,96825
23,-22.4138706718494,6121,96825
1,-4.85063840945562e-12,4400,96706
2,-4.85063840945562e-12,4400,96706
3,-4.85063840945562e-12,4400,96706
4,-4.85063840945562e-12,4400,96706
5,-4.85063840945562e-12,4400,96706
6,-4.85063840945562e-12,4400,96706
7,-4.85063840945562e-12,4400,96706
8,-4.85063840945562e-12,4400,96706
9,-4.85063840945562e-12,4400,96706
10,-4.85063840945562e-12,4400,96706
11,-4.85063840945562e-12,4400,96706
12,-4.85063840945562e-12,4400,96706
13,-4.85063840945562e-12,4400,96706
14,-4.85063840945562e-12,4400,96706
15,-4.85063840945562e-12,4400,96706
16,-4.85063840945562e-12,4400,96706
17,-4.85063840945562e-12,4400,96706
18,-134.71769650192,4400,96706
19,-4.85063840945562e-12,4400,96706
20,-4.85063840945562e-12,4400,96706
21,-4.85063840945562e-12,4400,96706
22,-4.85063840945562e-12,4400,96706
23,-134.717696631987,4400,96706
1,-1.94025536378225e-12,4403,96818
2,-1.94025536378225e-12,4403,96818
3,-1.94025536378225e-12,4403,96818
4,-2.60383824532716,4403,96818
5,-1.94025536378225e-12,4403,96818
6,-1.94025536378225e-12,4403,96818
7,-1.94025536378225e-12,4403,96818
8,-1.94025536378225e-12,4403,96818
9,-1.94025536378225e-12,4403,96818
10,-8.11146578571594,4403,96818
11,-1.94025536378225e-12,4403,96818
12,-1.94025536378225e-12,4403,96818
13,-1.94025536378225e-12,4403,96818
14,-1.94025536378225e-12,4403,96818
15,-1.94025536378225e-12,4403,96818
16,-1.94025536378225e-12,4403,96818
17,-1.94025536378225e-12,4403,96818
18,-1.94025536378225e-12,4403,96818
19,-1.94025536378225e-12,4403,96818
20,-1.94025536378225e-12,4403,96818
21,-1.94025536378225e-12,4403,96818
22,-1.94025536378225e-12,4403,96818
23,-10.7175885611582,4403,96818
1,-8.24608529607455e-12,4411,96766
2,-136.393997177528,4411,96766
3,-8.24608529607455e-12,4411,96766
4,-8.24608529607455e-12,4411,96766
5,-8.24608529607455e-12,4411,96766
6,-8.24608529607455e-12,4411,96766
7,-8.24608529607455e-12,4411,96766
8,-8.24608529607455e-12,4411,96766
9,-8.24608529607455e-12,4411,96766
10,-8.24608529607455e-12,4411,96766
11,-8.24608529607455e-12,4411,96766
12,-8.24608529607455e-12,4411,96766
13,-8.24608529607455e-12,4411,96766
14,-8.24608529607455e-12,4411,96766
15,-8.24608529607455e-12,4411,96766
16,-8.24608529607455e-12,4411,96766
17,-8.24608529607455e-12,4411,96766
18,-8.24608529607455e-12,4411,96766
19,-8.24608529607455e-12,4411,96766
20,-8.24608529607455e-12,4411,96766
21,-8.24608529607455e-12,4411,96766
22,-8.24608529607455e-12,4411,96766
23,-136.393997177528,4411,96766
1,-4.85063840945561e-12,6129,96796
2,-21.0320625640478,6129,96796
3,-4.85063840945561e-12,6129,96796
4,-4.85063840945561e-12,6129,96796
5,-4.85063840945561e-12,6129,96796
6,-4.85063840945561e-12,6129,96796
7,-4.85063840945561e-12,6129,96796
8,-4.85063840945561e-12,6129,96796
9,-4.85063840945561e-12,6129,96796
10,-4.85063840945561e-12,6129,96796
11,-4.85063840945561e-12,6129,96796
12,-4.85063840945561e-12,6129,96796
13,-4.85063840945561e-12,6129,96796
14,-4.85063840945561e-12,6129,96796
15,-22.5408886559194,6129,96796
16,-4.85063840945561e-12,6129,96796
17,-4.85063840945561e-12,6129,96796
18,-4.85063840945561e-12,6129,96796
19,-4.85063840945561e-12,6129,96796
20,-4.85063840945561e-12,6129,96796
21,-4.85063840945561e-12,6129,96796
22,-4.85063840945561e-12,6129,96796
23,-43.6170174039779,6129,96796
1,-1.94025536378225e-12,4419,96815
2,-1.94025536378225e-12,4419,96815
3,-1.94025536378225e-12,4419,96815
4,-1.94025536378225e-12,4419,96815
5,-1.94025536378225e-12,4419,96815
6,-1.94025536378225e-12,4419,96815
7,-1.94025536378225e-12,4419,96815
8,-1.94025536378225e-12,4419,96815
9,-1.94025536378225e-12,4419,96815
10,-1.94025536378225e-12,4419,96815
11,-1.94025536378225e-12,4419,96815
12,-1.94025536378225e-12,4419,96815
13,-1.94025536378225e-12,4419,96815
14,-1.94025536378225e-12,4419,96815
15,-30.442745010629,4419,96815
16,-1.94025536378225e-12,4419,96815
17,-106.81491945776,4419,96815
18,-1.94025536378225e-12,4419,96815
19,-1.94025536378225e-12,4419,96815
20,-1.94025536378225e-12,4419,96815
21,-1.94025536378225e-12,4419,96815
22,-1.94025536378225e-12,4419,96815
23,-137.457715230825,4419,96815
1,3.39544688661893e-12,6130,96746
2,3.39544688661893e-12,6130,96746
3,3.39544688661893e-12,6130,96746
4,3.39544688661893e-12,6130,96746
5,3.39544688661893e-12,6130,96746
6,3.39544688661893e-12,6130,96746
7,3.39544688661893e-12,6130,96746
8,3.39544688661893e-12,6130,96746
9,3.39544688661893e-12,6130,96746
10,3.39544688661893e-12,6130,96746
11,3.39544688661893e-12,6130,96746
12,3.39544688661893e-12,6130,96746
13,3.39544688661893e-12,6130,96746
14,-119.779725581258,6130,96746
15,3.39544688661893e-12,6130,96746
16,3.39544688661893e-12,6130,96746
17,3.39544688661893e-12,6130,96746
18,3.39544688661893e-12,6130,96746
19,3.39544688661893e-12,6130,96746
20,3.39544688661893e-12,6130,96746
21,3.39544688661893e-12,6130,96746
22,3.39544688661893e-12,6130,96746
23,-119.779725581258,6130,96746
1,-7.27595761418343e-12,4422,96722
2,-7.27595761418343e-12,4422,96722
3,-7.27595761418343e-12,4422,96722
4,-7.27595761418343e-12,4422,96722
5,-7.27595761418343e-12,4422,96722
6,-18.65878721159,4422,96722
7,-7.27595761418343e-12,4422,96722
8,-7.27595761418343e-12,4422,96722
9,-7.27595761418343e-12,4422,96722
10,-7.27595761418343e-12,4422,96722
11,-7.27595761418343e-12,4422,96722
12,-7.27595761418343e-12,4422,96722
13,-7.27595761418343e-12,4422,96722
14,-7.27595761418343e-12,4422,96722
15,-7.27595761418343e-12,4422,96722
16,-7.27595761418343e-12,4422,96722
17,-7.27595761418343e-12,4422,96722
18,-7.27595761418343e-12,4422,96722
19,-7.27595761418343e-12,4422,96722
20,-7.27595761418343e-12,4422,96722
21,-7.27595761418343e-12,4422,96722
22,-7.27595761418343e-12,4422,96722
23,-18.65878721159,4422,96722
1,-6.79089377323786e-12,4425,96741
2,-6.79089377323786e-12,4425,96741
3,-6.79089377323786e-12,4425,96741
4,-6.79089377323786e-12,4425,96741
5,-6.79089377323786e-12,4425,96741
6,-6.79089377323786e-12,4425,96741
7,-6.79089377323786e-12,4425,96741
8,-19.8737094020453,4425,96741
9,-6.79089377323786e-12,4425,96741
10,-6.79089377323786e-12,4425,96741
11,-6.79089377323786e-12,4425,96741
12,-6.79089377323786e-12,4425,96741
13,-6.79089377323786e-12,4425,96741
14,-6.79089377323786e-12,4425,96741
15,-6.79089377323786e-12,4425,96741
16,-6.79089377323786e-12,4425,96741
17,-6.79089377323786e-12,4425,96741
18,-6.79089377323786e-12,4425,96741
19,-6.79089377323786e-12,4425,96741
20,-6.79089377323786e-12,4425,96741
21,-6.79089377323786e-12,4425,96741
22,-6.79089377323786e-12,4425,96741
23,-19.8737094029294,4425,96741
1,-6.3058299322923e-12,4429,96746
2,-6.3058299322923e-12,4429,96746
3,-6.3058299322923e-12,4429,96746
4,-6.3058299322923e-12,4429,96746
5,-6.3058299322923e-12,4429,96746
6,-6.3058299322923e-12,4429,96746
7,-6.3058299322923e-12,4429,96746
8,-6.3058299322923e-12,4429,96746
9,-6.3058299322923e-12,4429,96746
10,-6.3058299322923e-12,4429,96746
11,-6.3058299322923e-12,4429,96746
12,-6.3058299322923e-12,4429,96746
13,-6.3058299322923e-12,4429,96746
14,-6.3058299322923e-12,4429,96746
15,-6.3058299322923e-12,4429,96746
16,-6.3058299322923e-12,4429,96746
17,-6.3058299322923e-12,4429,96746
18,-6.3058299322923e-12,4429,96746
19,-6.3058299322923e-12,4429,96746
20,-88.8758319011666,4429,96746
21,-6.3058299322923e-12,4429,96746
22,-6.3058299322923e-12,4429,96746
23,-88.8758319011666,4429,96746
1,-1.16415321826935e-11,4441,96766
2,-1.16415321826935e-11,4441,96766
3,-1.16415321826935e-11,4441,96766
4,-1.16415321826935e-11,4441,96766
5,-1.16415321826935e-11,4441,96766
6,-1.16415321826935e-11,4441,96766
7,-1.16415321826935e-11,4441,96766
8,-1.16415321826935e-11,4441,96766
9,-1.16415321826935e-11,4441,96766
10,-1.16415321826935e-11,4441,96766
11,-1.16415321826935e-11,4441,96766
12,-1.16415321826935e-11,4441,96766
13,-1.16415321826935e-11,4441,96766
14,-34.5858932972478,4441,96766
15,-1.16415321826935e-11,4441,96766
16,-1.16415321826935e-11,4441,96766
17,-1.16415321826935e-11,4441,96766
18,-1.16415321826935e-11,4441,96766
19,-1.16415321826935e-11,4441,96766
20,-1.16415321826935e-11,4441,96766
21,-1.16415321826935e-11,4441,96766
22,-1.16415321826935e-11,4441,96766
23,-34.5858932972478,4441,96766
1,-2.18278728425503e-12,4445,96746
2,-2.18278728425503e-12,4445,96746
3,-2.18278728425503e-12,4445,96746
4,-2.18278728425503e-12,4445,96746
5,-2.18278728425503e-12,4445,96746
6,-23.5310239670784,4445,96746
7,-2.18278728425503e-12,4445,96746
8,-2.18278728425503e-12,4445,96746
9,-2.18278728425503e-12,4445,96746
10,-2.18278728425503e-12,4445,96746
11,-2.18278728425503e-12,4445,96746
12,-2.18278728425503e-12,4445,96746
13,-2.18278728425503e-12,4445,96746
14,-2.18278728425503e-12,4445,96746
15,-2.18278728425503e-12,4445,96746
16,-2.18278728425503e-12,4445,96746
17,-2.18278728425503e-12,4445,96746
18,-2.18278728425503e-12,4445,96746
19,-2.18278728425503e-12,4445,96746
20,-2.18278728425503e-12,4445,96746
21,-2.18278728425503e-12,4445,96746
22,-2.18278728425503e-12,4445,96746
23,-23.5310239670784,4445,96746
1,-8.24608529607455e-12,4447,96754
2,-117.941156837349,4447,96754
3,-8.24608529607455e-12,4447,96754
4,-8.24608529607455e-12,4447,96754
5,-8.24608529607455e-12,4447,96754
6,-8.24608529607455e-12,4447,96754
7,-8.24608529607455e-12,4447,96754
8,-8.24608529607455e-12,4447,96754
9,-8.24608529607455e-12,4447,96754
10,-8.24608529607455e-12,4447,96754
11,-8.24608529607455e-12,4447,96754
12,-8.24608529607455e-12,4447,96754
13,-8.24608529607455e-12,4447,96754
14,-8.24608529607455e-12,4447,96754
15,-8.24608529607455e-12,4447,96754
16,-8.24608529607455e-12,4447,96754
17,-8.24608529607455e-12,4447,96754
18,-8.24608529607455e-12,4447,96754
19,-8.24608529607455e-12,4447,96754
20,-8.24608529607455e-12,4447,96754
21,-8.24608529607455e-12,4447,96754
22,-8.24608529607455e-12,4447,96754
23,-117.941156928596,4447,96754
1,-2.91038304567338e-12,4449,96744
2,-2.91038304567338e-12,4449,96744
3,-2.91038304567338e-12,4449,96744
4,-2.91038304567338e-12,4449,96744
5,-2.91038304567338e-12,4449,96744
6,-2.91038304567338e-12,4449,96744
7,-2.91038304567338e-12,4449,96744
8,-2.91038304567338e-12,4449,96744
9,-2.91038304567338e-12,4449,96744
10,-2.91038304567338e-12,4449,96744
11,-2.91038304567338e-12,4449,96744
12,-2.91038304567338e-12,4449,96744
13,-2.91038304567338e-12,4449,96744
14,-2.91038304567338e-12,4449,96744
15,-2.91038304567338e-12,4449,96744
16,-2.91038304567338e-12,4449,96744
17,-2.91038304567338e-12,4449,96744
18,-2.91038304567338e-12,4449,96744
19,-2.91038304567338e-12,4449,96744
20,-160.536028314808,4449,96744
21,-2.91038304567338e-12,4449,96744
22,-2.91038304567338e-12,4449,96744
23,-160.536028614466,4449,96744
1,-1.45519152283669e-12,6144,96761
2,-1.45519152283669e-12,6144,96761
3,-1.45519152283669e-12,6144,96761
4,-1.45519152283669e-12,6144,96761
5,-1.45519152283669e-12,6144,96761
6,-1.45519152283669e-12,6144,96761
7,-1.45519152283669e-12,6144,96761
8,-1.45519152283669e-12,6144,96761
9,-1.45519152283669e-12,6144,96761
10,-1.45519152283669e-12,6144,96761
11,-1.45519152283669e-12,6144,96761
12,-1.45519152283669e-12,6144,96761
13,-1.45519152283669e-12,6144,96761
14,-1.45519152283669e-12,6144,96761
15,-1.45519152283669e-12,6144,96761
16,-1.45519152283669e-12,6144,96761
17,-1.45519152283669e-12,6144,96761
18,-1.45519152283669e-12,6144,96761
19,-1.45519152283669e-12,6144,96761
20,-20.5384777808615,6144,96761
21,-1.45519152283669e-12,6144,96761
22,-1.45519152283669e-12,6144,96761
23,-20.5384777808615,6144,96761
1,-1.45519152283669e-12,4472,96791
2,-1.45519152283669e-12,4472,96791
3,-1.45519152283669e-12,4472,96791
4,-1.45519152283669e-12,4472,96791
5,-1.45519152283669e-12,4472,96791
6,-1.45519152283669e-12,4472,96791
7,-1.45519152283669e-12,4472,96791
8,-1.45519152283669e-12,4472,96791
9,-1.45519152283669e-12,4472,96791
10,-1.45519152283669e-12,4472,96791
11,-1.45519152283669e-12,4472,96791
12,-1.45519152283669e-12,4472,96791
13,-1.45519152283669e-12,4472,96791
14,-1.45519152283669e-12,4472,96791
15,-1.45519152283669e-12,4472,96791
16,-1.45519152283669e-12,4472,96791
17,-1.45519152283669e-12,4472,96791
18,-1.45519152283669e-12,4472,96791
19,-1.45519152283669e-12,4472,96791
20,-24.6794445195953,4472,96791
21,-1.45519152283669e-12,4472,96791
22,-1.45519152283669e-12,4472,96791
23,-24.6794445195953,4472,96791
1,-7.27595761418343e-12,4476,96786
2,-7.27595761418343e-12,4476,96786
3,-7.27595761418343e-12,4476,96786
4,-7.27595761418343e-12,4476,96786
5,-7.27595761418343e-12,4476,96786
6,-18.65878721159,4476,96786
7,-7.27595761418343e-12,4476,96786
8,-7.27595761418343e-12,4476,96786
9,-7.27595761418343e-12,4476,96786
10,-7.27595761418343e-12,4476,96786
11,-7.27595761418343e-12,4476,96786
12,-7.27595761418343e-12,4476,96786
13,-7.27595761418343e-12,4476,96786
14,-7.27595761418343e-12,4476,96786
15,-7.27595761418343e-12,4476,96786
16,-7.27595761418343e-12,4476,96786
17,-7.27595761418343e-12,4476,96786
18,-7.27595761418343e-12,4476,96786
19,-7.27595761418343e-12,4476,96786
20,-7.27595761418343e-12,4476,96786
21,-7.27595761418343e-12,4476,96786
22,-7.27595761418343e-12,4476,96786
23,-18.65878721159,4476,96786
1,-9.21621297796568e-12,4485,96789
2,-9.21621297796568e-12,4485,96789
3,-9.21621297796568e-12,4485,96789
4,-9.21621297796568e-12,4485,96789
5,-9.21621297796568e-12,4485,96789
6,-9.21621297796568e-12,4485,96789
7,-9.21621297796568e-12,4485,96789
8,-9.21621297796568e-12,4485,96789
9,-9.21621297796568e-12,4485,96789
10,-9.21621297796568e-12,4485,96789
11,-9.21621297796568e-12,4485,96789
12,-9.21621297796568e-12,4485,96789
13,-9.21621297796568e-12,4485,96789
14,-9.21621297796568e-12,4485,96789
15,-9.21621297796568e-12,4485,96789
16,-9.21621297796568e-12,4485,96789
17,-15.9434307961488,4485,96789
18,-9.21621297796568e-12,4485,96789
19,-9.21621297796568e-12,4485,96789
20,-9.21621297796568e-12,4485,96789
21,-9.21621297796568e-12,4485,96789
22,-9.21621297796568e-12,4485,96789
23,-15.9434308007554,4485,96789
1,2.91038304567337e-12,4486,96816
2,2.91038304567337e-12,4486,96816
3,2.91038304567337e-12,4486,96816
4,2.91038304567337e-12,4486,96816
5,2.91038304567337e-12,4486,96816
6,2.91038304567337e-12,4486,96816
7,2.91038304567337e-12,4486,96816
8,2.91038304567337e-12,4486,96816
9,2.91038304567337e-12,4486,96816
10,2.91038304567337e-12,4486,96816
11,2.91038304567337e-12,4486,96816
12,2.91038304567337e-12,4486,96816
13,2.91038304567337e-12,4486,96816
14,2.91038304567337e-12,4486,96816
15,-31.4349058209293,4486,96816
16,2.91038304567337e-12,4486,96816
17,2.91038304567337e-12,4486,96816
18,2.91038304567337e-12,4486,96816
19,2.91038304567337e-12,4486,96816
20,2.91038304567337e-12,4486,96816
21,2.91038304567337e-12,4486,96816
22,2.91038304567337e-12,4486,96816
23,-31.4349058209293,4486,96816
1,-5.82076609134675e-12,4368,96740
2,-5.82076609134675e-12,4368,96740
3,-5.82076609134675e-12,4368,96740
4,-5.82076609134675e-12,4368,96740
5,-5.82076609134675e-12,4368,96740
6,-5.82076609134675e-12,4368,96740
7,-5.82076609134675e-12,4368,96740
8,-5.82076609134675e-12,4368,96740
9,-5.82076609134675e-12,4368,96740
10,-5.82076609134675e-12,4368,96740
11,-5.82076609134675e-12,4368,96740
12,-5.82076609134675e-12,4368,96740
13,-7.86203380319009,4368,96740
14,-20.4730682816803,4368,96740
15,-5.82076609134675e-12,4368,96740
16,-5.82076609134675e-12,4368,96740
17,-5.82076609134675e-12,4368,96740
18,-5.82076609134675e-12,4368,96740
19,-5.82076609134675e-12,4368,96740
20,-5.82076609134675e-12,4368,96740
21,-5.82076609134675e-12,4368,96740
22,-19.8932743042766,4368,96740
23,-48.2815565775672,4368,96740
1,-7.76102145512899e-12,4487,96796
2,-7.76102145512899e-12,4487,96796
3,-7.76102145512899e-12,4487,96796
4,-7.76102145512899e-12,4487,96796
5,-7.76102145512899e-12,4487,96796
6,-7.76102145512899e-12,4487,96796
7,-7.76102145512899e-12,4487,96796
8,-7.76102145512899e-12,4487,96796
9,-7.76102145512899e-12,4487,96796
10,-7.76102145512899e-12,4487,96796
11,-7.76102145512899e-12,4487,96796
12,-7.76102145512899e-12,4487,96796
13,-7.76102145512899e-12,4487,96796
14,-7.76102145512899e-12,4487,96796
15,-15.590975631352,4487,96796
16,-7.76102145512899e-12,4487,96796
17,-7.76102145512899e-12,4487,96796
18,-7.76102145512899e-12,4487,96796
19,-7.76102145512899e-12,4487,96796
20,-7.76102145512899e-12,4487,96796
21,-7.76102145512899e-12,4487,96796
22,-7.76102145512899e-12,4487,96796
23,-15.590975631352,4487,96796
1,-1.06714045008024e-11,4489,96766
2,-1.06714045008024e-11,4489,96766
3,-1.06714045008024e-11,4489,96766
4,-1.06714045008024e-11,4489,96766
5,-1.06714045008024e-11,4489,96766
6,-34.2894257591552,4489,96766
7,-1.06714045008024e-11,4489,96766
8,-1.06714045008024e-11,4489,96766
9,-1.06714045008024e-11,4489,96766
10,-1.06714045008024e-11,4489,96766
11,-1.06714045008024e-11,4489,96766
12,-1.06714045008024e-11,4489,96766
13,-1.06714045008024e-11,4489,96766
14,-1.06714045008024e-11,4489,96766
15,-1.06714045008024e-11,4489,96766
16,-1.06714045008024e-11,4489,96766
17,-1.06714045008024e-11,4489,96766
18,-1.06714045008024e-11,4489,96766
19,-1.06714045008024e-11,4489,96766
20,-1.06714045008024e-11,4489,96766
21,-1.06714045008024e-11,4489,96766
22,-1.06714045008024e-11,4489,96766
23,-34.2894257591552,4489,96766
1,-5.33570225040118e-12,4500,96706
2,-5.33570225040118e-12,4500,96706
3,-5.33570225040118e-12,4500,96706
4,-5.33570225040118e-12,4500,96706
5,-5.33570225040118e-12,4500,96706
6,-5.33570225040118e-12,4500,96706
7,-5.33570225040118e-12,4500,96706
8,-5.33570225040118e-12,4500,96706
9,-5.33570225040118e-12,4500,96706
10,-5.33570225040118e-12,4500,96706
11,-5.33570225040118e-12,4500,96706
12,-5.33570225040118e-12,4500,96706
13,-5.33570225040118e-12,4500,96706
14,-5.33570225040118e-12,4500,96706
15,-5.33570225040118e-12,4500,96706
16,-5.33570225040118e-12,4500,96706
17,-5.33570225040118e-12,4500,96706
18,-5.33570225040118e-12,4500,96706
19,-5.33570225040118e-12,4500,96706
20,-5.33570225040118e-12,4500,96706
21,-5.33570225040118e-12,4500,96706
22,-13.9541322500469,4500,96706
23,-13.9541322500469,4500,96706
1,-1.01863406598568e-11,6151,96819
2,-1.01863406598568e-11,6151,96819
3,-1.01863406598568e-11,6151,96819
4,-1.01863406598568e-11,6151,96819
5,-1.01863406598568e-11,6151,96819
6,-1.01863406598568e-11,6151,96819
7,-1.01863406598568e-11,6151,96819
8,-1.01863406598568e-11,6151,96819
9,-1.01863406598568e-11,6151,96819
10,-1.01863406598568e-11,6151,96819
11,-1.01863406598568e-11,6151,96819
12,-1.01863406598568e-11,6151,96819
13,-1.01863406598568e-11,6151,96819
14,-25.8736760638349,6151,96819
15,-1.01863406598568e-11,6151,96819
16,-1.01863406598568e-11,6151,96819
17,-1.01863406598568e-11,6151,96819
18,-1.01863406598568e-11,6151,96819
19,-1.01863406598568e-11,6151,96819
20,-1.01863406598568e-11,6151,96819
21,-1.01863406598568e-11,6151,96819
22,-1.01863406598568e-11,6151,96819
23,-25.8736760638349,6151,96819
1,5.82076609134674e-12,4508,96786
2,5.82076609134674e-12,4508,96786
3,5.82076609134674e-12,4508,96786
4,5.82076609134674e-12,4508,96786
5,5.82076609134674e-12,4508,96786
6,5.82076609134674e-12,4508,96786
7,5.82076609134674e-12,4508,96786
8,5.82076609134674e-12,4508,96786
9,5.82076609134674e-12,4508,96786
10,5.82076609134674e-12,4508,96786
11,5.82076609134674e-12,4508,96786
12,5.82076609134674e-12,4508,96786
13,5.82076609134674e-12,4508,96786
14,-22.5764426389762,4508,96786
15,5.82076609134674e-12,4508,96786
16,5.82076609134674e-12,4508,96786
17,5.82076609134674e-12,4508,96786
18,5.82076609134674e-12,4508,96786
19,5.82076609134674e-12,4508,96786
20,5.82076609134674e-12,4508,96786
21,5.82076609134674e-12,4508,96786
22,5.82076609134674e-12,4508,96786
23,-22.5764426389762,4508,96786
1,1.94025536378225e-12,6155,96707
2,1.94025536378225e-12,6155,96707
3,-129.146546364629,6155,96707
4,1.94025536378225e-12,6155,96707
5,1.94025536378225e-12,6155,96707
6,1.94025536378225e-12,6155,96707
7,1.94025536378225e-12,6155,96707
8,1.94025536378225e-12,6155,96707
9,1.94025536378225e-12,6155,96707
10,1.94025536378225e-12,6155,96707
11,1.94025536378225e-12,6155,96707
12,1.94025536378225e-12,6155,96707
13,1.94025536378225e-12,6155,96707
14,1.94025536378225e-12,6155,96707
15,1.94025536378225e-12,6155,96707
16,1.94025536378225e-12,6155,96707
17,1.94025536378225e-12,6155,96707
18,1.94025536378225e-12,6155,96707
19,1.94025536378225e-12,6155,96707
20,1.94025536378225e-12,6155,96707
21,1.94025536378225e-12,6155,96707
22,1.94025536378225e-12,6155,96707
23,-129.146546364629,6155,96707
1,-2.91038304567337e-12,6159,96720
2,-2.91038304567337e-12,6159,96720
3,-2.91038304567337e-12,6159,96720
4,-2.91038304567337e-12,6159,96720
5,-2.91038304567337e-12,6159,96720
6,-2.91038304567337e-12,6159,96720
7,-2.91038304567337e-12,6159,96720
8,-2.91038304567337e-12,6159,96720
9,-2.91038304567337e-12,6159,96720
10,-2.91038304567337e-12,6159,96720
11,-2.91038304567337e-12,6159,96720
12,-2.91038304567337e-12,6159,96720
13,-2.91038304567337e-12,6159,96720
14,-2.91038304567337e-12,6159,96720
15,-15.7639172212703,6159,96720
16,-2.91038304567337e-12,6159,96720
17,-2.91038304567337e-12,6159,96720
18,-2.91038304567337e-12,6159,96720
19,-2.91038304567337e-12,6159,96720
20,-2.91038304567337e-12,6159,96720
21,-2.91038304567337e-12,6159,96720
22,-2.91038304567337e-12,6159,96720
23,-15.7639172240204,6159,96720
1,-2.91038304567337e-12,4526,96746
2,-2.91038304567337e-12,4526,96746
3,-2.91038304567337e-12,4526,96746
4,-2.91038304567337e-12,4526,96746
5,-2.91038304567337e-12,4526,96746
6,-2.91038304567337e-12,4526,96746
7,-37.5312092057053,4526,96746
8,-2.91038304567337e-12,4526,96746
9,-2.91038304567337e-12,4526,96746
10,-2.91038304567337e-12,4526,96746
11,-2.91038304567337e-12,4526,96746
12,-2.91038304567337e-12,4526,96746
13,-2.91038304567337e-12,4526,96746
14,-2.91038304567337e-12,4526,96746
15,-2.91038304567337e-12,4526,96746
16,-2.91038304567337e-12,4526,96746
17,-2.91038304567337e-12,4526,96746
18,-2.91038304567337e-12,4526,96746
19,-2.91038304567337e-12,4526,96746
20,-2.91038304567337e-12,4526,96746
21,-2.91038304567337e-12,4526,96746
22,-2.91038304567337e-12,4526,96746
23,-37.5312092057065,4526,96746
1,-4.36557456851005e-12,4536,96714
2,-4.36557456851005e-12,4536,96714
3,-4.36557456851005e-12,4536,96714
4,-4.36557456851005e-12,4536,96714
5,-4.36557456851005e-12,4536,96714
6,-4.36557456851005e-12,4536,96714
7,-4.36557456851005e-12,4536,96714
8,-4.36557456851005e-12,4536,96714
9,-4.36557456851005e-12,4536,96714
10,-4.36557456851005e-12,4536,96714
11,-4.36557456851005e-12,4536,96714
12,-4.36557456851005e-12,4536,96714
13,-4.36557456851005e-12,4536,96714
14,-22.9629324079149,4536,96714
15,-4.36557456851005e-12,4536,96714
16,-4.36557456851005e-12,4536,96714
17,-4.36557456851005e-12,4536,96714
18,-4.36557456851005e-12,4536,96714
19,-4.36557456851005e-12,4536,96714
20,-4.36557456851005e-12,4536,96714
21,-4.36557456851005e-12,4536,96714
22,-4.36557456851005e-12,4536,96714
23,-22.9629324079149,4536,96714
1,2.42531920472781e-12,4538,96766
2,2.42531920472781e-12,4538,96766
3,2.42531920472781e-12,4538,96766
4,2.42531920472781e-12,4538,96766
5,2.42531920472781e-12,4538,96766
6,2.42531920472781e-12,4538,96766
7,2.42531920472781e-12,4538,96766
8,2.42531920472781e-12,4538,96766
9,2.42531920472781e-12,4538,96766
10,2.42531920472781e-12,4538,96766
11,-114.278763177304,4538,96766
12,2.42531920472781e-12,4538,96766
13,2.42531920472781e-12,4538,96766
14,2.42531920472781e-12,4538,96766
15,2.42531920472781e-12,4538,96766
16,2.42531920472781e-12,4538,96766
17,2.42531920472781e-12,4538,96766
18,2.42531920472781e-12,4538,96766
19,2.42531920472781e-12,4538,96766
20,2.42531920472781e-12,4538,96766
21,2.42531920472781e-12,4538,96766
22,2.42531920472781e-12,4538,96766
23,-114.278763177343,4538,96766
1,2.42531920472783e-13,4539,96797
2,2.42531920472783e-13,4539,96797
3,2.42531920472783e-13,4539,96797
4,2.42531920472783e-13,4539,96797
5,2.42531920472783e-13,4539,96797
6,2.42531920472783e-13,4539,96797
7,2.42531920472783e-13,4539,96797
8,2.42531920472783e-13,4539,96797
9,2.42531920472783e-13,4539,96797
10,2.42531920472783e-13,4539,96797
11,2.42531920472783e-13,4539,96797
12,2.42531920472783e-13,4539,96797
13,2.42531920472783e-13,4539,96797
14,2.42531920472783e-13,4539,96797
15,2.42531920472783e-13,4539,96797
16,2.42531920472783e-13,4539,96797
17,2.42531920472783e-13,4539,96797
18,2.42531920472783e-13,4539,96797
19,2.42531920472783e-13,4539,96797
20,-138.408769275908,4539,96797
21,2.42531920472783e-13,4539,96797
22,2.42531920472783e-13,4539,96797
23,-138.408769297798,4539,96797
1,-8.73114913702011e-12,4542,96746
2,-8.73114913702011e-12,4542,96746
3,-8.73114913702011e-12,4542,96746
4,-8.73114913702011e-12,4542,96746
5,-8.73114913702011e-12,4542,96746
6,-8.73114913702011e-12,4542,96746
7,-8.73114913702011e-12,4542,96746
8,-8.73114913702011e-12,4542,96746
9,-8.73114913702011e-12,4542,96746
10,-8.73114913702011e-12,4542,96746
11,-8.73114913702011e-12,4542,96746
12,-8.73114913702011e-12,4542,96746
13,-8.73114913702011e-12,4542,96746
14,-8.73114913702011e-12,4542,96746
15,-8.73114913702011e-12,4542,96746
16,-8.73114913702011e-12,4542,96746
17,-8.73114913702011e-12,4542,96746
18,-8.73114913702011e-12,4542,96746
19,-8.73114913702011e-12,4542,96746
20,-27.1225633337832,4542,96746
21,-8.73114913702011e-12,4542,96746
22,-8.73114913702011e-12,4542,96746
23,-27.1225633337832,4542,96746
1,-1.5522042910258e-11,4552,96712
2,-1.5522042910258e-11,4552,96712
3,-1.5522042910258e-11,4552,96712
4,-1.5522042910258e-11,4552,96712
5,-1.5522042910258e-11,4552,96712
6,-1.5522042910258e-11,4552,96712
7,-1.5522042910258e-11,4552,96712
8,-31.0475166170218,4552,96712
9,-1.5522042910258e-11,4552,96712
10,-1.5522042910258e-11,4552,96712
11,-1.5522042910258e-11,4552,96712
12,-1.5522042910258e-11,4552,96712
13,-1.5522042910258e-11,4552,96712
14,-1.5522042910258e-11,4552,96712
15,-1.5522042910258e-11,4552,96712
16,-1.5522042910258e-11,4552,96712
17,-1.5522042910258e-11,4552,96712
18,-1.5522042910258e-11,4552,96712
19,-1.5522042910258e-11,4552,96712
20,-1.5522042910258e-11,4552,96712
21,-1.5522042910258e-11,4552,96712
22,-1.5522042910258e-11,4552,96712
23,-31.0475166170218,4552,96712
1,-1.01863406598568e-11,6176,96791
2,-1.01863406598568e-11,6176,96791
3,-1.01863406598568e-11,6176,96791
4,-1.01863406598568e-11,6176,96791
5,-1.01863406598568e-11,6176,96791
6,-1.01863406598568e-11,6176,96791
7,-1.01863406598568e-11,6176,96791
8,-1.01863406598568e-11,6176,96791
9,-1.01863406598568e-11,6176,96791
10,-1.01863406598568e-11,6176,96791
11,-1.01863406598568e-11,6176,96791
12,-1.01863406598568e-11,6176,96791
13,-1.01863406598568e-11,6176,96791
14,-33.9319532831966,6176,96791
15,-1.01863406598568e-11,6176,96791
16,-1.01863406598568e-11,6176,96791
17,-1.01863406598568e-11,6176,96791
18,-1.01863406598568e-11,6176,96791
19,-1.01863406598568e-11,6176,96791
20,-1.01863406598568e-11,6176,96791
21,-1.01863406598568e-11,6176,96791
22,-1.01863406598568e-11,6176,96791
23,-33.9319532831966,6176,96791
1,-4.36557456851005e-12,4574,96746
2,-4.36557456851005e-12,4574,96746
3,-4.36557456851005e-12,4574,96746
4,-4.36557456851005e-12,4574,96746
5,-4.36557456851005e-12,4574,96746
6,-4.36557456851005e-12,4574,96746
7,-4.36557456851005e-12,4574,96746
8,-4.36557456851005e-12,4574,96746
9,-4.36557456851005e-12,4574,96746
10,-4.36557456851005e-12,4574,96746
11,-4.36557456851005e-12,4574,96746
12,-4.36557456851005e-12,4574,96746
13,-4.36557456851005e-12,4574,96746
14,-4.36557456851005e-12,4574,96746
15,-4.36557456851005e-12,4574,96746
16,-4.36557456851005e-12,4574,96746
17,-4.36557456851005e-12,4574,96746
18,-4.36557456851005e-12,4574,96746
19,-4.36557456851005e-12,4574,96746
20,-4.36557456851005e-12,4574,96746
21,-13.0165858804331,4574,96746
22,-4.36557456851005e-12,4574,96746
23,-13.0165858804331,4574,96746
1,-9.21621297796568e-12,4578,96701
2,-9.21621297796568e-12,4578,96701
3,-9.21621297796568e-12,4578,96701
4,-9.21621297796568e-12,4578,96701
5,-9.21621297796568e-12,4578,96701
6,-19.9948172272338,4578,96701
7,-9.21621297796568e-12,4578,96701
8,-9.21621297796568e-12,4578,96701
9,-9.21621297796568e-12,4578,96701
10,-9.21621297796568e-12,4578,96701
11,-9.21621297796568e-12,4578,96701
12,-9.21621297796568e-12,4578,96701
13,-9.21621297796568e-12,4578,96701
14,-9.21621297796568e-12,4578,96701
15,-9.21621297796568e-12,4578,96701
16,-9.21621297796568e-12,4578,96701
17,-9.21621297796568e-12,4578,96701
18,-9.21621297796568e-12,4578,96701
19,-9.21621297796568e-12,4578,96701
20,-9.21621297796568e-12,4578,96701
21,-9.21621297796568e-12,4578,96701
22,-9.21621297796568e-12,4578,96701
23,-19.9948172272338,4578,96701
1,-1.11564683417479e-11,6178,96813
2,-1.11564683417479e-11,6178,96813
3,-1.11564683417479e-11,6178,96813
4,-1.11564683417479e-11,6178,96813
5,-1.11564683417479e-11,6178,96813
6,-1.11564683417479e-11,6178,96813
7,-1.11564683417479e-11,6178,96813
8,-1.11564683417479e-11,6178,96813
9,-1.11564683417479e-11,6178,96813
10,-1.11564683417479e-11,6178,96813
11,-1.11564683417479e-11,6178,96813
12,-1.11564683417479e-11,6178,96813
13,-1.11564683417479e-11,6178,96813
14,-1.11564683417479e-11,6178,96813
15,-30.8395066520243,6178,96813
16,-1.11564683417479e-11,6178,96813
17,-1.11564683417479e-11,6178,96813
18,-1.11564683417479e-11,6178,96813
19,-1.11564683417479e-11,6178,96813
20,-1.11564683417479e-11,6178,96813
21,-1.11564683417479e-11,6178,96813
22,-1.11564683417479e-11,6178,96813
23,-30.8395066520243,6178,96813
1,-9.21621297796568e-12,4596,96815
2,-9.21621297796568e-12,4596,96815
3,-9.21621297796568e-12,4596,96815
4,-9.21621297796568e-12,4596,96815
5,-9.21621297796568e-12,4596,96815
6,-9.21621297796568e-12,4596,96815
7,-9.21621297796568e-12,4596,96815
8,-9.21621297796568e-12,4596,96815
9,-9.21621297796568e-12,4596,96815
10,-9.21621297796568e-12,4596,96815
11,-9.21621297796568e-12,4596,96815
12,-9.21621297796568e-12,4596,96815
13,-9.21621297796568e-12,4596,96815
14,-9.21621297796568e-12,4596,96815
15,-8.88439031287489,4596,96815
16,-9.21621297796568e-12,4596,96815
17,-9.21621297796568e-12,4596,96815
18,-9.21621297796568e-12,4596,96815
19,-9.21621297796568e-12,4596,96815
20,-9.21621297796568e-12,4596,96815
21,-9.21621297796568e-12,4596,96815
22,-9.21621297796568e-12,4596,96815
23,-8.88439031287756,4596,96815
1,-9.70127681891127e-13,6183,96756
2,-9.70127681891127e-13,6183,96756
3,-9.70127681891127e-13,6183,96756
4,-9.70127681891127e-13,6183,96756
5,-9.70127681891127e-13,6183,96756
6,-9.70127681891127e-13,6183,96756
7,-9.70127681891127e-13,6183,96756
8,-9.70127681891127e-13,6183,96756
9,-9.70127681891127e-13,6183,96756
10,-9.70127681891127e-13,6183,96756
11,-92.6186780561777,6183,96756
12,-9.70127681891127e-13,6183,96756
13,-9.70127681891127e-13,6183,96756
14,-9.70127681891127e-13,6183,96756
15,-9.70127681891127e-13,6183,96756
16,-9.70127681891127e-13,6183,96756
17,-9.70127681891127e-13,6183,96756
18,-9.70127681891127e-13,6183,96756
19,-9.70127681891127e-13,6183,96756
20,-9.70127681891127e-13,6183,96756
21,-9.70127681891127e-13,6183,96756
22,-9.70127681891127e-13,6183,96756
23,-92.618678071458,6183,96756
1,-1.45519152283669e-11,4610,96706
2,-1.45519152283669e-11,4610,96706
3,-1.45519152283669e-11,4610,96706
4,-1.45519152283669e-11,4610,96706
5,-1.45519152283669e-11,4610,96706
6,-1.45519152283669e-11,4610,96706
7,-1.45519152283669e-11,4610,96706
8,-29.9090505652028,4610,96706
9,-1.45519152283669e-11,4610,96706
10,-1.45519152283669e-11,4610,96706
11,-1.45519152283669e-11,4610,96706
12,-1.45519152283669e-11,4610,96706
13,-1.45519152283669e-11,4610,96706
14,-1.45519152283669e-11,4610,96706
15,-1.45519152283669e-11,4610,96706
16,-1.45519152283669e-11,4610,96706
17,-1.45519152283669e-11,4610,96706
18,-1.45519152283669e-11,4610,96706
19,-1.45519152283669e-11,4610,96706
20,-1.45519152283669e-11,4610,96706
21,-1.45519152283669e-11,4610,96706
22,-1.45519152283669e-11,4610,96706
23,-29.9090505652028,4610,96706
1,-1.69772344330947e-12,4611,96786
2,-1.69772344330947e-12,4611,96786
3,-1.69772344330947e-12,4611,96786
4,-1.69772344330947e-12,4611,96786
5,-1.69772344330947e-12,4611,96786
6,-1.69772344330947e-12,4611,96786
7,-36.0662276424654,4611,96786
8,-1.69772344330947e-12,4611,96786
9,-1.69772344330947e-12,4611,96786
10,-1.69772344330947e-12,4611,96786
11,-1.69772344330947e-12,4611,96786
12,-1.69772344330947e-12,4611,96786
13,-1.69772344330947e-12,4611,96786
14,-1.69772344330947e-12,4611,96786
15,-1.69772344330947e-12,4611,96786
16,-1.69772344330947e-12,4611,96786
17,-1.69772344330947e-12,4611,96786
18,-1.69772344330947e-12,4611,96786
19,-1.69772344330947e-12,4611,96786
20,-1.69772344330947e-12,4611,96786
21,-1.69772344330947e-12,4611,96786
22,-1.69772344330947e-12,4611,96786
23,-36.0662276496354,4611,96786
1,-1.50369790693124e-11,4612,96714
2,-1.50369790693124e-11,4612,96714
3,-1.50369790693124e-11,4612,96714
4,-1.50369790693124e-11,4612,96714
5,-1.50369790693124e-11,4612,96714
6,-1.50369790693124e-11,4612,96714
7,-1.50369790693124e-11,4612,96714
8,-6.06892347012957,4612,96714
9,-1.50369790693124e-11,4612,96714
10,-1.50369790693124e-11,4612,96714
11,-1.50369790693124e-11,4612,96714
12,-1.50369790693124e-11,4612,96714
13,-1.50369790693124e-11,4612,96714
14,-1.50369790693124e-11,4612,96714
15,-1.50369790693124e-11,4612,96714
16,-1.50369790693124e-11,4612,96714
17,-1.50369790693124e-11,4612,96714
18,-1.50369790693124e-11,4612,96714
19,-1.50369790693124e-11,4612,96714
20,-1.50369790693124e-11,4612,96714
21,-1.50369790693124e-11,4612,96714
22,-1.50369790693124e-11,4612,96714
23,-6.06892347012957,4612,96714
1,-4.85063840945562e-12,4628,96734
2,-4.85063840945562e-12,4628,96734
3,-4.85063840945562e-12,4628,96734
4,-4.85063840945562e-12,4628,96734
5,-4.85063840945562e-12,4628,96734
6,-4.85063840945562e-12,4628,96734
7,-4.85063840945562e-12,4628,96734
8,-4.85063840945562e-12,4628,96734
9,-4.85063840945562e-12,4628,96734
10,-4.85063840945562e-12,4628,96734
11,-4.85063840945562e-12,4628,96734
12,-4.85063840945562e-12,4628,96734
13,-4.85063840945562e-12,4628,96734
14,-19.97758128102,4628,96734
15,-4.85063840945562e-12,4628,96734
16,-4.85063840945562e-12,4628,96734
17,-4.85063840945562e-12,4628,96734
18,-4.85063840945562e-12,4628,96734
19,-4.85063840945562e-12,4628,96734
20,-4.85063840945562e-12,4628,96734
21,-4.85063840945562e-12,4628,96734
22,-4.85063840945562e-12,4628,96734
23,-19.97758128102,4628,96734
1,-1.30967237055302e-11,4629,96741
2,-1.30967237055302e-11,4629,96741
3,-1.30967237055302e-11,4629,96741
4,-1.30967237055302e-11,4629,96741
5,-1.30967237055302e-11,4629,96741
6,-1.30967237055302e-11,4629,96741
7,-1.30967237055302e-11,4629,96741
8,-1.30967237055302e-11,4629,96741
9,-1.30967237055302e-11,4629,96741
10,-1.30967237055302e-11,4629,96741
11,-1.30967237055302e-11,4629,96741
12,-1.30967237055302e-11,4629,96741
13,-1.30967237055302e-11,4629,96741
14,-26.2945294578298,4629,96741
15,-1.30967237055302e-11,4629,96741
16,-1.30967237055302e-11,4629,96741
17,-1.30967237055302e-11,4629,96741
18,-1.30967237055302e-11,4629,96741
19,-1.30967237055302e-11,4629,96741
20,-1.30967237055302e-11,4629,96741
21,-1.30967237055302e-11,4629,96741
22,-1.30967237055302e-11,4629,96741
23,-26.2945294578298,4629,96741
1,-3.39544688661893e-12,4634,96753
2,-31.2923509794404,4634,96753
3,-3.39544688661893e-12,4634,96753
4,-3.39544688661893e-12,4634,96753
5,-3.39544688661893e-12,4634,96753
6,-3.39544688661893e-12,4634,96753
7,-3.39544688661893e-12,4634,96753
8,-3.39544688661893e-12,4634,96753
9,-3.39544688661893e-12,4634,96753
10,-3.39544688661893e-12,4634,96753
11,-3.39544688661893e-12,4634,96753
12,-3.39544688661893e-12,4634,96753
13,-3.39544688661893e-12,4634,96753
14,-3.39544688661893e-12,4634,96753
15,-3.39544688661893e-12,4634,96753
16,-3.39544688661893e-12,4634,96753
17,-30.4449094234078,4634,96753
18,-3.39544688661893e-12,4634,96753
19,-3.39544688661893e-12,4634,96753
20,-3.39544688661893e-12,4634,96753
21,-3.39544688661893e-12,4634,96753
22,-3.39544688661893e-12,4634,96753
23,-61.8536293429187,4634,96753
1,0,4644,96740
2,0,4644,96740
3,0,4644,96740
4,0,4644,96740
5,0,4644,96740
6,0,4644,96740
7,0,4644,96740
8,-28.5940649932493,4644,96740
9,0,4644,96740
10,0,4644,96740
11,0,4644,96740
12,0,4644,96740
13,0,4644,96740
14,0,4644,96740
15,0,4644,96740
16,0,4644,96740
17,0,4644,96740
18,0,4644,96740
19,0,4644,96740
20,0,4644,96740
21,0,4644,96740
22,0,4644,96740
23,-28.5940649932493,4644,96740
1,-3.88051072756449e-12,6196,96727
2,-152.476469252864,6196,96727
3,-145.477695236735,6196,96727
4,-3.88051072756449e-12,6196,96727
5,-3.88051072756449e-12,6196,96727
6,-3.88051072756449e-12,6196,96727
7,-3.88051072756449e-12,6196,96727
8,-3.88051072756449e-12,6196,96727
9,-3.88051072756449e-12,6196,96727
10,-3.88051072756449e-12,6196,96727
11,-3.88051072756449e-12,6196,96727
12,-3.88051072756449e-12,6196,96727
13,-3.88051072756449e-12,6196,96727
14,-3.88051072756449e-12,6196,96727
15,-3.88051072756449e-12,6196,96727
16,-3.88051072756449e-12,6196,96727
17,-3.88051072756449e-12,6196,96727
18,-3.88051072756449e-12,6196,96727
19,-3.88051072756449e-12,6196,96727
20,-3.88051072756449e-12,6196,96727
21,-3.88051072756449e-12,6196,96727
22,-3.88051072756449e-12,6196,96727
23,-300.635258502151,6196,96727
1,-1.74622982740402e-11,4662,96766
2,-1.74622982740402e-11,4662,96766
3,-1.74622982740402e-11,4662,96766
4,-1.74622982740402e-11,4662,96766
5,-1.74622982740402e-11,4662,96766
6,-1.74622982740402e-11,4662,96766
7,-1.74622982740402e-11,4662,96766
8,-1.74622982740402e-11,4662,96766
9,-1.74622982740402e-11,4662,96766
10,-9.74232310880179,4662,96766
11,-1.74622982740402e-11,4662,96766
12,-1.74622982740402e-11,4662,96766
13,-1.74622982740402e-11,4662,96766
14,-1.74622982740402e-11,4662,96766
15,-1.74622982740402e-11,4662,96766
16,-1.74622982740402e-11,4662,96766
17,-1.74622982740402e-11,4662,96766
18,-1.74622982740402e-11,4662,96766
19,-1.74622982740402e-11,4662,96766
20,-1.74622982740402e-11,4662,96766
21,-1.74622982740402e-11,4662,96766
22,-1.74622982740402e-11,4662,96766
23,-9.74232310880179,4662,96766
1,-2.42531920472781e-12,6198,96816
2,-2.42531920472781e-12,6198,96816
3,-2.42531920472781e-12,6198,96816
4,-2.42531920472781e-12,6198,96816
5,-2.42531920472781e-12,6198,96816
6,-2.42531920472781e-12,6198,96816
7,-2.42531920472781e-12,6198,96816
8,-2.42531920472781e-12,6198,96816
9,-2.42531920472781e-12,6198,96816
10,-2.42531920472781e-12,6198,96816
11,-2.42531920472781e-12,6198,96816
12,-2.42531920472781e-12,6198,96816
13,-2.42531920472781e-12,6198,96816
14,-21.854463916838,6198,96816
15,-2.42531920472781e-12,6198,96816
16,-2.42531920472781e-12,6198,96816
17,-2.42531920472781e-12,6198,96816
18,-2.42531920472781e-12,6198,96816
19,-2.42531920472781e-12,6198,96816
20,-2.42531920472781e-12,6198,96816
21,-2.42531920472781e-12,6198,96816
22,-2.42531920472781e-12,6198,96816
23,-21.854463916838,6198,96816
1,2.91038304567337e-12,4668,96813
2,2.91038304567337e-12,4668,96813
3,2.91038304567337e-12,4668,96813
4,2.91038304567337e-12,4668,96813
5,2.91038304567337e-12,4668,96813
6,2.91038304567337e-12,4668,96813
7,2.91038304567337e-12,4668,96813
8,2.91038304567337e-12,4668,96813
9,2.91038304567337e-12,4668,96813
10,2.91038304567337e-12,4668,96813
11,2.91038304567337e-12,4668,96813
12,2.91038304567337e-12,4668,96813
13,2.91038304567337e-12,4668,96813
14,-33.0972224850625,4668,96813
15,2.91038304567337e-12,4668,96813
16,2.91038304567337e-12,4668,96813
17,2.91038304567337e-12,4668,96813
18,2.91038304567337e-12,4668,96813
19,2.91038304567337e-12,4668,96813
20,2.91038304567337e-12,4668,96813
21,2.91038304567337e-12,4668,96813
22,2.91038304567337e-12,4668,96813
23,-33.0972224850625,4668,96813
1,-9.70127681891123e-12,4676,96816
2,-9.70127681891123e-12,4676,96816
3,-9.70127681891123e-12,4676,96816
4,-9.70127681891123e-12,4676,96816
5,-9.70127681891123e-12,4676,96816
6,-24.7495243891071,4676,96816
7,-9.70127681891123e-12,4676,96816
8,-9.70127681891123e-12,4676,96816
9,-9.70127681891123e-12,4676,96816
10,-9.70127681891123e-12,4676,96816
11,-9.70127681891123e-12,4676,96816
12,-9.70127681891123e-12,4676,96816
13,-9.70127681891123e-12,4676,96816
14,-9.70127681891123e-12,4676,96816
15,-9.70127681891123e-12,4676,96816
16,-9.70127681891123e-12,4676,96816
17,-21.2502962959567,4676,96816
18,-9.70127681891123e-12,4676,96816
19,-9.70127681891123e-12,4676,96816
20,-9.70127681891123e-12,4676,96816
21,-9.70127681891123e-12,4676,96816
22,-9.70127681891123e-12,4676,96816
23,-46.0538328802664,4676,96816
1,3.88051072756449e-12,4685,96814
2,3.88051072756449e-12,4685,96814
3,3.88051072756449e-12,4685,96814
4,3.88051072756449e-12,4685,96814
5,3.88051072756449e-12,4685,96814
6,3.88051072756449e-12,4685,96814
7,3.88051072756449e-12,4685,96814
8,3.88051072756449e-12,4685,96814
9,3.88051072756449e-12,4685,96814
10,3.88051072756449e-12,4685,96814
11,3.88051072756449e-12,4685,96814
12,3.88051072756449e-12,4685,96814
13,3.88051072756449e-12,4685,96814
14,3.88051072756449e-12,4685,96814
15,3.88051072756449e-12,4685,96814
16,3.88051072756449e-12,4685,96814
17,-25.0990698438041,4685,96814
18,3.88051072756449e-12,4685,96814
19,3.88051072756449e-12,4685,96814
20,3.88051072756449e-12,4685,96814
21,3.88051072756449e-12,4685,96814
22,3.88051072756449e-12,4685,96814
23,-25.0990698438041,4685,96814
1,-1.16415321826935e-11,4687,96815
2,-1.16415321826935e-11,4687,96815
3,-1.16415321826935e-11,4687,96815
4,-1.16415321826935e-11,4687,96815
5,-1.16415321826935e-11,4687,96815
6,-1.16415321826935e-11,4687,96815
7,-1.16415321826935e-11,4687,96815
8,-1.16415321826935e-11,4687,96815
9,-1.16415321826935e-11,4687,96815
10,-1.16415321826935e-11,4687,96815
11,-1.16415321826935e-11,4687,96815
12,-1.16415321826935e-11,4687,96815
13,-1.16415321826935e-11,4687,96815
14,-33.3393590566867,4687,96815
15,-1.16415321826935e-11,4687,96815
16,-1.16415321826935e-11,4687,96815
17,-1.16415321826935e-11,4687,96815
18,-1.16415321826935e-11,4687,96815
19,-1.16415321826935e-11,4687,96815
20,-1.16415321826935e-11,4687,96815
21,-1.16415321826935e-11,4687,96815
22,-1.16415321826935e-11,4687,96815
23,-33.3393590566867,4687,96815
1,2.42531920472781e-12,4692,96766
2,2.42531920472781e-12,4692,96766
3,2.42531920472781e-12,4692,96766
4,2.42531920472781e-12,4692,96766
5,-34.4317076840797,4692,96766
6,2.42531920472781e-12,4692,96766
7,2.42531920472781e-12,4692,96766
8,2.42531920472781e-12,4692,96766
9,2.42531920472781e-12,4692,96766
10,2.42531920472781e-12,4692,96766
11,2.42531920472781e-12,4692,96766
12,2.42531920472781e-12,4692,96766
13,2.42531920472781e-12,4692,96766
14,2.42531920472781e-12,4692,96766
15,2.42531920472781e-12,4692,96766
16,2.42531920472781e-12,4692,96766
17,2.42531920472781e-12,4692,96766
18,2.42531920472781e-12,4692,96766
19,2.42531920472781e-12,4692,96766
20,2.42531920472781e-12,4692,96766
21,2.42531920472781e-12,4692,96766
22,2.42531920472781e-12,4692,96766
23,-34.4317076840797,4692,96766
1,-5.33570225040118e-12,4695,96744
2,-5.33570225040118e-12,4695,96744
3,-5.33570225040118e-12,4695,96744
4,-5.33570225040118e-12,4695,96744
5,-5.33570225040118e-12,4695,96744
6,-5.33570225040118e-12,4695,96744
7,-5.33570225040118e-12,4695,96744
8,-5.33570225040118e-12,4695,96744
9,-5.33570225040118e-12,4695,96744
10,-5.33570225040118e-12,4695,96744
11,-5.33570225040118e-12,4695,96744
12,-5.33570225040118e-12,4695,96744
13,-5.33570225040118e-12,4695,96744
14,-24.3862026807498,4695,96744
15,-5.33570225040118e-12,4695,96744
16,-5.33570225040118e-12,4695,96744
17,-5.33570225040118e-12,4695,96744
18,-5.33570225040118e-12,4695,96744
19,-5.33570225040118e-12,4695,96744
20,-5.33570225040118e-12,4695,96744
21,-5.33570225040118e-12,4695,96744
22,-5.33570225040118e-12,4695,96744
23,-24.3862026807498,4695,96744
1,-1.26116598645846e-11,4696,96734
2,-1.26116598645846e-11,4696,96734
3,-1.26116598645846e-11,4696,96734
4,-1.26116598645846e-11,4696,96734
5,-1.26116598645846e-11,4696,96734
6,-1.26116598645846e-11,4696,96734
7,-1.26116598645846e-11,4696,96734
8,-1.26116598645846e-11,4696,96734
9,-1.26116598645846e-11,4696,96734
10,-1.26116598645846e-11,4696,96734
11,-1.26116598645846e-11,4696,96734
12,-1.26116598645846e-11,4696,96734
13,-1.26116598645846e-11,4696,96734
14,-1.26116598645846e-11,4696,96734
15,-21.3512135903205,4696,96734
16,-1.26116598645846e-11,4696,96734
17,-1.26116598645846e-11,4696,96734
18,-1.26116598645846e-11,4696,96734
19,-1.26116598645846e-11,4696,96734
20,-1.26116598645846e-11,4696,96734
21,-1.26116598645846e-11,4696,96734
22,-1.26116598645846e-11,4696,96734
23,-21.3512135903205,4696,96734
1,-1.26116598645846e-11,4727,96743
2,-1.26116598645846e-11,4727,96743
3,-1.26116598645846e-11,4727,96743
4,-1.26116598645846e-11,4727,96743
5,-1.26116598645846e-11,4727,96743
6,-1.26116598645846e-11,4727,96743
7,-1.26116598645846e-11,4727,96743
8,-1.26116598645846e-11,4727,96743
9,-1.26116598645846e-11,4727,96743
10,-1.26116598645846e-11,4727,96743
11,-1.26116598645846e-11,4727,96743
12,-1.26116598645846e-11,4727,96743
13,-1.26116598645846e-11,4727,96743
14,-1.26116598645846e-11,4727,96743
15,-21.3512135903205,4727,96743
16,-1.26116598645846e-11,4727,96743
17,-1.26116598645846e-11,4727,96743
18,-1.26116598645846e-11,4727,96743
19,-1.26116598645846e-11,4727,96743
20,-1.26116598645846e-11,4727,96743
21,-1.26116598645846e-11,4727,96743
22,-1.26116598645846e-11,4727,96743
23,-21.3512135903205,4727,96743
1,-7.76102145512899e-12,6211,96703
2,-7.76102145512899e-12,6211,96703
3,-7.76102145512899e-12,6211,96703
4,-7.76102145512899e-12,6211,96703
5,-7.76102145512899e-12,6211,96703
6,-7.76102145512899e-12,6211,96703
7,-7.76102145512899e-12,6211,96703
8,-7.76102145512899e-12,6211,96703
9,-7.76102145512899e-12,6211,96703
10,-7.76102145512899e-12,6211,96703
11,-7.76102145512899e-12,6211,96703
12,-7.76102145512899e-12,6211,96703
13,-7.76102145512899e-12,6211,96703
14,-7.76102145512899e-12,6211,96703
15,-7.76102145512899e-12,6211,96703
16,-7.76102145512899e-12,6211,96703
17,-7.76102145512899e-12,6211,96703
18,-7.76102145512899e-12,6211,96703
19,-7.76102145512899e-12,6211,96703
20,-31.1574796694208,6211,96703
21,-7.76102145512899e-12,6211,96703
22,-7.76102145512899e-12,6211,96703
23,-31.1574796894885,6211,96703
1,-1.06714045008024e-11,4733,96750
2,-1.06714045008024e-11,4733,96750
3,-1.06714045008024e-11,4733,96750
4,-1.06714045008024e-11,4733,96750
5,-1.06714045008024e-11,4733,96750
6,-1.06714045008024e-11,4733,96750
7,-1.06714045008024e-11,4733,96750
8,-1.06714045008024e-11,4733,96750
9,-1.06714045008024e-11,4733,96750
10,-1.06714045008024e-11,4733,96750
11,-25.2554472668966,4733,96750
12,-1.06714045008024e-11,4733,96750
13,-1.06714045008024e-11,4733,96750
14,-1.06714045008024e-11,4733,96750
15,-1.06714045008024e-11,4733,96750
16,-1.06714045008024e-11,4733,96750
17,-1.06714045008024e-11,4733,96750
18,-1.06714045008024e-11,4733,96750
19,-1.06714045008024e-11,4733,96750
20,-1.06714045008024e-11,4733,96750
21,-1.06714045008024e-11,4733,96750
22,-1.06714045008024e-11,4733,96750
23,-25.2554472677259,4733,96750
1,-8.24608529607455e-12,4736,96813
2,-8.24608529607455e-12,4736,96813
3,-8.24608529607455e-12,4736,96813
4,-8.24608529607455e-12,4736,96813
5,-8.24608529607455e-12,4736,96813
6,-8.24608529607455e-12,4736,96813
7,-8.24608529607455e-12,4736,96813
8,-15.046985351337,4736,96813
9,-8.24608529607455e-12,4736,96813
10,-8.24608529607455e-12,4736,96813
11,-8.24608529607455e-12,4736,96813
12,-8.24608529607455e-12,4736,96813
13,-8.24608529607455e-12,4736,96813
14,-8.24608529607455e-12,4736,96813
15,-8.24608529607455e-12,4736,96813
16,-8.24608529607455e-12,4736,96813
17,-8.24608529607455e-12,4736,96813
18,-8.24608529607455e-12,4736,96813
19,-8.24608529607455e-12,4736,96813
20,-8.24608529607455e-12,4736,96813
21,-8.24608529607455e-12,4736,96813
22,-8.24608529607455e-12,4736,96813
23,-15.046985351337,4736,96813
1,-6.79089377323787e-12,4752,96816
2,-6.79089377323787e-12,4752,96816
3,-6.79089377323787e-12,4752,96816
4,-6.79089377323787e-12,4752,96816
5,-6.79089377323787e-12,4752,96816
6,-6.79089377323787e-12,4752,96816
7,-6.79089377323787e-12,4752,96816
8,-6.79089377323787e-12,4752,96816
9,-6.79089377323787e-12,4752,96816
10,-6.79089377323787e-12,4752,96816
11,-6.79089377323787e-12,4752,96816
12,-6.79089377323787e-12,4752,96816
13,-6.79089377323787e-12,4752,96816
14,-32.7438520598904,4752,96816
15,-6.79089377323787e-12,4752,96816
16,-6.79089377323787e-12,4752,96816
17,-6.79089377323787e-12,4752,96816
18,-6.79089377323787e-12,4752,96816
19,-6.79089377323787e-12,4752,96816
20,-6.79089377323787e-12,4752,96816
21,-6.79089377323787e-12,4752,96816
22,-6.79089377323787e-12,4752,96816
23,-32.7438520598904,4752,96816
1,-1.40668513874213e-11,4767,96740
2,-1.40668513874213e-11,4767,96740
3,-1.40668513874213e-11,4767,96740
4,-1.40668513874213e-11,4767,96740
5,-1.40668513874213e-11,4767,96740
6,-1.40668513874213e-11,4767,96740
7,-1.40668513874213e-11,4767,96740
8,-1.40668513874213e-11,4767,96740
9,-1.40668513874213e-11,4767,96740
10,-1.40668513874213e-11,4767,96740
11,-1.40668513874213e-11,4767,96740
12,-1.40668513874213e-11,4767,96740
13,-1.40668513874213e-11,4767,96740
14,-1.40668513874213e-11,4767,96740
15,-17.0605585504561,4767,96740
16,-1.40668513874213e-11,4767,96740
17,-1.40668513874213e-11,4767,96740
18,-1.40668513874213e-11,4767,96740
19,-1.40668513874213e-11,4767,96740
20,-1.40668513874213e-11,4767,96740
21,-1.40668513874213e-11,4767,96740
22,-1.40668513874213e-11,4767,96740
23,-17.0605585504561,4767,96740
1,-6.79089377323786e-12,4769,96744
2,-6.79089377323786e-12,4769,96744
3,-6.79089377323786e-12,4769,96744
4,-6.79089377323786e-12,4769,96744
5,-6.79089377323786e-12,4769,96744
6,-20.3562763821198,4769,96744
7,-6.79089377323786e-12,4769,96744
8,-6.79089377323786e-12,4769,96744
9,-6.79089377323786e-12,4769,96744
10,-6.79089377323786e-12,4769,96744
11,-6.79089377323786e-12,4769,96744
12,-6.79089377323786e-12,4769,96744
13,-6.79089377323786e-12,4769,96744
14,-6.79089377323786e-12,4769,96744
15,-6.79089377323786e-12,4769,96744
16,-6.79089377323786e-12,4769,96744
17,-6.79089377323786e-12,4769,96744
18,-6.79089377323786e-12,4769,96744
19,-6.79089377323786e-12,4769,96744
20,-6.79089377323786e-12,4769,96744
21,-6.79089377323786e-12,4769,96744
22,-6.79089377323786e-12,4769,96744
23,-20.3562763821198,4769,96744
1,-2.91038304567338e-12,4770,96776
2,-2.91038304567338e-12,4770,96776
3,-2.91038304567338e-12,4770,96776
4,-2.91038304567338e-12,4770,96776
5,-2.91038304567338e-12,4770,96776
6,-41.2061607729781,4770,96776
7,-2.91038304567338e-12,4770,96776
8,-2.91038304567338e-12,4770,96776
9,-2.91038304567338e-12,4770,96776
10,-2.91038304567338e-12,4770,96776
11,-2.91038304567338e-12,4770,96776
12,-2.91038304567338e-12,4770,96776
13,-2.91038304567338e-12,4770,96776
14,-2.91038304567338e-12,4770,96776
15,-2.91038304567338e-12,4770,96776
16,-2.91038304567338e-12,4770,96776
17,-2.91038304567338e-12,4770,96776
18,-2.91038304567338e-12,4770,96776
19,-2.91038304567338e-12,4770,96776
20,-2.91038304567338e-12,4770,96776
21,-2.91038304567338e-12,4770,96776
22,-2.91038304567338e-12,4770,96776
23,-41.2061607808534,4770,96776
1,1.01863406598568e-11,4780,96766
2,1.01863406598568e-11,4780,96766
3,1.01863406598568e-11,4780,96766
4,1.01863406598568e-11,4780,96766
5,1.01863406598568e-11,4780,96766
6,1.01863406598568e-11,4780,96766
7,1.01863406598568e-11,4780,96766
8,1.01863406598568e-11,4780,96766
9,1.01863406598568e-11,4780,96766
10,1.01863406598568e-11,4780,96766
11,1.01863406598568e-11,4780,96766
12,1.01863406598568e-11,4780,96766
13,1.01863406598568e-11,4780,96766
14,1.01863406598568e-11,4780,96766
15,1.01863406598568e-11,4780,96766
16,1.01863406598568e-11,4780,96766
17,1.01863406598568e-11,4780,96766
18,1.01863406598568e-11,4780,96766
19,1.01863406598568e-11,4780,96766
20,-165.692572883886,4780,96766
21,1.01863406598568e-11,4780,96766
22,1.01863406598568e-11,4780,96766
23,-165.692572883886,4780,96766
1,-9.70127681891123e-13,4792,96746
2,-9.70127681891123e-13,4792,96746
3,-9.70127681891123e-13,4792,96746
4,-9.70127681891123e-13,4792,96746
5,-9.70127681891123e-13,4792,96746
6,-9.70127681891123e-13,4792,96746
7,-9.70127681891123e-13,4792,96746
8,-9.70127681891123e-13,4792,96746
9,-9.70127681891123e-13,4792,96746
10,-9.70127681891123e-13,4792,96746
11,-9.70127681891123e-13,4792,96746
12,-9.70127681891123e-13,4792,96746
13,-9.70127681891123e-13,4792,96746
14,-9.70127681891123e-13,4792,96746
15,-9.70127681891123e-13,4792,96746
16,-9.70127681891123e-13,4792,96746
17,-9.70127681891123e-13,4792,96746
18,-9.70127681891123e-13,4792,96746
19,-9.70127681891123e-13,4792,96746
20,-9.70127681891123e-13,4792,96746
21,-14.2737214152096,4792,96746
22,-9.70127681891123e-13,4792,96746
23,-14.2737214172472,4792,96746
1,-4.85063840945562e-12,4798,96706
2,-4.85063840945562e-12,4798,96706
3,-4.85063840945562e-12,4798,96706
4,-4.85063840945562e-12,4798,96706
5,-4.85063840945562e-12,4798,96706
6,-4.85063840945562e-12,4798,96706
7,-4.85063840945562e-12,4798,96706
8,-4.85063840945562e-12,4798,96706
9,-4.85063840945562e-12,4798,96706
10,-4.85063840945562e-12,4798,96706
11,-14.285275178666,4798,96706
12,-4.85063840945562e-12,4798,96706
13,-4.85063840945562e-12,4798,96706
14,-4.85063840945562e-12,4798,96706
15,-4.85063840945562e-12,4798,96706
16,-4.85063840945562e-12,4798,96706
17,-17.4606711034823,4798,96706
18,-4.85063840945562e-12,4798,96706
19,-4.85063840945562e-12,4798,96706
20,-4.85063840945562e-12,4798,96706
21,-4.85063840945562e-12,4798,96706
22,-4.85063840945562e-12,4798,96706
23,-31.779190993081,4798,96706
1,-7.76102145512899e-12,4805,96819
2,-7.76102145512899e-12,4805,96819
3,-7.76102145512899e-12,4805,96819
4,-7.76102145512899e-12,4805,96819
5,-7.76102145512899e-12,4805,96819
6,-7.76102145512899e-12,4805,96819
7,-7.76102145512899e-12,4805,96819
8,-7.76102145512899e-12,4805,96819
9,-7.76102145512899e-12,4805,96819
10,-7.76102145512899e-12,4805,96819
11,-7.76102145512899e-12,4805,96819
12,-7.76102145512899e-12,4805,96819
13,-7.76102145512899e-12,4805,96819
14,-7.76102145512899e-12,4805,96819
15,-16.2675631735212,4805,96819
16,-7.76102145512899e-12,4805,96819
17,-7.76102145512899e-12,4805,96819
18,-7.76102145512899e-12,4805,96819
19,-7.76102145512899e-12,4805,96819
20,-7.76102145512899e-12,4805,96819
21,-7.76102145512899e-12,4805,96819
22,-7.76102145512899e-12,4805,96819
23,-16.2675631735212,4805,96819
1,-4.85063840945561e-13,4806,96815
2,-4.85063840945561e-13,4806,96815
3,-4.85063840945561e-13,4806,96815
4,-4.85063840945561e-13,4806,96815
5,-4.85063840945561e-13,4806,96815
6,-4.85063840945561e-13,4806,96815
7,-4.85063840945561e-13,4806,96815
8,-4.85063840945561e-13,4806,96815
9,-4.85063840945561e-13,4806,96815
10,-4.85063840945561e-13,4806,96815
11,-4.85063840945561e-13,4806,96815
12,-4.85063840945561e-13,4806,96815
13,-4.85063840945561e-13,4806,96815
14,-31.9997600887858,4806,96815
15,-4.85063840945561e-13,4806,96815
16,-4.85063840945561e-13,4806,96815
17,-4.85063840945561e-13,4806,96815
18,-4.85063840945561e-13,4806,96815
19,-4.85063840945561e-13,4806,96815
20,-4.85063840945561e-13,4806,96815
21,-4.85063840945561e-13,4806,96815
22,-4.85063840945561e-13,4806,96815
23,-31.9997600887858,4806,96815
1,4.36557456851005e-12,4807,96744
2,4.36557456851005e-12,4807,96744
3,4.36557456851005e-12,4807,96744
4,4.36557456851005e-12,4807,96744
5,4.36557456851005e-12,4807,96744
6,4.36557456851005e-12,4807,96744
7,4.36557456851005e-12,4807,96744
8,4.36557456851005e-12,4807,96744
9,4.36557456851005e-12,4807,96744
10,4.36557456851005e-12,4807,96744
11,4.36557456851005e-12,4807,96744
12,4.36557456851005e-12,4807,96744
13,4.36557456851005e-12,4807,96744
14,-20.7208124952362,4807,96744
15,4.36557456851005e-12,4807,96744
16,4.36557456851005e-12,4807,96744
17,4.36557456851005e-12,4807,96744
18,4.36557456851005e-12,4807,96744
19,4.36557456851005e-12,4807,96744
20,4.36557456851005e-12,4807,96744
21,4.36557456851005e-12,4807,96744
22,4.36557456851005e-12,4807,96744
23,-20.7208124952362,4807,96744
1,6.3058299322923e-12,4812,96764
2,6.3058299322923e-12,4812,96764
3,6.3058299322923e-12,4812,96764
4,6.3058299322923e-12,4812,96764
5,6.3058299322923e-12,4812,96764
6,6.3058299322923e-12,4812,96764
7,6.3058299322923e-12,4812,96764
8,6.3058299322923e-12,4812,96764
9,6.3058299322923e-12,4812,96764
10,6.3058299322923e-12,4812,96764
11,6.3058299322923e-12,4812,96764
12,6.3058299322923e-12,4812,96764
13,6.3058299322923e-12,4812,96764
14,-95.1448890737808,4812,96764
15,6.3058299322923e-12,4812,96764
16,6.3058299322923e-12,4812,96764
17,6.3058299322923e-12,4812,96764
18,6.3058299322923e-12,4812,96764
19,6.3058299322923e-12,4812,96764
20,6.3058299322923e-12,4812,96764
21,6.3058299322923e-12,4812,96764
22,6.3058299322923e-12,4812,96764
23,-95.1448890807495,4812,96764
1,3.39544688661893e-12,4814,96705
2,3.39544688661893e-12,4814,96705
3,3.39544688661893e-12,4814,96705
4,3.39544688661893e-12,4814,96705
5,3.39544688661893e-12,4814,96705
6,3.39544688661893e-12,4814,96705
7,3.39544688661893e-12,4814,96705
8,3.39544688661893e-12,4814,96705
9,3.39544688661893e-12,4814,96705
10,3.39544688661893e-12,4814,96705
11,3.39544688661893e-12,4814,96705
12,3.39544688661893e-12,4814,96705
13,3.39544688661893e-12,4814,96705
14,3.39544688661893e-12,4814,96705
15,3.39544688661893e-12,4814,96705
16,3.39544688661893e-12,4814,96705
17,-257.027705456428,4814,96705
18,3.39544688661893e-12,4814,96705
19,3.39544688661893e-12,4814,96705
20,3.39544688661893e-12,4814,96705
21,3.39544688661893e-12,4814,96705
22,3.39544688661893e-12,4814,96705
23,-257.027705511508,4814,96705
1,-9.70127681891124e-12,4823,96734
2,-9.70127681891124e-12,4823,96734
3,-9.70127681891124e-12,4823,96734
4,-9.70127681891124e-12,4823,96734
5,-9.70127681891124e-12,4823,96734
6,-9.70127681891124e-12,4823,96734
7,-9.70127681891124e-12,4823,96734
8,-9.70127681891124e-12,4823,96734
9,-9.70127681891124e-12,4823,96734
10,-9.70127681891124e-12,4823,96734
11,-9.70127681891124e-12,4823,96734
12,-9.70127681891124e-12,4823,96734
13,-9.70127681891124e-12,4823,96734
14,-9.70127681891124e-12,4823,96734
15,-35.5600348233934,4823,96734
16,-9.70127681891124e-12,4823,96734
17,-9.70127681891124e-12,4823,96734
18,-9.70127681891124e-12,4823,96734
19,-9.70127681891124e-12,4823,96734
20,-9.70127681891124e-12,4823,96734
21,-9.70127681891124e-12,4823,96734
22,-9.70127681891124e-12,4823,96734
23,-35.5600348233934,4823,96734
1,-6.3058299322923e-12,6229,96746
2,-6.3058299322923e-12,6229,96746
3,-6.3058299322923e-12,6229,96746
4,-6.3058299322923e-12,6229,96746
5,-6.3058299322923e-12,6229,96746
6,-6.3058299322923e-12,6229,96746
7,-6.3058299322923e-12,6229,96746
8,-6.3058299322923e-12,6229,96746
9,-6.3058299322923e-12,6229,96746
10,-6.3058299322923e-12,6229,96746
11,-6.3058299322923e-12,6229,96746
12,-6.3058299322923e-12,6229,96746
13,-6.3058299322923e-12,6229,96746
14,-6.3058299322923e-12,6229,96746
15,-22.9374673678218,6229,96746
16,-6.3058299322923e-12,6229,96746
17,-6.3058299322923e-12,6229,96746
18,-6.3058299322923e-12,6229,96746
19,-6.3058299322923e-12,6229,96746
20,-6.3058299322923e-12,6229,96746
21,-6.3058299322923e-12,6229,96746
22,-6.3058299322923e-12,6229,96746
23,-22.9374673691923,6229,96746
1,-2.42531920472781e-12,6230,96746
2,-2.42531920472781e-12,6230,96746
3,-2.42531920472781e-12,6230,96746
4,-2.42531920472781e-12,6230,96746
5,-2.42531920472781e-12,6230,96746
6,-2.42531920472781e-12,6230,96746
7,-2.42531920472781e-12,6230,96746
8,-2.42531920472781e-12,6230,96746
9,-2.42531920472781e-12,6230,96746
10,-2.42531920472781e-12,6230,96746
11,-17.9045947515948,6230,96746
12,-2.42531920472781e-12,6230,96746
13,-2.42531920472781e-12,6230,96746
14,-2.42531920472781e-12,6230,96746
15,-2.42531920472781e-12,6230,96746
16,-2.42531920472781e-12,6230,96746
17,-2.42531920472781e-12,6230,96746
18,-2.42531920472781e-12,6230,96746
19,-2.42531920472781e-12,6230,96746
20,-2.42531920472781e-12,6230,96746
21,-2.42531920472781e-12,6230,96746
22,-2.42531920472781e-12,6230,96746
23,-17.9045947534265,6230,96746
1,-3.88051072756449e-12,4846,96795
2,-3.88051072756449e-12,4846,96795
3,-3.88051072756449e-12,4846,96795
4,-3.88051072756449e-12,4846,96795
5,-3.88051072756449e-12,4846,96795
6,-3.88051072756449e-12,4846,96795
7,-3.88051072756449e-12,4846,96795
8,-3.88051072756449e-12,4846,96795
9,-3.88051072756449e-12,4846,96795
10,-3.88051072756449e-12,4846,96795
11,-3.88051072756449e-12,4846,96795
12,-3.88051072756449e-12,4846,96795
13,-3.88051072756449e-12,4846,96795
14,-3.88051072756449e-12,4846,96795
15,-63.311820479101,4846,96795
16,-3.88051072756449e-12,4846,96795
17,-3.88051072756449e-12,4846,96795
18,-3.88051072756449e-12,4846,96795
19,-3.88051072756449e-12,4846,96795
20,-3.88051072756449e-12,4846,96795
21,-3.88051072756449e-12,4846,96795
22,-3.88051072756449e-12,4846,96795
23,-63.3118204891007,4846,96795
1,-1.45519152283669e-12,4856,96744
2,-1.45519152283669e-12,4856,96744
3,-1.45519152283669e-12,4856,96744
4,-1.45519152283669e-12,4856,96744
5,-1.45519152283669e-12,4856,96744
6,-1.45519152283669e-12,4856,96744
7,-1.45519152283669e-12,4856,96744
8,-1.45519152283669e-12,4856,96744
9,-1.45519152283669e-12,4856,96744
10,-1.45519152283669e-12,4856,96744
11,-1.45519152283669e-12,4856,96744
12,-1.45519152283669e-12,4856,96744
13,-1.45519152283669e-12,4856,96744
14,-8.8344505121262,4856,96744
15,-1.45519152283669e-12,4856,96744
16,-1.45519152283669e-12,4856,96744
17,-1.45519152283669e-12,4856,96744
18,-1.45519152283669e-12,4856,96744
19,-1.45519152283669e-12,4856,96744
20,-1.45519152283669e-12,4856,96744
21,-1.45519152283669e-12,4856,96744
22,-1.45519152283669e-12,4856,96744
23,-8.8344505121262,4856,96744
1,-1.26116598645846e-11,4860,96797
2,-1.26116598645846e-11,4860,96797
3,-1.26116598645846e-11,4860,96797
4,-1.26116598645846e-11,4860,96797
5,-1.26116598645846e-11,4860,96797
6,-17.4863438294978,4860,96797
7,-1.26116598645846e-11,4860,96797
8,-1.26116598645846e-11,4860,96797
9,-1.26116598645846e-11,4860,96797
10,-1.26116598645846e-11,4860,96797
11,-1.26116598645846e-11,4860,96797
12,-1.26116598645846e-11,4860,96797
13,-1.26116598645846e-11,4860,96797
14,-1.26116598645846e-11,4860,96797
15,-1.26116598645846e-11,4860,96797
16,-1.26116598645846e-11,4860,96797
17,-1.26116598645846e-11,4860,96797
18,-1.26116598645846e-11,4860,96797
19,-1.26116598645846e-11,4860,96797
20,-1.26116598645846e-11,4860,96797
21,-1.26116598645846e-11,4860,96797
22,-1.26116598645846e-11,4860,96797
23,-17.4863438299707,4860,96797
1,-5.33570225040118e-12,4869,96766
2,-5.33570225040118e-12,4869,96766
3,-5.33570225040118e-12,4869,96766
4,-5.33570225040118e-12,4869,96766
5,-5.33570225040118e-12,4869,96766
6,-32.9523284397376,4869,96766
7,-5.33570225040118e-12,4869,96766
8,-5.33570225040118e-12,4869,96766
9,-5.33570225040118e-12,4869,96766
10,-5.33570225040118e-12,4869,96766
11,-5.33570225040118e-12,4869,96766
12,-5.33570225040118e-12,4869,96766
13,-5.33570225040118e-12,4869,96766
14,-5.33570225040118e-12,4869,96766
15,-5.33570225040118e-12,4869,96766
16,-5.33570225040118e-12,4869,96766
17,-5.33570225040118e-12,4869,96766
18,-5.33570225040118e-12,4869,96766
19,-5.33570225040118e-12,4869,96766
20,-5.33570225040118e-12,4869,96766
21,-5.33570225040118e-12,4869,96766
22,-5.33570225040118e-12,4869,96766
23,-32.9523284580447,4869,96766
1,-1.11564683417479e-11,4870,96814
2,-1.11564683417479e-11,4870,96814
3,-1.11564683417479e-11,4870,96814
4,-1.11564683417479e-11,4870,96814
5,-1.11564683417479e-11,4870,96814
6,-1.11564683417479e-11,4870,96814
7,-1.11564683417479e-11,4870,96814
8,-1.11564683417479e-11,4870,96814
9,-1.11564683417479e-11,4870,96814
10,-1.11564683417479e-11,4870,96814
11,-1.11564683417479e-11,4870,96814
12,-1.11564683417479e-11,4870,96814
13,-1.11564683417479e-11,4870,96814
14,-1.11564683417479e-11,4870,96814
15,-30.8395066514659,4870,96814
16,-1.11564683417479e-11,4870,96814
17,-1.11564683417479e-11,4870,96814
18,-1.11564683417479e-11,4870,96814
19,-1.11564683417479e-11,4870,96814
20,-1.11564683417479e-11,4870,96814
21,-1.11564683417479e-11,4870,96814
22,-1.11564683417479e-11,4870,96814
23,-30.8395066520243,4870,96814
1,2.91038304567337e-12,4875,96722
2,2.91038304567337e-12,4875,96722
3,2.91038304567337e-12,4875,96722
4,2.91038304567337e-12,4875,96722
5,2.91038304567337e-12,4875,96722
6,2.91038304567337e-12,4875,96722
7,2.91038304567337e-12,4875,96722
8,2.91038304567337e-12,4875,96722
9,2.91038304567337e-12,4875,96722
10,2.91038304567337e-12,4875,96722
11,2.91038304567337e-12,4875,96722
12,2.91038304567337e-12,4875,96722
13,2.91038304567337e-12,4875,96722
14,2.91038304567337e-12,4875,96722
15,-30.0458466902215,4875,96722
16,2.91038304567337e-12,4875,96722
17,2.91038304567337e-12,4875,96722
18,2.91038304567337e-12,4875,96722
19,2.91038304567337e-12,4875,96722
20,2.91038304567337e-12,4875,96722
21,2.91038304567337e-12,4875,96722
22,2.91038304567337e-12,4875,96722
23,-30.0458466902215,4875,96722
1,8.73114913702011e-12,6235,96712
2,8.73114913702011e-12,6235,96712
3,8.73114913702011e-12,6235,96712
4,8.73114913702011e-12,6235,96712
5,8.73114913702011e-12,6235,96712
6,8.73114913702011e-12,6235,96712
7,8.73114913702011e-12,6235,96712
8,8.73114913702011e-12,6235,96712
9,8.73114913702011e-12,6235,96712
10,8.73114913702011e-12,6235,96712
11,-454.817525834496,6235,96712
12,8.73114913702011e-12,6235,96712
13,8.73114913702011e-12,6235,96712
14,8.73114913702011e-12,6235,96712
15,8.73114913702011e-12,6235,96712
16,8.73114913702011e-12,6235,96712
17,8.73114913702011e-12,6235,96712
18,8.73114913702011e-12,6235,96712
19,8.73114913702011e-12,6235,96712
20,8.73114913702011e-12,6235,96712
21,8.73114913702011e-12,6235,96712
22,8.73114913702011e-12,6235,96712
23,-454.817525834496,6235,96712
1,2.91038304567337e-12,6236,96766
2,2.91038304567337e-12,6236,96766
3,2.91038304567337e-12,6236,96766
4,2.91038304567337e-12,6236,96766
5,2.91038304567337e-12,6236,96766
6,2.91038304567337e-12,6236,96766
7,2.91038304567337e-12,6236,96766
8,2.91038304567337e-12,6236,96766
9,2.91038304567337e-12,6236,96766
10,2.91038304567337e-12,6236,96766
11,2.91038304567337e-12,6236,96766
12,2.91038304567337e-12,6236,96766
13,2.91038304567337e-12,6236,96766
14,2.91038304567337e-12,6236,96766
15,-30.0458466902215,6236,96766
16,2.91038304567337e-12,6236,96766
17,2.91038304567337e-12,6236,96766
18,2.91038304567337e-12,6236,96766
19,2.91038304567337e-12,6236,96766
20,2.91038304567337e-12,6236,96766
21,2.91038304567337e-12,6236,96766
22,2.91038304567337e-12,6236,96766
23,-30.0458466902215,6236,96766
1,-3.39544688661893e-12,4882,96749
2,-3.39544688661893e-12,4882,96749
3,-3.39544688661893e-12,4882,96749
4,-3.39544688661893e-12,4882,96749
5,-3.39544688661893e-12,4882,96749
6,-3.39544688661893e-12,4882,96749
7,-3.39544688661893e-12,4882,96749
8,-3.39544688661893e-12,4882,96749
9,-3.39544688661893e-12,4882,96749
10,-3.39544688661893e-12,4882,96749
11,-3.39544688661893e-12,4882,96749
12,-3.39544688661893e-12,4882,96749
13,-3.39544688661893e-12,4882,96749
14,-3.39544688661893e-12,4882,96749
15,-3.39544688661893e-12,4882,96749
16,-3.39544688661893e-12,4882,96749
17,-3.39544688661893e-12,4882,96749
18,-3.39544688661893e-12,4882,96749
19,-3.39544688661893e-12,4882,96749
20,-133.689734887272,4882,96749
21,-3.39544688661893e-12,4882,96749
22,-3.39544688661893e-12,4882,96749
23,-133.689734887272,4882,96749
1,-9.70127681891127e-13,4883,96789
2,-9.70127681891127e-13,4883,96789
3,-9.70127681891127e-13,4883,96789
4,-9.70127681891127e-13,4883,96789
5,-9.70127681891127e-13,4883,96789
6,-9.70127681891127e-13,4883,96789
7,-9.70127681891127e-13,4883,96789
8,-9.70127681891127e-13,4883,96789
9,-9.70127681891127e-13,4883,96789
10,-9.70127681891127e-13,4883,96789
11,-9.70127681891127e-13,4883,96789
12,-9.70127681891127e-13,4883,96789
13,-9.70127681891127e-13,4883,96789
14,-21.1107000113664,4883,96789
15,-9.70127681891127e-13,4883,96789
16,-9.70127681891127e-13,4883,96789
17,-9.70127681891127e-13,4883,96789
18,-9.70127681891127e-13,4883,96789
19,-9.70127681891127e-13,4883,96789
20,-9.70127681891127e-13,4883,96789
21,-9.70127681891127e-13,4883,96789
22,-9.70127681891127e-13,4883,96789
23,-21.1107000113664,4883,96789
1,-6.79089377323786e-12,4886,96706
2,-6.79089377323786e-12,4886,96706
3,-6.79089377323786e-12,4886,96706
4,-6.79089377323786e-12,4886,96706
5,-6.79089377323786e-12,4886,96706
6,-39.8682186993576,4886,96706
7,-6.79089377323786e-12,4886,96706
8,-6.79089377323786e-12,4886,96706
9,-6.79089377323786e-12,4886,96706
10,-6.79089377323786e-12,4886,96706
11,-6.79089377323786e-12,4886,96706
12,-6.79089377323786e-12,4886,96706
13,-6.79089377323786e-12,4886,96706
14,-6.79089377323786e-12,4886,96706
15,-6.79089377323786e-12,4886,96706
16,-6.79089377323786e-12,4886,96706
17,-6.79089377323786e-12,4886,96706
18,-6.79089377323786e-12,4886,96706
19,-6.79089377323786e-12,4886,96706
20,-6.79089377323786e-12,4886,96706
21,-6.79089377323786e-12,4886,96706
22,-6.79089377323786e-12,4886,96706
23,-39.868218714835,4886,96706
1,-1.06714045008024e-11,6238,96766
2,-1.06714045008024e-11,6238,96766
3,-1.06714045008024e-11,6238,96766
4,-1.06714045008024e-11,6238,96766
5,-1.06714045008024e-11,6238,96766
6,-1.06714045008024e-11,6238,96766
7,-1.06714045008024e-11,6238,96766
8,-23.2950799268505,6238,96766
9,-1.06714045008024e-11,6238,96766
10,-1.06714045008024e-11,6238,96766
11,-1.06714045008024e-11,6238,96766
12,-1.06714045008024e-11,6238,96766
13,-1.06714045008024e-11,6238,96766
14,-1.06714045008024e-11,6238,96766
15,-1.06714045008024e-11,6238,96766
16,-1.06714045008024e-11,6238,96766
17,-1.06714045008024e-11,6238,96766
18,-1.06714045008024e-11,6238,96766
19,-1.06714045008024e-11,6238,96766
20,-1.06714045008024e-11,6238,96766
21,-1.06714045008024e-11,6238,96766
22,-1.06714045008024e-11,6238,96766
23,-23.2950799268505,6238,96766
1,-5.82076609134674e-12,4888,96741
2,-5.82076609134674e-12,4888,96741
3,-5.82076609134674e-12,4888,96741
4,-5.82076609134674e-12,4888,96741
5,-5.82076609134674e-12,4888,96741
6,-5.82076609134674e-12,4888,96741
7,-5.82076609134674e-12,4888,96741
8,-5.82076609134674e-12,4888,96741
9,-5.82076609134674e-12,4888,96741
10,-5.82076609134674e-12,4888,96741
11,-5.82076609134674e-12,4888,96741
12,-5.82076609134674e-12,4888,96741
13,-5.82076609134674e-12,4888,96741
14,-9.57729295511381,4888,96741
15,-5.82076609134674e-12,4888,96741
16,-5.82076609134674e-12,4888,96741
17,-5.82076609134674e-12,4888,96741
18,-5.82076609134674e-12,4888,96741
19,-5.82076609134674e-12,4888,96741
20,-5.82076609134674e-12,4888,96741
21,-5.82076609134674e-12,4888,96741
22,-5.82076609134674e-12,4888,96741
23,-9.57729295511381,4888,96741
1,-4.12304264803728e-12,4892,96751
2,-4.12304264803728e-12,4892,96751
3,-4.12304264803728e-12,4892,96751
4,-4.12304264803728e-12,4892,96751
5,-4.12304264803728e-12,4892,96751
6,-4.12304264803728e-12,4892,96751
7,-30.1181510225647,4892,96751
8,-4.12304264803728e-12,4892,96751
9,-4.12304264803728e-12,4892,96751
10,-4.12304264803728e-12,4892,96751
11,-4.12304264803728e-12,4892,96751
12,-4.12304264803728e-12,4892,96751
13,-4.12304264803728e-12,4892,96751
14,-4.12304264803728e-12,4892,96751
15,-4.12304264803728e-12,4892,96751
16,-4.12304264803728e-12,4892,96751
17,-4.12304264803728e-12,4892,96751
18,-4.12304264803728e-12,4892,96751
19,-4.12304264803728e-12,4892,96751
20,-4.12304264803728e-12,4892,96751
21,-4.12304264803728e-12,4892,96751
22,-4.12304264803728e-12,4892,96751
23,-30.1181510276047,4892,96751
1,-5.82076609134674e-12,4905,96791
2,-5.82076609134674e-12,4905,96791
3,-5.82076609134674e-12,4905,96791
4,-5.82076609134674e-12,4905,96791
5,-5.82076609134674e-12,4905,96791
6,-5.82076609134674e-12,4905,96791
7,-5.82076609134674e-12,4905,96791
8,-5.82076609134674e-12,4905,96791
9,-5.82076609134674e-12,4905,96791
10,-5.82076609134674e-12,4905,96791
11,-5.82076609134674e-12,4905,96791
12,-5.82076609134674e-12,4905,96791
13,-5.82076609134674e-12,4905,96791
14,-5.82076609134674e-12,4905,96791
15,-17.5988992552733,4905,96791
16,-5.82076609134674e-12,4905,96791
17,-5.82076609134674e-12,4905,96791
18,-5.82076609134674e-12,4905,96791
19,-5.82076609134674e-12,4905,96791
20,-5.82076609134674e-12,4905,96791
21,-5.82076609134674e-12,4905,96791
22,-5.82076609134674e-12,4905,96791
23,-17.5988992570938,4905,96791
1,-5.33570225040118e-12,4912,96744
2,-5.33570225040118e-12,4912,96744
3,-5.33570225040118e-12,4912,96744
4,-5.33570225040118e-12,4912,96744
5,-5.33570225040118e-12,4912,96744
6,-5.33570225040118e-12,4912,96744
7,-5.33570225040118e-12,4912,96744
8,-5.33570225040118e-12,4912,96744
9,-5.33570225040118e-12,4912,96744
10,-5.33570225040118e-12,4912,96744
11,-5.33570225040118e-12,4912,96744
12,-5.33570225040118e-12,4912,96744
13,-5.33570225040118e-12,4912,96744
14,-5.33570225040118e-12,4912,96744
15,-5.33570225040118e-12,4912,96744
16,-5.33570225040118e-12,4912,96744
17,-5.33570225040118e-12,4912,96744
18,-5.33570225040118e-12,4912,96744
19,-5.33570225040118e-12,4912,96744
20,-129.969798833426,4912,96744
21,-5.33570225040118e-12,4912,96744
22,-5.33570225040118e-12,4912,96744
23,-129.969798851528,4912,96744
1,2.42531920472781e-12,4917,96750
2,2.42531920472781e-12,4917,96750
3,2.42531920472781e-12,4917,96750
4,2.42531920472781e-12,4917,96750
5,2.42531920472781e-12,4917,96750
6,2.42531920472781e-12,4917,96750
7,2.42531920472781e-12,4917,96750
8,-68.9995183066019,4917,96750
9,2.42531920472781e-12,4917,96750
10,2.42531920472781e-12,4917,96750
11,2.42531920472781e-12,4917,96750
12,2.42531920472781e-12,4917,96750
13,2.42531920472781e-12,4917,96750
14,-79.6201793693064,4917,96750
15,2.42531920472781e-12,4917,96750
16,2.42531920472781e-12,4917,96750
17,2.42531920472781e-12,4917,96750
18,2.42531920472781e-12,4917,96750
19,2.42531920472781e-12,4917,96750
20,2.42531920472781e-12,4917,96750
21,2.42531920472781e-12,4917,96750
22,2.42531920472781e-12,4917,96750
23,-148.868154071523,4917,96750
1,-151.41914383279,4918,96765
2,-8.24608529607455e-12,4918,96765
3,-8.24608529607455e-12,4918,96765
4,-8.24608529607455e-12,4918,96765
5,-8.24608529607455e-12,4918,96765
6,-8.24608529607455e-12,4918,96765
7,-8.24608529607455e-12,4918,96765
8,-8.24608529607455e-12,4918,96765
9,-8.24608529607455e-12,4918,96765
10,-8.24608529607455e-12,4918,96765
11,-8.24608529607455e-12,4918,96765
12,-8.24608529607455e-12,4918,96765
13,-8.24608529607455e-12,4918,96765
14,-8.24608529607455e-12,4918,96765
15,-8.24608529607455e-12,4918,96765
16,-8.24608529607455e-12,4918,96765
17,-8.24608529607455e-12,4918,96765
18,-8.24608529607455e-12,4918,96765
19,-8.24608529607455e-12,4918,96765
20,-8.24608529607455e-12,4918,96765
21,-8.24608529607455e-12,4918,96765
22,-8.24608529607455e-12,4918,96765
23,-151.419144029123,4918,96765
1,0,4931,96792
2,0,4931,96792
3,0,4931,96792
4,0,4931,96792
5,0,4931,96792
6,0,4931,96792
7,0,4931,96792
8,0,4931,96792
9,0,4931,96792
10,-8.11146581386517,4931,96792
11,0,4931,96792
12,0,4931,96792
13,0,4931,96792
14,0,4931,96792
15,0,4931,96792
16,0,4931,96792
17,0,4931,96792
18,0,4931,96792
19,0,4931,96792
20,0,4931,96792
21,0,4931,96792
22,0,4931,96792
23,-8.11146581386517,4931,96792
1,-1.11564683417479e-11,4720,96789
2,-1.11564683417479e-11,4720,96789
3,-1.11564683417479e-11,4720,96789
4,-1.11564683417479e-11,4720,96789
5,-1.11564683417479e-11,4720,96789
6,-1.11564683417479e-11,4720,96789
7,-1.11564683417479e-11,4720,96789
8,-1.11564683417479e-11,4720,96789
9,-1.11564683417479e-11,4720,96789
10,-1.11564683417479e-11,4720,96789
11,-1.11564683417479e-11,4720,96789
12,-1.11564683417479e-11,4720,96789
13,-1.11564683417479e-11,4720,96789
14,-1.11564683417479e-11,4720,96789
15,-1.11564683417479e-11,4720,96789
16,-1.11564683417479e-11,4720,96789
17,-1.11564683417479e-11,4720,96789
18,-1.11564683417479e-11,4720,96789
19,-1.11564683417479e-11,4720,96789
20,-1.11564683417479e-11,4720,96789
21,-28.1972426015952,4720,96789
22,-1.11564683417479e-11,4720,96789
23,-28.1972426015952,4720,96789
1,-2.42531920472781e-12,6252,96791
2,-2.42531920472781e-12,6252,96791
3,-2.42531920472781e-12,6252,96791
4,-2.42531920472781e-12,6252,96791
5,-2.42531920472781e-12,6252,96791
6,-2.42531920472781e-12,6252,96791
7,-2.42531920472781e-12,6252,96791
8,-2.42531920472781e-12,6252,96791
9,-2.42531920472781e-12,6252,96791
10,-2.42531920472781e-12,6252,96791
11,-2.42531920472781e-12,6252,96791
12,-2.42531920472781e-12,6252,96791
13,-2.42531920472781e-12,6252,96791
14,-21.854463916838,6252,96791
15,-2.42531920472781e-12,6252,96791
16,-2.42531920472781e-12,6252,96791
17,-2.42531920472781e-12,6252,96791
18,-2.42531920472781e-12,6252,96791
19,-2.42531920472781e-12,6252,96791
20,-2.42531920472781e-12,6252,96791
21,-2.42531920472781e-12,6252,96791
22,-2.42531920472781e-12,6252,96791
23,-21.854463916838,6252,96791
1,-8.24608529607455e-12,4947,96756
2,-8.24608529607455e-12,4947,96756
3,-8.24608529607455e-12,4947,96756
4,-8.24608529607455e-12,4947,96756
5,-8.24608529607455e-12,4947,96756
6,-8.24608529607455e-12,4947,96756
7,-8.24608529607455e-12,4947,96756
8,-8.24608529607455e-12,4947,96756
9,-8.24608529607455e-12,4947,96756
10,-8.24608529607455e-12,4947,96756
11,-8.24608529607455e-12,4947,96756
12,-8.24608529607455e-12,4947,96756
13,-8.24608529607455e-12,4947,96756
14,-8.24608529607455e-12,4947,96756
15,-31.8322043663749,4947,96756
16,-26.0430823779602,4947,96756
17,-8.24608529607455e-12,4947,96756
18,-8.24608529607455e-12,4947,96756
19,-8.24608529607455e-12,4947,96756
20,-8.24608529607455e-12,4947,96756
21,-8.24608529607455e-12,4947,96756
22,-8.24608529607455e-12,4947,96756
23,-57.9753303170772,4947,96756
1,2.91038304567337e-12,4962,96707
2,2.91038304567337e-12,4962,96707
3,2.91038304567337e-12,4962,96707
4,2.91038304567337e-12,4962,96707
5,2.91038304567337e-12,4962,96707
6,2.91038304567337e-12,4962,96707
7,2.91038304567337e-12,4962,96707
8,2.91038304567337e-12,4962,96707
9,2.91038304567337e-12,4962,96707
10,2.91038304567337e-12,4962,96707
11,2.91038304567337e-12,4962,96707
12,2.91038304567337e-12,4962,96707
13,2.91038304567337e-12,4962,96707
14,2.91038304567337e-12,4962,96707
15,-30.0458466902215,4962,96707
16,2.91038304567337e-12,4962,96707
17,2.91038304567337e-12,4962,96707
18,2.91038304567337e-12,4962,96707
19,2.91038304567337e-12,4962,96707
20,2.91038304567337e-12,4962,96707
21,2.91038304567337e-12,4962,96707
22,2.91038304567337e-12,4962,96707
23,-30.0458466902215,4962,96707
1,-1.30967237055302e-11,4971,96706
2,-1.30967237055302e-11,4971,96706
3,-1.30967237055302e-11,4971,96706
4,-1.30967237055302e-11,4971,96706
5,-1.30967237055302e-11,4971,96706
6,-1.30967237055302e-11,4971,96706
7,-32.4314343933069,4971,96706
8,-1.30967237055302e-11,4971,96706
9,-1.30967237055302e-11,4971,96706
10,-1.30967237055302e-11,4971,96706
11,-1.30967237055302e-11,4971,96706
12,-1.30967237055302e-11,4971,96706
13,-1.30967237055302e-11,4971,96706
14,-1.30967237055302e-11,4971,96706
15,-1.30967237055302e-11,4971,96706
16,-1.30967237055302e-11,4971,96706
17,-1.30967237055302e-11,4971,96706
18,-1.30967237055302e-11,4971,96706
19,-1.30967237055302e-11,4971,96706
20,-1.30967237055302e-11,4971,96706
21,-1.30967237055302e-11,4971,96706
22,-1.30967237055302e-11,4971,96706
23,-32.4314343933069,4971,96706
1,-1.9887617478768e-11,4975,96707
2,-1.9887617478768e-11,4975,96707
3,-1.9887617478768e-11,4975,96707
4,-1.9887617478768e-11,4975,96707
5,-1.9887617478768e-11,4975,96707
6,-1.9887617478768e-11,4975,96707
7,-1.9887617478768e-11,4975,96707
8,-1.9887617478768e-11,4975,96707
9,-1.9887617478768e-11,4975,96707
10,-1.9887617478768e-11,4975,96707
11,-31.9701864762882,4975,96707
12,-1.9887617478768e-11,4975,96707
13,-1.9887617478768e-11,4975,96707
14,-1.9887617478768e-11,4975,96707
15,-1.9887617478768e-11,4975,96707
16,-1.9887617478768e-11,4975,96707
17,-1.9887617478768e-11,4975,96707
18,-1.9887617478768e-11,4975,96707
19,-1.9887617478768e-11,4975,96707
20,-1.9887617478768e-11,4975,96707
21,-1.9887617478768e-11,4975,96707
22,-1.9887617478768e-11,4975,96707
23,-31.9701864762882,4975,96707
1,-1.01863406598568e-11,4982,96766
2,-1.01863406598568e-11,4982,96766
3,-1.01863406598568e-11,4982,96766
4,-1.01863406598568e-11,4982,96766
5,-1.01863406598568e-11,4982,96766
6,-1.01863406598568e-11,4982,96766
7,-1.01863406598568e-11,4982,96766
8,-1.01863406598568e-11,4982,96766
9,-1.01863406598568e-11,4982,96766
10,-12.1382036577634,4982,96766
11,-1.01863406598568e-11,4982,96766
12,-1.01863406598568e-11,4982,96766
13,-1.01863406598568e-11,4982,96766
14,-1.01863406598568e-11,4982,96766
15,-1.01863406598568e-11,4982,96766
16,-1.01863406598568e-11,4982,96766
17,-1.01863406598568e-11,4982,96766
18,-1.01863406598568e-11,4982,96766
19,-1.01863406598568e-11,4982,96766
20,-1.01863406598568e-11,4982,96766
21,-1.01863406598568e-11,4982,96766
22,-1.01863406598568e-11,4982,96766
23,-12.1382036577634,4982,96766
1,-4.85063840945564e-13,4985,96722
2,-4.85063840945564e-13,4985,96722
3,-4.85063840945564e-13,4985,96722
4,-4.85063840945564e-13,4985,96722
5,-4.85063840945564e-13,4985,96722
6,-4.85063840945564e-13,4985,96722
7,-4.85063840945564e-13,4985,96722
8,-4.85063840945564e-13,4985,96722
9,-4.85063840945564e-13,4985,96722
10,-4.85063840945564e-13,4985,96722
11,-48.8998341473972,4985,96722
12,-4.85063840945564e-13,4985,96722
13,-4.85063840945564e-13,4985,96722
14,-4.85063840945564e-13,4985,96722
15,-4.85063840945564e-13,4985,96722
16,-4.85063840945564e-13,4985,96722
17,-4.85063840945564e-13,4985,96722
18,-4.85063840945564e-13,4985,96722
19,-4.85063840945564e-13,4985,96722
20,-4.85063840945564e-13,4985,96722
21,-4.85063840945564e-13,4985,96722
22,-4.85063840945564e-13,4985,96722
23,-48.8998341481662,4985,96722
1,-5.82076609134674e-12,4989,96744
2,-5.82076609134674e-12,4989,96744
3,-5.82076609134674e-12,4989,96744
4,-5.82076609134674e-12,4989,96744
5,-5.82076609134674e-12,4989,96744
6,-5.82076609134674e-12,4989,96744
7,-5.82076609134674e-12,4989,96744
8,-5.82076609134674e-12,4989,96744
9,-5.82076609134674e-12,4989,96744
10,-5.82076609134674e-12,4989,96744
11,-5.82076609134674e-12,4989,96744
12,-5.82076609134674e-12,4989,96744
13,-5.82076609134674e-12,4989,96744
14,-5.82076609134674e-12,4989,96744
15,-5.82076609134674e-12,4989,96744
16,-5.82076609134674e-12,4989,96744
17,-17.2969020003172,4989,96744
18,-5.82076609134674e-12,4989,96744
19,-5.82076609134674e-12,4989,96744
20,-5.82076609134674e-12,4989,96744
21,-5.82076609134674e-12,4989,96744
22,-5.82076609134674e-12,4989,96744
23,-17.2969020013343,4989,96744
1,2.91038304567337e-12,4990,96768
2,2.91038304567337e-12,4990,96768
3,2.91038304567337e-12,4990,96768
4,2.91038304567337e-12,4990,96768
5,2.91038304567337e-12,4990,96768
6,2.91038304567337e-12,4990,96768
7,2.91038304567337e-12,4990,96768
8,2.91038304567337e-12,4990,96768
9,2.91038304567337e-12,4990,96768
10,2.91038304567337e-12,4990,96768
11,2.91038304567337e-12,4990,96768
12,2.91038304567337e-12,4990,96768
13,2.91038304567337e-12,4990,96768
14,-33.0972224850625,4990,96768
15,2.91038304567337e-12,4990,96768
16,2.91038304567337e-12,4990,96768
17,2.91038304567337e-12,4990,96768
18,2.91038304567337e-12,4990,96768
19,2.91038304567337e-12,4990,96768
20,2.91038304567337e-12,4990,96768
21,2.91038304567337e-12,4990,96768
22,2.91038304567337e-12,4990,96768
23,-33.0972224850625,4990,96768
1,-8.73114913702011e-12,4992,96756
2,-8.73114913702011e-12,4992,96756
3,-8.73114913702011e-12,4992,96756
4,-8.73114913702011e-12,4992,96756
5,-8.73114913702011e-12,4992,96756
6,-8.73114913702011e-12,4992,96756
7,-8.73114913702011e-12,4992,96756
8,-38.6564459684101,4992,96756
9,-8.73114913702011e-12,4992,96756
10,-8.73114913702011e-12,4992,96756
11,-8.73114913702011e-12,4992,96756
12,-8.73114913702011e-12,4992,96756
13,-8.73114913702011e-12,4992,96756
14,-8.73114913702011e-12,4992,96756
15,-8.73114913702011e-12,4992,96756
16,-8.73114913702011e-12,4992,96756
17,-8.73114913702011e-12,4992,96756
18,-8.73114913702011e-12,4992,96756
19,-8.73114913702011e-12,4992,96756
20,-8.73114913702011e-12,4992,96756
21,-8.73114913702011e-12,4992,96756
22,-8.73114913702011e-12,4992,96756
23,-38.6564459684101,4992,96756
1,7.27595761418343e-12,5000,96791
2,7.27595761418343e-12,5000,96791
3,7.27595761418343e-12,5000,96791
4,7.27595761418343e-12,5000,96791
5,7.27595761418343e-12,5000,96791
6,-19.3485149203703,5000,96791
7,7.27595761418343e-12,5000,96791
8,7.27595761418343e-12,5000,96791
9,7.27595761418343e-12,5000,96791
10,7.27595761418343e-12,5000,96791
11,-12.0236740775324,5000,96791
12,7.27595761418343e-12,5000,96791
13,7.27595761418343e-12,5000,96791
14,7.27595761418343e-12,5000,96791
15,7.27595761418343e-12,5000,96791
16,7.27595761418343e-12,5000,96791
17,7.27595761418343e-12,5000,96791
18,7.27595761418343e-12,5000,96791
19,7.27595761418343e-12,5000,96791
20,7.27595761418343e-12,5000,96791
21,7.27595761418343e-12,5000,96791
22,7.27595761418343e-12,5000,96791
23,-31.3966212512668,5000,96791
1,3.39544688661893e-12,5016,96818
2,3.39544688661893e-12,5016,96818
3,3.39544688661893e-12,5016,96818
4,3.39544688661893e-12,5016,96818
5,3.39544688661893e-12,5016,96818
6,-34.9580558309724,5016,96818
7,3.39544688661893e-12,5016,96818
8,3.39544688661893e-12,5016,96818
9,3.39544688661893e-12,5016,96818
10,3.39544688661893e-12,5016,96818
11,-26.3822040607954,5016,96818
12,3.39544688661893e-12,5016,96818
13,3.39544688661893e-12,5016,96818
14,3.39544688661893e-12,5016,96818
15,3.39544688661893e-12,5016,96818
16,3.39544688661893e-12,5016,96818
17,3.39544688661893e-12,5016,96818
18,3.39544688661893e-12,5016,96818
19,3.39544688661893e-12,5016,96818
20,3.39544688661893e-12,5016,96818
21,3.39544688661893e-12,5016,96818
22,3.39544688661893e-12,5016,96818
23,-61.4309728432806,5016,96818
1,-5.33570225040118e-12,5029,96818
2,-5.33570225040118e-12,5029,96818
3,-5.33570225040118e-12,5029,96818
4,-5.33570225040118e-12,5029,96818
5,-5.33570225040118e-12,5029,96818
6,-5.33570225040118e-12,5029,96818
7,-5.33570225040118e-12,5029,96818
8,-5.33570225040118e-12,5029,96818
9,-5.33570225040118e-12,5029,96818
10,-5.33570225040118e-12,5029,96818
11,-5.33570225040118e-12,5029,96818
12,-5.33570225040118e-12,5029,96818
13,-5.33570225040118e-12,5029,96818
14,-5.33570225040118e-12,5029,96818
15,-5.33570225040118e-12,5029,96818
16,-5.33570225040118e-12,5029,96818
17,-5.33570225040118e-12,5029,96818
18,-5.33570225040118e-12,5029,96818
19,-5.33570225040118e-12,5029,96818
20,-117.877292534324,5029,96818
21,-5.33570225040118e-12,5029,96818
22,-5.33570225040118e-12,5029,96818
23,-117.877292534324,5029,96818
1,-1.94025536378225e-12,5031,96766
2,-1.94025536378225e-12,5031,96766
3,-1.94025536378225e-12,5031,96766
4,-1.94025536378225e-12,5031,96766
5,-1.94025536378225e-12,5031,96766
6,-1.94025536378225e-12,5031,96766
7,-1.94025536378225e-12,5031,96766
8,-1.94025536378225e-12,5031,96766
9,-1.94025536378225e-12,5031,96766
10,-1.94025536378225e-12,5031,96766
11,-1.94025536378225e-12,5031,96766
12,-1.94025536378225e-12,5031,96766
13,-1.94025536378225e-12,5031,96766
14,-285.988936768379,5031,96766
15,-1.94025536378225e-12,5031,96766
16,-1.94025536378225e-12,5031,96766
17,-1.94025536378225e-12,5031,96766
18,-1.94025536378225e-12,5031,96766
19,-1.94025536378225e-12,5031,96766
20,-1.94025536378225e-12,5031,96766
21,-1.94025536378225e-12,5031,96766
22,-1.94025536378225e-12,5031,96766
23,-285.988936917837,5031,96766
1,4.85063840945557e-13,5033,96741
2,4.85063840945557e-13,5033,96741
3,4.85063840945557e-13,5033,96741
4,4.85063840945557e-13,5033,96741
5,4.85063840945557e-13,5033,96741
6,4.85063840945557e-13,5033,96741
7,4.85063840945557e-13,5033,96741
8,4.85063840945557e-13,5033,96741
9,4.85063840945557e-13,5033,96741
10,4.85063840945557e-13,5033,96741
11,4.85063840945557e-13,5033,96741
12,4.85063840945557e-13,5033,96741
13,4.85063840945557e-13,5033,96741
14,-20.328483858367,5033,96741
15,4.85063840945557e-13,5033,96741
16,4.85063840945557e-13,5033,96741
17,4.85063840945557e-13,5033,96741
18,4.85063840945557e-13,5033,96741
19,4.85063840945557e-13,5033,96741
20,4.85063840945557e-13,5033,96741
21,4.85063840945557e-13,5033,96741
22,4.85063840945557e-13,5033,96741
23,-20.328483858367,5033,96741
1,2.4253192047278e-13,6274,96706
2,2.4253192047278e-13,6274,96706
3,2.4253192047278e-13,6274,96706
4,2.4253192047278e-13,6274,96706
5,2.4253192047278e-13,6274,96706
6,2.4253192047278e-13,6274,96706
7,2.4253192047278e-13,6274,96706
8,2.4253192047278e-13,6274,96706
9,2.4253192047278e-13,6274,96706
10,2.4253192047278e-13,6274,96706
11,2.4253192047278e-13,6274,96706
12,2.4253192047278e-13,6274,96706
13,2.4253192047278e-13,6274,96706
14,2.4253192047278e-13,6274,96706
15,2.4253192047278e-13,6274,96706
16,2.4253192047278e-13,6274,96706
17,2.4253192047278e-13,6274,96706
18,2.4253192047278e-13,6274,96706
19,2.4253192047278e-13,6274,96706
20,-26.3350228427417,6274,96706
21,2.4253192047278e-13,6274,96706
22,2.4253192047278e-13,6274,96706
23,-26.3350228427417,6274,96706
1,-6.3058299322923e-12,5039,96722
2,-6.3058299322923e-12,5039,96722
3,-6.3058299322923e-12,5039,96722
4,-6.3058299322923e-12,5039,96722
5,-6.3058299322923e-12,5039,96722
6,-6.3058299322923e-12,5039,96722
7,-6.3058299322923e-12,5039,96722
8,-6.3058299322923e-12,5039,96722
9,-6.3058299322923e-12,5039,96722
10,-23.73375405038,5039,96722
11,-6.3058299322923e-12,5039,96722
12,-6.3058299322923e-12,5039,96722
13,-6.3058299322923e-12,5039,96722
14,-6.3058299322923e-12,5039,96722
15,-6.3058299322923e-12,5039,96722
16,-6.3058299322923e-12,5039,96722
17,-6.3058299322923e-12,5039,96722
18,-6.3058299322923e-12,5039,96722
19,-6.3058299322923e-12,5039,96722
20,-6.3058299322923e-12,5039,96722
21,-6.3058299322923e-12,5039,96722
22,-6.3058299322923e-12,5039,96722
23,-23.73375405038,5039,96722
1,-5.82076609134674e-12,6280,96746
2,-5.82076609134674e-12,6280,96746
3,-124.722209246976,6280,96746
4,-5.82076609134674e-12,6280,96746
5,-5.82076609134674e-12,6280,96746
6,-5.82076609134674e-12,6280,96746
7,-5.82076609134674e-12,6280,96746
8,-5.82076609134674e-12,6280,96746
9,-5.82076609134674e-12,6280,96746
10,-5.82076609134674e-12,6280,96746
11,-5.82076609134674e-12,6280,96746
12,-5.82076609134674e-12,6280,96746
13,-5.82076609134674e-12,6280,96746
14,-5.82076609134674e-12,6280,96746
15,-5.82076609134674e-12,6280,96746
16,-5.82076609134674e-12,6280,96746
17,-5.82076609134674e-12,6280,96746
18,-5.82076609134674e-12,6280,96746
19,-5.82076609134674e-12,6280,96746
20,-5.82076609134674e-12,6280,96746
21,-5.82076609134674e-12,6280,96746
22,-5.82076609134674e-12,6280,96746
23,-124.722209246976,6280,96746
1,-7.76102145512899e-12,5047,96738
2,-7.76102145512899e-12,5047,96738
3,-7.76102145512899e-12,5047,96738
4,-7.76102145512899e-12,5047,96738
5,-7.76102145512899e-12,5047,96738
6,-7.76102145512899e-12,5047,96738
7,-7.76102145512899e-12,5047,96738
8,-7.76102145512899e-12,5047,96738
9,-7.76102145512899e-12,5047,96738
10,-7.76102145512899e-12,5047,96738
11,-7.76102145512899e-12,5047,96738
12,-7.76102145512899e-12,5047,96738
13,-7.76102145512899e-12,5047,96738
14,-7.76102145512899e-12,5047,96738
15,-16.2675631735212,5047,96738
16,-7.76102145512899e-12,5047,96738
17,-7.76102145512899e-12,5047,96738
18,-7.76102145512899e-12,5047,96738
19,-7.76102145512899e-12,5047,96738
20,-7.76102145512899e-12,5047,96738
21,-7.76102145512899e-12,5047,96738
22,-7.76102145512899e-12,5047,96738
23,-16.2675631735212,5047,96738
1,-7.5184895346562e-12,5063,96789
2,-7.5184895346562e-12,5063,96789
3,-7.5184895346562e-12,5063,96789
4,-7.5184895346562e-12,5063,96789
5,-7.5184895346562e-12,5063,96789
6,-7.5184895346562e-12,5063,96789
7,-34.9457393634291,5063,96789
8,-7.5184895346562e-12,5063,96789
9,-7.5184895346562e-12,5063,96789
10,-7.5184895346562e-12,5063,96789
11,-7.5184895346562e-12,5063,96789
12,-7.5184895346562e-12,5063,96789
13,-7.5184895346562e-12,5063,96789
14,-7.5184895346562e-12,5063,96789
15,-7.5184895346562e-12,5063,96789
16,-7.5184895346562e-12,5063,96789
17,-7.5184895346562e-12,5063,96789
18,-7.5184895346562e-12,5063,96789
19,-7.5184895346562e-12,5063,96789
20,-7.5184895346562e-12,5063,96789
21,-7.5184895346562e-12,5063,96789
22,-7.5184895346562e-12,5063,96789
23,-34.9457393634291,5063,96789
1,-8.24608529607455e-12,5064,96744
2,-8.24608529607455e-12,5064,96744
3,-8.24608529607455e-12,5064,96744
4,-8.24608529607455e-12,5064,96744
5,-8.24608529607455e-12,5064,96744
6,-8.24608529607455e-12,5064,96744
7,-8.24608529607455e-12,5064,96744
8,-8.24608529607455e-12,5064,96744
9,-8.24608529607455e-12,5064,96744
10,-8.24608529607455e-12,5064,96744
11,-8.24608529607455e-12,5064,96744
12,-8.24608529607455e-12,5064,96744
13,-12.1603593520752,5064,96744
14,-8.24608529607455e-12,5064,96744
15,-8.24608529607455e-12,5064,96744
16,-8.24608529607455e-12,5064,96744
17,-8.24608529607455e-12,5064,96744
18,-8.24608529607455e-12,5064,96744
19,-8.24608529607455e-12,5064,96744
20,-8.24608529607455e-12,5064,96744
21,-8.24608529607455e-12,5064,96744
22,-8.24608529607455e-12,5064,96744
23,-12.1603593520752,5064,96744
1,5.33570225040118e-12,5070,96795
2,5.33570225040118e-12,5070,96795
3,-23.1258742838956,5070,96795
4,5.33570225040118e-12,5070,96795
5,5.33570225040118e-12,5070,96795
6,5.33570225040118e-12,5070,96795
7,5.33570225040118e-12,5070,96795
8,5.33570225040118e-12,5070,96795
9,5.33570225040118e-12,5070,96795
10,5.33570225040118e-12,5070,96795
11,5.33570225040118e-12,5070,96795
12,5.33570225040118e-12,5070,96795
13,5.33570225040118e-12,5070,96795
14,5.33570225040118e-12,5070,96795
15,5.33570225040118e-12,5070,96795
16,5.33570225040118e-12,5070,96795
17,5.33570225040118e-12,5070,96795
18,5.33570225040118e-12,5070,96795
19,5.33570225040118e-12,5070,96795
20,5.33570225040118e-12,5070,96795
21,5.33570225040118e-12,5070,96795
22,5.33570225040118e-12,5070,96795
23,-23.1258742873741,5070,96795
1,-5.33570225040118e-12,6292,96754
2,-5.33570225040118e-12,6292,96754
3,-5.33570225040118e-12,6292,96754
4,-5.33570225040118e-12,6292,96754
5,-5.33570225040118e-12,6292,96754
6,-32.952328445114,6292,96754
7,-5.33570225040118e-12,6292,96754
8,-5.33570225040118e-12,6292,96754
9,-5.33570225040118e-12,6292,96754
10,-5.33570225040118e-12,6292,96754
11,-5.33570225040118e-12,6292,96754
12,-5.33570225040118e-12,6292,96754
13,-5.33570225040118e-12,6292,96754
14,-5.33570225040118e-12,6292,96754
15,-5.33570225040118e-12,6292,96754
16,-5.33570225040118e-12,6292,96754
17,-5.33570225040118e-12,6292,96754
18,-5.33570225040118e-12,6292,96754
19,-5.33570225040118e-12,6292,96754
20,-5.33570225040118e-12,6292,96754
21,-5.33570225040118e-12,6292,96754
22,-5.33570225040118e-12,6292,96754
23,-32.9523284580447,6292,96754
1,-5.33570225040118e-12,5079,96734
2,-5.33570225040118e-12,5079,96734
3,-5.33570225040118e-12,5079,96734
4,-5.33570225040118e-12,5079,96734
5,-5.33570225040118e-12,5079,96734
6,-32.9523284580447,5079,96734
7,-5.33570225040118e-12,5079,96734
8,-5.33570225040118e-12,5079,96734
9,-5.33570225040118e-12,5079,96734
10,-5.33570225040118e-12,5079,96734
11,-5.33570225040118e-12,5079,96734
12,-5.33570225040118e-12,5079,96734
13,-5.33570225040118e-12,5079,96734
14,-5.33570225040118e-12,5079,96734
15,-5.33570225040118e-12,5079,96734
16,-5.33570225040118e-12,5079,96734
17,-5.33570225040118e-12,5079,96734
18,-5.33570225040118e-12,5079,96734
19,-5.33570225040118e-12,5079,96734
20,-5.33570225040118e-12,5079,96734
21,-5.33570225040118e-12,5079,96734
22,-5.33570225040118e-12,5079,96734
23,-32.9523284580447,5079,96734
1,-1.16415321826935e-11,5084,96789
2,-1.16415321826935e-11,5084,96789
3,-1.16415321826935e-11,5084,96789
4,-1.16415321826935e-11,5084,96789
5,-1.16415321826935e-11,5084,96789
6,-1.16415321826935e-11,5084,96789
7,-1.16415321826935e-11,5084,96789
8,-1.16415321826935e-11,5084,96789
9,-1.16415321826935e-11,5084,96789
10,-1.16415321826935e-11,5084,96789
11,-1.16415321826935e-11,5084,96789
12,-1.16415321826935e-11,5084,96789
13,-1.16415321826935e-11,5084,96789
14,-34.5858932972478,5084,96789
15,-1.16415321826935e-11,5084,96789
16,-1.16415321826935e-11,5084,96789
17,-1.16415321826935e-11,5084,96789
18,-1.16415321826935e-11,5084,96789
19,-1.16415321826935e-11,5084,96789
20,-1.16415321826935e-11,5084,96789
21,-1.16415321826935e-11,5084,96789
22,-1.16415321826935e-11,5084,96789
23,-34.5858932972478,5084,96789
1,-2.42531920472781e-12,6298,96818
2,-2.42531920472781e-12,6298,96818
3,-2.42531920472781e-12,6298,96818
4,-2.42531920472781e-12,6298,96818
5,-2.42531920472781e-12,6298,96818
6,-2.42531920472781e-12,6298,96818
7,-2.42531920472781e-12,6298,96818
8,-2.42531920472781e-12,6298,96818
9,-2.42531920472781e-12,6298,96818
10,-2.42531920472781e-12,6298,96818
11,-17.9045947534265,6298,96818
12,-2.42531920472781e-12,6298,96818
13,-2.42531920472781e-12,6298,96818
14,-2.42531920472781e-12,6298,96818
15,-2.42531920472781e-12,6298,96818
16,-2.42531920472781e-12,6298,96818
17,-2.42531920472781e-12,6298,96818
18,-2.42531920472781e-12,6298,96818
19,-2.42531920472781e-12,6298,96818
20,-2.42531920472781e-12,6298,96818
21,-2.42531920472781e-12,6298,96818
22,-2.42531920472781e-12,6298,96818
23,-17.9045947534265,6298,96818
1,-1.94025536378225e-12,5114,96822
2,-1.94025536378225e-12,5114,96822
3,-1.94025536378225e-12,5114,96822
4,-1.94025536378225e-12,5114,96822
5,-1.94025536378225e-12,5114,96822
6,-25.4176179652733,5114,96822
7,-1.94025536378225e-12,5114,96822
8,-1.94025536378225e-12,5114,96822
9,-1.94025536378225e-12,5114,96822
10,-1.94025536378225e-12,5114,96822
11,-1.94025536378225e-12,5114,96822
12,-1.94025536378225e-12,5114,96822
13,-1.94025536378225e-12,5114,96822
14,-1.94025536378225e-12,5114,96822
15,-1.94025536378225e-12,5114,96822
16,-1.94025536378225e-12,5114,96822
17,-1.94025536378225e-12,5114,96822
18,-1.94025536378225e-12,5114,96822
19,-1.94025536378225e-12,5114,96822
20,-1.94025536378225e-12,5114,96822
21,-1.94025536378225e-12,5114,96822
22,-1.94025536378225e-12,5114,96822
23,-25.4176179652733,5114,96822
1,-1.60071067512035e-11,5116,96741
2,-1.60071067512035e-11,5116,96741
3,-1.60071067512035e-11,5116,96741
4,-1.60071067512035e-11,5116,96741
5,-1.60071067512035e-11,5116,96741
6,-1.60071067512035e-11,5116,96741
7,-1.60071067512035e-11,5116,96741
8,-1.60071067512035e-11,5116,96741
9,-1.60071067512035e-11,5116,96741
10,-1.60071067512035e-11,5116,96741
11,-1.60071067512035e-11,5116,96741
12,-1.60071067512035e-11,5116,96741
13,-1.60071067512035e-11,5116,96741
14,-26.2325059965103,5116,96741
15,-1.60071067512035e-11,5116,96741
16,-1.60071067512035e-11,5116,96741
17,-1.60071067512035e-11,5116,96741
18,-1.60071067512035e-11,5116,96741
19,-1.60071067512035e-11,5116,96741
20,-1.60071067512035e-11,5116,96741
21,-1.60071067512035e-11,5116,96741
22,-1.60071067512035e-11,5116,96741
23,-26.2325059965103,5116,96741
1,-4.85063840945562e-12,5117,96743
2,-4.85063840945562e-12,5117,96743
3,-4.85063840945562e-12,5117,96743
4,-4.85063840945562e-12,5117,96743
5,-4.85063840945562e-12,5117,96743
6,-4.85063840945562e-12,5117,96743
7,-4.85063840945562e-12,5117,96743
8,-4.85063840945562e-12,5117,96743
9,-4.85063840945562e-12,5117,96743
10,-4.85063840945562e-12,5117,96743
11,-4.85063840945562e-12,5117,96743
12,-4.85063840945562e-12,5117,96743
13,-4.85063840945562e-12,5117,96743
14,-19.97758128102,5117,96743
15,-4.85063840945562e-12,5117,96743
16,-4.85063840945562e-12,5117,96743
17,-4.85063840945562e-12,5117,96743
18,-4.85063840945562e-12,5117,96743
19,-4.85063840945562e-12,5117,96743
20,-4.85063840945562e-12,5117,96743
21,-4.85063840945562e-12,5117,96743
22,-4.85063840945562e-12,5117,96743
23,-19.97758128102,5117,96743
1,0,5125,96706
2,0,5125,96706
3,0,5125,96706
4,0,5125,96706
5,0,5125,96706
6,0,5125,96706
7,0,5125,96706
8,0,5125,96706
9,0,5125,96706
10,0,5125,96706
11,0,5125,96706
12,0,5125,96706
13,0,5125,96706
14,0,5125,96706
15,0,5125,96706
16,0,5125,96706
17,-29.2069257018321,5125,96706
18,0,5125,96706
19,0,5125,96706
20,0,5125,96706
21,0,5125,96706
22,0,5125,96706
23,-29.2069257018321,5125,96706
1,-9.21621297796568e-12,5135,96734
2,-35.0583676020008,5135,96734
3,-9.21621297796568e-12,5135,96734
4,-9.21621297796568e-12,5135,96734
5,-9.21621297796568e-12,5135,96734
6,-9.21621297796568e-12,5135,96734
7,-9.21621297796568e-12,5135,96734
8,-9.21621297796568e-12,5135,96734
9,-9.21621297796568e-12,5135,96734
10,-9.21621297796568e-12,5135,96734
11,-9.21621297796568e-12,5135,96734
12,-9.21621297796568e-12,5135,96734
13,-9.21621297796568e-12,5135,96734
14,-9.21621297796568e-12,5135,96734
15,-9.21621297796568e-12,5135,96734
16,-9.21621297796568e-12,5135,96734
17,-9.21621297796568e-12,5135,96734
18,-9.21621297796568e-12,5135,96734
19,-9.21621297796568e-12,5135,96734
20,-9.21621297796568e-12,5135,96734
21,-9.21621297796568e-12,5135,96734
22,-9.21621297796568e-12,5135,96734
23,-35.0583676020008,5135,96734
1,-9.70127681891127e-13,5145,96817
2,-9.70127681891127e-13,5145,96817
3,-9.70127681891127e-13,5145,96817
4,-9.70127681891127e-13,5145,96817
5,-9.70127681891127e-13,5145,96817
6,-9.70127681891127e-13,5145,96817
7,-9.70127681891127e-13,5145,96817
8,-9.70127681891127e-13,5145,96817
9,-9.70127681891127e-13,5145,96817
10,-9.70127681891127e-13,5145,96817
11,-9.70127681891127e-13,5145,96817
12,-9.70127681891127e-13,5145,96817
13,-9.70127681891127e-13,5145,96817
14,-21.1107000113664,5145,96817
15,-9.70127681891127e-13,5145,96817
16,-9.70127681891127e-13,5145,96817
17,-9.70127681891127e-13,5145,96817
18,-9.70127681891127e-13,5145,96817
19,-9.70127681891127e-13,5145,96817
20,-9.70127681891127e-13,5145,96817
21,-9.70127681891127e-13,5145,96817
22,-9.70127681891127e-13,5145,96817
23,-21.1107000113664,5145,96817
1,-2.91038304567337e-12,6314,96714
2,-2.91038304567337e-12,6314,96714
3,-2.91038304567337e-12,6314,96714
4,-2.91038304567337e-12,6314,96714
5,-2.91038304567337e-12,6314,96714
6,-2.91038304567337e-12,6314,96714
7,-2.91038304567337e-12,6314,96714
8,-2.91038304567337e-12,6314,96714
9,-2.91038304567337e-12,6314,96714
10,-2.91038304567337e-12,6314,96714
11,-2.91038304567337e-12,6314,96714
12,-2.91038304567337e-12,6314,96714
13,-2.91038304567337e-12,6314,96714
14,-2.91038304567337e-12,6314,96714
15,-19.3714566095708,6314,96714
16,-2.91038304567337e-12,6314,96714
17,-18.7896304291477,6314,96714
18,-2.91038304567337e-12,6314,96714
19,-2.91038304567337e-12,6314,96714
20,-2.91038304567337e-12,6314,96714
21,-2.91038304567337e-12,6314,96714
22,-2.91038304567337e-12,6314,96714
23,-38.2435839304817,6314,96714
